-- phpMyAdmin SQL Dump
-- version 4.9.7
-- https://www.phpmyadmin.net/
--
-- Host: localhost
-- Generation Time: Jan 20, 2023 at 10:49 PM
-- Server version: 5.7.21-20-beget-5.7.21-20-1-log
-- PHP Version: 5.6.40

SET SQL_MODE = "NO_AUTO_VALUE_ON_ZERO";
SET AUTOCOMMIT = 0;
START TRANSACTION;
SET time_zone = "+00:00";


/*!40101 SET @OLD_CHARACTER_SET_CLIENT=@@CHARACTER_SET_CLIENT */;
/*!40101 SET @OLD_CHARACTER_SET_RESULTS=@@CHARACTER_SET_RESULTS */;
/*!40101 SET @OLD_COLLATION_CONNECTION=@@COLLATION_CONNECTION */;
/*!40101 SET NAMES utf8mb4 */;

--
-- Database: `rocky0u0_django3`
--

-- --------------------------------------------------------

--
-- Table structure for table `auth_group`
--
-- Creation: Nov 01, 2022 at 09:43 AM
--

DROP TABLE IF EXISTS `auth_group`;
CREATE TABLE `auth_group` (
  `id` int(11) NOT NULL,
  `name` varchar(150) NOT NULL
) ENGINE=InnoDB DEFAULT CHARSET=utf8;

-- --------------------------------------------------------

--
-- Table structure for table `auth_group_permissions`
--
-- Creation: Nov 01, 2022 at 09:43 AM
--

DROP TABLE IF EXISTS `auth_group_permissions`;
CREATE TABLE `auth_group_permissions` (
  `id` bigint(20) NOT NULL,
  `group_id` int(11) NOT NULL,
  `permission_id` int(11) NOT NULL
) ENGINE=InnoDB DEFAULT CHARSET=utf8;

-- --------------------------------------------------------

--
-- Table structure for table `auth_permission`
--
-- Creation: Nov 01, 2022 at 09:43 AM
--

DROP TABLE IF EXISTS `auth_permission`;
CREATE TABLE `auth_permission` (
  `id` int(11) NOT NULL,
  `name` varchar(255) NOT NULL,
  `content_type_id` int(11) NOT NULL,
  `codename` varchar(100) NOT NULL
) ENGINE=InnoDB DEFAULT CHARSET=utf8;

--
-- Dumping data for table `auth_permission`
--

INSERT INTO `auth_permission` (`id`, `name`, `content_type_id`, `codename`) VALUES
(1, 'Can add log entry', 1, 'add_logentry'),
(2, 'Can change log entry', 1, 'change_logentry'),
(3, 'Can delete log entry', 1, 'delete_logentry'),
(4, 'Can view log entry', 1, 'view_logentry'),
(5, 'Can add permission', 2, 'add_permission'),
(6, 'Can change permission', 2, 'change_permission'),
(7, 'Can delete permission', 2, 'delete_permission'),
(8, 'Can view permission', 2, 'view_permission'),
(9, 'Can add group', 3, 'add_group'),
(10, 'Can change group', 3, 'change_group'),
(11, 'Can delete group', 3, 'delete_group'),
(12, 'Can view group', 3, 'view_group'),
(13, 'Can add content type', 4, 'add_contenttype'),
(14, 'Can change content type', 4, 'change_contenttype'),
(15, 'Can delete content type', 4, 'delete_contenttype'),
(16, 'Can view content type', 4, 'view_contenttype'),
(17, 'Can add session', 5, 'add_session'),
(18, 'Can change session', 5, 'change_session'),
(19, 'Can delete session', 5, 'delete_session'),
(20, 'Can view session', 5, 'view_session'),
(21, 'Can add Колір', 6, 'add_attributecolor'),
(22, 'Can change Колір', 6, 'change_attributecolor'),
(23, 'Can delete Колір', 6, 'delete_attributecolor'),
(24, 'Can view Колір', 6, 'view_attributecolor'),
(25, 'Can add Категорія', 7, 'add_category'),
(26, 'Can change Категорія', 7, 'change_category'),
(27, 'Can delete Категорія', 7, 'delete_category'),
(28, 'Can view Категорія', 7, 'view_category'),
(29, 'Can add Колір', 8, 'add_color'),
(30, 'Can change Колір', 8, 'change_color'),
(31, 'Can delete Колір', 8, 'delete_color'),
(32, 'Can view Колір', 8, 'view_color'),
(33, 'Can add Країна', 9, 'add_country'),
(34, 'Can change Країна', 9, 'change_country'),
(35, 'Can delete Країна', 9, 'delete_country'),
(36, 'Can view Країна', 9, 'view_country'),
(37, 'Can add Валюта', 10, 'add_currency'),
(38, 'Can change Валюта', 10, 'change_currency'),
(39, 'Can delete Валюта', 10, 'delete_currency'),
(40, 'Can view Валюта', 10, 'view_currency'),
(41, 'Can add Вартість доставки', 11, 'add_delivery'),
(42, 'Can change Вартість доставки', 11, 'change_delivery'),
(43, 'Can delete Вартість доставки', 11, 'delete_delivery'),
(44, 'Can view Вартість доставки', 11, 'view_delivery'),
(45, 'Can add Бренд', 12, 'add_manufacturer'),
(46, 'Can change Бренд', 12, 'change_manufacturer'),
(47, 'Can delete Бренд', 12, 'delete_manufacturer'),
(48, 'Can view Бренд', 12, 'view_manufacturer'),
(49, 'Can add Розмір', 13, 'add_size'),
(50, 'Can change Розмір', 13, 'change_size'),
(51, 'Can delete Розмір', 13, 'delete_size'),
(52, 'Can view Розмір', 13, 'view_size'),
(53, 'Can add Статуc', 14, 'add_status'),
(54, 'Can change Статуc', 14, 'change_status'),
(55, 'Can delete Статуc', 14, 'delete_status'),
(56, 'Can view Статуc', 14, 'view_status'),
(57, 'Can add Тег', 15, 'add_tag'),
(58, 'Can change Тег', 15, 'change_tag'),
(59, 'Can delete Тег', 15, 'delete_tag'),
(60, 'Can view Тег', 15, 'view_tag'),
(61, 'Can add Товар', 16, 'add_product'),
(62, 'Can change Товар', 16, 'change_product'),
(63, 'Can delete Товар', 16, 'delete_product'),
(64, 'Can view Товар', 16, 'view_product'),
(65, 'Can add Банер', 17, 'add_banner'),
(66, 'Can change Банер', 17, 'change_banner'),
(67, 'Can delete Банер', 17, 'delete_banner'),
(68, 'Can view Банер', 17, 'view_banner'),
(69, 'Can add Розмір', 18, 'add_attributesize'),
(70, 'Can change Розмір', 18, 'change_attributesize'),
(71, 'Can delete Розмір', 18, 'delete_attributesize'),
(72, 'Can view Розмір', 18, 'view_attributesize'),
(73, 'Can add Фото різновиду', 19, 'add_attributecolorimage'),
(74, 'Can change Фото різновиду', 19, 'change_attributecolorimage'),
(75, 'Can delete Фото різновиду', 19, 'delete_attributecolorimage'),
(76, 'Can view Фото різновиду', 19, 'view_attributecolorimage'),
(77, 'Can add Вподобання', 20, 'add_favorite'),
(78, 'Can change Вподобання', 20, 'change_favorite'),
(79, 'Can delete Вподобання', 20, 'delete_favorite'),
(80, 'Can view Вподобання', 20, 'view_favorite'),
(81, 'Can add Товари в корзині', 21, 'add_productinbasket'),
(82, 'Can change Товари в корзині', 21, 'change_productinbasket'),
(83, 'Can delete Товари в корзині', 21, 'delete_productinbasket'),
(84, 'Can view Товари в корзині', 21, 'view_productinbasket'),
(85, 'Can add user', 22, 'add_user'),
(86, 'Can change user', 22, 'change_user'),
(87, 'Can delete user', 22, 'delete_user'),
(88, 'Can view user', 22, 'view_user'),
(89, 'Can add payment method', 23, 'add_paymentmethod'),
(90, 'Can change payment method', 23, 'change_paymentmethod'),
(91, 'Can delete payment method', 23, 'delete_paymentmethod'),
(92, 'Can view payment method', 23, 'view_paymentmethod'),
(93, 'Can add goods in the order', 24, 'add_goodsintheorder'),
(94, 'Can change goods in the order', 24, 'change_goodsintheorder'),
(95, 'Can delete goods in the order', 24, 'delete_goodsintheorder'),
(96, 'Can view goods in the order', 24, 'view_goodsintheorder'),
(97, 'Can add Order', 25, 'add_order'),
(98, 'Can change Order', 25, 'change_order'),
(99, 'Can delete Order', 25, 'delete_order'),
(100, 'Can view Order', 25, 'view_order'),
(101, 'Can add Status', 26, 'add_status'),
(102, 'Can change Status', 26, 'change_status'),
(103, 'Can delete Status', 26, 'delete_status'),
(104, 'Can view Status', 26, 'view_status'),
(105, 'Can add promo code', 27, 'add_promocode'),
(106, 'Can change promo code', 27, 'change_promocode'),
(107, 'Can delete promo code', 27, 'delete_promocode'),
(108, 'Can view promo code', 27, 'view_promocode'),
(109, 'Can add email for news', 28, 'add_emailfornews'),
(110, 'Can change email for news', 28, 'change_emailfornews'),
(111, 'Can delete email for news', 28, 'delete_emailfornews'),
(112, 'Can view email for news', 28, 'view_emailfornews'),
(113, 'Can add reviews', 29, 'add_reviews'),
(114, 'Can change reviews', 29, 'change_reviews'),
(115, 'Can delete reviews', 29, 'delete_reviews'),
(116, 'Can view reviews', 29, 'view_reviews'),
(117, 'Can add Category', 30, 'add_category'),
(118, 'Can change Category', 30, 'change_category'),
(119, 'Can delete Category', 30, 'delete_category'),
(120, 'Can view Category', 30, 'view_category'),
(121, 'Can add News', 31, 'add_news'),
(122, 'Can change News', 31, 'change_news'),
(123, 'Can delete News', 31, 'delete_news'),
(124, 'Can view News', 31, 'view_news'),
(125, 'Can add captcha store', 32, 'add_captchastore'),
(126, 'Can change captcha store', 32, 'change_captchastore'),
(127, 'Can delete captcha store', 32, 'delete_captchastore'),
(128, 'Can view captcha store', 32, 'view_captchastore'),
(129, 'Can add default varieties', 33, 'add_defaultvarieties'),
(130, 'Can change default varieties', 33, 'change_defaultvarieties'),
(131, 'Can delete default varieties', 33, 'delete_defaultvarieties'),
(132, 'Can view default varieties', 33, 'view_defaultvarieties');

-- --------------------------------------------------------

--
-- Table structure for table `basket_productinbasket`
--
-- Creation: Nov 21, 2022 at 05:25 AM
-- Last update: Jan 20, 2023 at 04:29 PM
--

DROP TABLE IF EXISTS `basket_productinbasket`;
CREATE TABLE `basket_productinbasket` (
  `id` bigint(20) NOT NULL,
  `user_authenticated` varchar(128) DEFAULT NULL,
  `nmb` int(11) NOT NULL,
  `price_per_item` decimal(10,0) NOT NULL,
  `total_price` decimal(10,0) NOT NULL,
  `is_active` tinyint(1) NOT NULL,
  `created` datetime(6) NOT NULL,
  `updated` datetime(6) NOT NULL,
  `color_id` bigint(20) DEFAULT NULL,
  `product_id` bigint(20) DEFAULT NULL,
  `size_id` bigint(20) DEFAULT NULL
) ENGINE=InnoDB DEFAULT CHARSET=utf8;

--
-- Dumping data for table `basket_productinbasket`
--

INSERT INTO `basket_productinbasket` (`id`, `user_authenticated`, `nmb`, `price_per_item`, `total_price`, `is_active`, `created`, `updated`, `color_id`, `product_id`, `size_id`) VALUES
(23, 'h6kc14x2dv5yy2m3skigwnz16mkz9bbu', 1, '899', '899', 1, '2022-11-25 05:28:23.932721', '2022-11-25 05:28:23.932721', 18, 14, 135),
(118, 'rocky01396@gmail.com', 1, '539', '539', 1, '2022-12-17 15:09:45.533767', '2022-12-17 15:09:45.533788', 16, 13, 49),
(119, 'rocky01396@gmail.com', 1, '539', '539', 1, '2022-12-18 14:00:19.996893', '2022-12-18 14:00:19.996918', 17, 13, 53),
(130, 'q@gmail.com', 1, '779', '779', 1, '2023-01-17 11:13:29.491234', '2023-01-17 11:13:29.491323', 40, 25, 122),
(131, '3hfymqk3fe5tqjynfw8arpxnah2jtp1u', 1, '767', '767', 1, '2023-01-20 14:01:56.330082', '2023-01-20 14:01:56.330108', 40, 25, 122),
(132, '3hfymqk3fe5tqjynfw8arpxnah2jtp1u', 1, '899', '899', 1, '2023-01-20 14:02:19.403262', '2023-01-20 14:02:19.403293', 18, 14, 135);

-- --------------------------------------------------------

--
-- Table structure for table `captcha_captchastore`
--
-- Creation: Nov 01, 2022 at 09:44 AM
-- Last update: Jan 20, 2023 at 05:43 PM
--

DROP TABLE IF EXISTS `captcha_captchastore`;
CREATE TABLE `captcha_captchastore` (
  `id` int(11) NOT NULL,
  `challenge` varchar(32) NOT NULL,
  `response` varchar(32) NOT NULL,
  `hashkey` varchar(40) NOT NULL,
  `expiration` datetime(6) NOT NULL
) ENGINE=InnoDB DEFAULT CHARSET=utf8;

--
-- Dumping data for table `captcha_captchastore`
--

INSERT INTO `captcha_captchastore` (`id`, `challenge`, `response`, `hashkey`, `expiration`) VALUES
(3, '2+7=', '9', '8cb3814ff2c8d61f7fc37e2d380c2b86de670b27', '2023-01-20 16:34:33.907252'),
(6, '7-3=', '4', 'cdf01d1df8da70bb31d8f587f041266ef95b106e', '2023-01-20 17:48:53.140765');

-- --------------------------------------------------------

--
-- Table structure for table `django_admin_log`
--
-- Creation: Nov 01, 2022 at 09:43 AM
--

DROP TABLE IF EXISTS `django_admin_log`;
CREATE TABLE `django_admin_log` (
  `id` int(11) NOT NULL,
  `action_time` datetime(6) NOT NULL,
  `object_id` longtext,
  `object_repr` varchar(200) NOT NULL,
  `action_flag` smallint(5) UNSIGNED NOT NULL,
  `change_message` longtext NOT NULL,
  `content_type_id` int(11) DEFAULT NULL,
  `user_id` bigint(20) NOT NULL
) ENGINE=InnoDB DEFAULT CHARSET=utf8;

--
-- Dumping data for table `django_admin_log`
--

INSERT INTO `django_admin_log` (`id`, `action_time`, `object_id`, `object_repr`, `action_flag`, `change_message`, `content_type_id`, `user_id`) VALUES
(1, '2022-10-16 14:00:20.215000', '2', 'AUTUMN 2022 COMPAIGN', 2, '[{\"changed\": {\"fields\": [\"Is active\"]}}]', 15, 1),
(2, '2022-10-17 05:28:36.028000', '1', 'rocky01396@gmail.com', 2, '[{\"changed\": {\"fields\": [\"\\u041c\\u0456\\u0441\\u0442\\u043e\"]}}]', 22, 1),
(3, '2022-10-17 05:35:44.613000', '1', 'ОлегЦинковський', 2, '[{\"changed\": {\"fields\": [\"First name\", \"Last name\"]}}]', 22, 1),
(4, '2022-10-17 05:59:02.858000', '2', 'dp131196tov@gmail.com', 1, '[{\"added\": {}}]', 22, 1),
(5, '2022-10-17 06:05:32.555000', '2', 'dp131196tov@gmail.com', 2, '[{\"changed\": {\"fields\": [\"\\u0414\\u0430\\u0442\\u0430 \\u043d\\u0430\\u0440\\u043e\\u0434\\u0436\\u0435\\u043d\\u043d\\u044f\"]}}]', 22, 1),
(6, '2022-10-17 06:09:14.333000', '2', 'Serg ', 2, '[{\"changed\": {\"fields\": [\"First name\"]}}]', 22, 1),
(7, '2022-10-18 11:08:07.815000', '19', 'Віскозне стильне плаття', 3, '', 21, 1),
(8, '2022-10-18 11:08:07.821000', '18', 'Гладка сукня міні', 3, '', 21, 1),
(9, '2022-10-18 11:08:07.827000', '17', 'Віскозне стильне плаття', 3, '', 21, 1),
(10, '2022-10-18 11:08:07.832000', '16', 'Віскозне плаття', 3, '', 21, 1),
(11, '2022-10-18 11:08:07.837000', '15', 'Кофта з ворсистого трикотажу', 3, '', 21, 1),
(12, '2022-10-18 11:08:07.843000', '14', 'Віскозне стильне плаття', 3, '', 21, 1),
(13, '2022-10-18 11:08:07.849000', '13', 'Трикотажна водолазка', 3, '', 21, 1),
(14, '2022-10-18 11:08:07.854000', '12', 'Кофта з ворсистого трикотажу', 3, '', 21, 1),
(15, '2022-10-18 11:08:07.861000', '11', 'Водолазка з трикотажу в рубчик', 3, '', 21, 1),
(16, '2022-10-18 11:08:07.866000', '10', 'Віскозне стильне плаття', 3, '', 21, 1),
(17, '2022-10-18 11:08:07.871000', '9', 'Гладка сукня міні', 3, '', 21, 1),
(18, '2022-10-18 11:08:07.877000', '8', 'Кофта з ворсистого трикотажу', 3, '', 21, 1),
(19, '2022-10-18 11:08:07.882000', '7', 'Віскозне плаття', 3, '', 21, 1),
(20, '2022-10-18 11:08:07.887000', '6', 'Віскозне стильне плаття', 3, '', 21, 1),
(21, '2022-10-18 11:08:07.892000', '5', 'Бавовняний жилет', 3, '', 21, 1),
(22, '2022-10-18 11:08:07.897000', '4', 'Віскозне плаття', 3, '', 21, 1),
(23, '2022-10-18 11:08:07.901000', '3', 'Віскозне стильне плаття', 3, '', 21, 1),
(24, '2022-10-18 11:08:07.907000', '2', 'Віскозне плаття', 3, '', 21, 1),
(25, '2022-10-18 11:08:07.912000', '1', 'Віскозне плаття', 3, '', 21, 1),
(26, '2022-10-18 14:20:35.879000', '4', 'Відмінений', 3, '', 14, 1),
(27, '2022-10-18 14:20:35.887000', '3', 'Завершений', 3, '', 14, 1),
(28, '2022-10-18 14:20:35.892000', '2', 'В роботі', 3, '', 14, 1),
(29, '2022-10-18 14:20:35.897000', '1', 'Новий', 3, '', 14, 1),
(30, '2022-10-18 14:22:39.619000', '1', 'USD', 2, '[{\"changed\": {\"fields\": [\"Title\"]}}]', 10, 1),
(31, '2022-10-18 14:48:59.067000', '1', 'New', 1, '[{\"added\": {}}]', 26, 1),
(32, '2022-10-18 14:49:41.549000', '1', 'PaymentMethod object (1)', 1, '[{\"added\": {}}]', 23, 1),
(33, '2022-10-18 14:50:32.200000', '2', 'PaymentMethod object (2)', 1, '[{\"added\": {}}]', 23, 1),
(34, '2022-10-18 14:52:34.012000', '1', '1', 1, '[{\"added\": {}}, {\"added\": {\"name\": \"goods in the order\", \"object\": \"\\u041c\\u0456\\u0434\\u0456\\u0441\\u043f\\u0456\\u0434\\u043d\\u0438\\u0446\\u044f\"}}]', 25, 1),
(35, '2022-10-18 14:53:31.621000', '2', 'Сash upon receipt', 2, '[{\"changed\": {\"fields\": [\"Title\"]}}]', 23, 1),
(36, '2022-10-18 14:55:36.510000', '1', '1', 2, '[{\"changed\": {\"name\": \"goods in the order\", \"object\": \"\\u041c\\u0456\\u0434\\u0456\\u0441\\u043f\\u0456\\u0434\\u043d\\u0438\\u0446\\u044f\", \"fields\": [\"Nmb\"]}}]', 25, 1),
(37, '2022-10-19 06:55:11.772000', '3', 'Paypal', 1, '[{\"added\": {}}]', 23, 1),
(38, '2022-10-19 06:55:20.284000', '4', 'Bank Transfer', 1, '[{\"added\": {}}]', 23, 1),
(39, '2022-10-19 06:55:25.853000', '1', 'Сard', 3, '', 23, 1),
(40, '2022-10-19 06:55:41.898000', '5', 'Direct Check', 1, '[{\"added\": {}}]', 23, 1),
(41, '2022-10-19 14:36:00.481000', '2', '2', 1, '[{\"added\": {}}]', 25, 1),
(42, '2022-10-20 04:34:36.112000', '18', '18', 2, '[{\"added\": {\"name\": \"goods in the order\", \"object\": \"\\u041f\\u0456\\u0436\\u0430\\u043c\\u043d\\u0438\\u0439 \\u043a\\u043e\\u043c\\u043f\\u043b\\u0435\\u043a\\u0442 \\u0456\\u0437 \\u0434\\u0432\\u043e\\u0445 \\u043f\\u0440\\u0435\\u0434\\u043c\\u0435\\u0442\\u0456\\u0432\"}}, {\"changed\": {\"name\": \"goods in the order\", \"object\": \"\\u0411\\u0430\\u0432\\u043e\\u0432\\u043d\\u044f\\u043d\\u0438\\u0439 \\u0436\\u0438\\u043b\\u0435\\u0442\", \"fields\": [\"Nmb\"]}}]', 25, 1),
(43, '2022-10-20 04:36:48.075000', '18', '18', 2, '[{\"deleted\": {\"name\": \"goods in the order\", \"object\": \"\\u0412\\u0456\\u0441\\u043a\\u043e\\u0437\\u043d\\u0435 \\u043f\\u043b\\u0430\\u0442\\u0442\\u044f\"}}, {\"deleted\": {\"name\": \"goods in the order\", \"object\": \"\\u0411\\u0430\\u0432\\u043e\\u0432\\u043d\\u044f\\u043d\\u0438\\u0439 \\u0436\\u0438\\u043b\\u0435\\u0442\"}}, {\"deleted\": {\"name\": \"goods in the order\", \"object\": \"\\u041f\\u0456\\u0436\\u0430\\u043c\\u043d\\u0438\\u0439 \\u043a\\u043e\\u043c\\u043f\\u043b\\u0435\\u043a\\u0442 \\u0456\\u0437 \\u0434\\u0432\\u043e\\u0445 \\u043f\\u0440\\u0435\\u0434\\u043c\\u0435\\u0442\\u0456\\u0432\"}}]', 25, 1),
(44, '2022-10-20 04:38:28.055000', '18', '18', 2, '[{\"added\": {\"name\": \"goods in the order\", \"object\": \"\\u041f\\u0456\\u0436\\u0430\\u043c\\u043d\\u0438\\u0439 \\u043a\\u043e\\u043c\\u043f\\u043b\\u0435\\u043a\\u0442 \\u0456\\u0437 \\u0434\\u0432\\u043e\\u0445 \\u043f\\u0440\\u0435\\u0434\\u043c\\u0435\\u0442\\u0456\\u0432\"}}]', 25, 1),
(45, '2022-10-20 04:39:35.727000', '18', '18', 2, '[{\"deleted\": {\"name\": \"goods in the order\", \"object\": \"\\u0412\\u0456\\u0441\\u043a\\u043e\\u0437\\u043d\\u0435 \\u0441\\u0442\\u0438\\u043b\\u044c\\u043d\\u0435 \\u043f\\u043b\\u0430\\u0442\\u0442\\u044f\"}}, {\"deleted\": {\"name\": \"goods in the order\", \"object\": \"\\u041f\\u0456\\u0436\\u0430\\u043c\\u043d\\u0438\\u0439 \\u043a\\u043e\\u043c\\u043f\\u043b\\u0435\\u043a\\u0442 \\u0456\\u0437 \\u0434\\u0432\\u043e\\u0445 \\u043f\\u0440\\u0435\\u0434\\u043c\\u0435\\u0442\\u0456\\u0432\"}}]', 25, 1),
(46, '2022-10-20 04:40:10.737000', '18', '18', 2, '[{\"added\": {\"name\": \"goods in the order\", \"object\": \"\\u0414\\u0436\\u0435\\u043c\\u043f\\u0435\\u0440 \\u0456\\u0437 \\u043d\\u0430\\u043f\\u0438\\u0441\\u043e\\u043c\"}}, {\"added\": {\"name\": \"goods in the order\", \"object\": \"\\u0422\\u0440\\u0438\\u043a\\u043e\\u0442\\u0430\\u0436\\u043d\\u0430 \\u0432\\u043e\\u0434\\u043e\\u043b\\u0430\\u0437\\u043a\\u0430\"}}]', 25, 1),
(47, '2022-10-20 04:40:22.126000', '18', '18', 2, '[{\"added\": {\"name\": \"goods in the order\", \"object\": \"\\u041a\\u043e\\u0444\\u0442\\u0430 \\u0437 \\u0432\\u043e\\u0440\\u0441\\u0438\\u0441\\u0442\\u043e\\u0433\\u043e \\u0442\\u0440\\u0438\\u043a\\u043e\\u0442\\u0430\\u0436\\u0443\"}}]', 25, 1),
(48, '2022-10-20 04:40:30.806000', '18', '18', 2, '[{\"deleted\": {\"name\": \"goods in the order\", \"object\": \"\\u041a\\u043e\\u0444\\u0442\\u0430 \\u0437 \\u0432\\u043e\\u0440\\u0441\\u0438\\u0441\\u0442\\u043e\\u0433\\u043e \\u0442\\u0440\\u0438\\u043a\\u043e\\u0442\\u0430\\u0436\\u0443\"}}]', 25, 1),
(49, '2022-10-20 04:42:31.078000', '18', '18', 2, '[]', 25, 1),
(50, '2022-10-20 04:43:58.280000', '18', '18', 2, '[{\"deleted\": {\"name\": \"goods in the order\", \"object\": \"\\u0414\\u0436\\u0435\\u043c\\u043f\\u0435\\u0440 \\u0456\\u0437 \\u043d\\u0430\\u043f\\u0438\\u0441\\u043e\\u043c\"}}, {\"deleted\": {\"name\": \"goods in the order\", \"object\": \"\\u0422\\u0440\\u0438\\u043a\\u043e\\u0442\\u0430\\u0436\\u043d\\u0430 \\u0432\\u043e\\u0434\\u043e\\u043b\\u0430\\u0437\\u043a\\u0430\"}}]', 25, 1),
(51, '2022-10-20 04:55:59.211000', '18', '18', 2, '[{\"added\": {\"name\": \"goods in the order\", \"object\": \"\\u0414\\u0436\\u0435\\u043c\\u043f\\u0435\\u0440 \\u0456\\u0437 \\u0432\\u0438\\u0441\\u043e\\u043a\\u0438\\u043c \\u0432\\u043c\\u0456\\u0441\\u0442\\u043e\\u043c \\u0432\\u043e\\u0432\\u043d\\u0438 UNISEX\"}}]', 25, 1),
(52, '2022-10-20 05:25:57.681000', '1', 'PromoCode object (1)', 1, '[{\"added\": {}}]', 27, 1),
(53, '2022-10-20 05:26:16.276000', '1', 'PromoCode object (1)', 2, '[{\"changed\": {\"fields\": [\"Title\"]}}]', 27, 1),
(54, '2022-10-20 05:26:33.253000', '2', 'PromoCode object (2)', 1, '[{\"added\": {}}]', 27, 1),
(55, '2022-10-20 05:26:49.858000', '3', 'PromoCode object (3)', 1, '[{\"added\": {}}]', 27, 1),
(56, '2022-10-20 10:50:04.259000', '50', '50', 3, '', 25, 1),
(57, '2022-10-20 10:50:04.266000', '49', '49', 3, '', 25, 1),
(58, '2022-10-20 10:50:04.272000', '48', '48', 3, '', 25, 1),
(59, '2022-10-20 10:50:04.277000', '47', '47', 3, '', 25, 1),
(60, '2022-10-20 10:50:04.282000', '46', '46', 3, '', 25, 1),
(61, '2022-10-20 10:50:04.287000', '45', '45', 3, '', 25, 1),
(62, '2022-10-20 10:50:04.293000', '44', '44', 3, '', 25, 1),
(63, '2022-10-20 10:50:04.298000', '43', '43', 3, '', 25, 1),
(64, '2022-10-20 10:50:04.303000', '42', '42', 3, '', 25, 1),
(65, '2022-10-20 10:50:04.308000', '41', '41', 3, '', 25, 1),
(66, '2022-10-20 10:50:04.314000', '40', '40', 3, '', 25, 1),
(67, '2022-10-20 10:50:04.319000', '39', '39', 3, '', 25, 1),
(68, '2022-10-20 10:50:04.324000', '38', '38', 3, '', 25, 1),
(69, '2022-10-20 10:50:04.329000', '37', '37', 3, '', 25, 1),
(70, '2022-10-20 10:50:04.333000', '36', '36', 3, '', 25, 1),
(71, '2022-10-20 10:50:04.344000', '35', '35', 3, '', 25, 1),
(72, '2022-10-20 10:50:04.350000', '34', '34', 3, '', 25, 1),
(73, '2022-10-20 10:50:04.355000', '33', '33', 3, '', 25, 1),
(74, '2022-10-20 10:50:04.361000', '32', '32', 3, '', 25, 1),
(75, '2022-10-20 10:50:04.367000', '31', '31', 3, '', 25, 1),
(76, '2022-10-20 10:50:04.372000', '30', '30', 3, '', 25, 1),
(77, '2022-10-20 10:50:04.378000', '29', '29', 3, '', 25, 1),
(78, '2022-10-20 10:50:04.384000', '28', '28', 3, '', 25, 1),
(79, '2022-10-20 10:50:04.389000', '27', '27', 3, '', 25, 1),
(80, '2022-10-20 10:50:04.394000', '26', '26', 3, '', 25, 1),
(81, '2022-10-20 10:50:04.399000', '25', '25', 3, '', 25, 1),
(82, '2022-10-20 10:50:04.403000', '24', '24', 3, '', 25, 1),
(83, '2022-10-20 10:50:04.408000', '23', '23', 3, '', 25, 1),
(84, '2022-10-20 10:50:04.413000', '22', '22', 3, '', 25, 1),
(85, '2022-10-20 10:50:04.418000', '21', '21', 3, '', 25, 1),
(86, '2022-10-20 10:50:04.423000', '20', '20', 3, '', 25, 1),
(87, '2022-10-20 10:50:04.429000', '19', '19', 3, '', 25, 1),
(88, '2022-10-20 10:50:04.435000', '18', '18', 3, '', 25, 1),
(89, '2022-10-20 10:50:04.440000', '17', '17', 3, '', 25, 1),
(90, '2022-10-20 10:50:04.445000', '16', '16', 3, '', 25, 1),
(91, '2022-10-20 10:50:04.451000', '15', '15', 3, '', 25, 1),
(92, '2022-10-20 10:50:04.456000', '14', '14', 3, '', 25, 1),
(93, '2022-10-20 10:50:04.461000', '13', '13', 3, '', 25, 1),
(94, '2022-10-20 10:50:04.466000', '12', '12', 3, '', 25, 1),
(95, '2022-10-20 10:50:04.470000', '11', '11', 3, '', 25, 1),
(96, '2022-10-20 10:50:04.476000', '10', '10', 3, '', 25, 1),
(97, '2022-10-20 10:50:04.481000', '9', '9', 3, '', 25, 1),
(98, '2022-10-20 10:50:04.486000', '8', '8', 3, '', 25, 1),
(99, '2022-10-20 10:50:04.491000', '7', '7', 3, '', 25, 1),
(100, '2022-10-20 10:50:04.496000', '6', '6', 3, '', 25, 1),
(101, '2022-10-20 10:50:04.502000', '5', '5', 3, '', 25, 1),
(102, '2022-10-20 10:50:04.507000', '4', '4', 3, '', 25, 1),
(103, '2022-10-20 10:50:04.512000', '3', '3', 3, '', 25, 1),
(104, '2022-10-20 10:50:04.518000', '2', '2', 3, '', 25, 1),
(105, '2022-10-20 10:50:04.523000', '1', '1', 3, '', 25, 1),
(106, '2022-10-20 10:50:34.120000', '51', '51', 3, '', 25, 1),
(107, '2022-10-20 10:50:34.126000', '50', '50', 3, '', 25, 1),
(108, '2022-10-20 10:50:34.131000', '49', '49', 3, '', 25, 1),
(109, '2022-10-20 10:50:34.136000', '48', '48', 3, '', 25, 1),
(110, '2022-10-20 10:50:34.140000', '47', '47', 3, '', 25, 1),
(111, '2022-10-20 10:50:34.146000', '46', '46', 3, '', 25, 1),
(112, '2022-10-20 10:50:34.152000', '45', '45', 3, '', 25, 1),
(113, '2022-10-20 10:50:34.157000', '44', '44', 3, '', 25, 1),
(114, '2022-10-20 10:50:34.162000', '43', '43', 3, '', 25, 1),
(115, '2022-10-20 10:50:34.168000', '42', '42', 3, '', 25, 1),
(116, '2022-10-20 10:50:34.173000', '41', '41', 3, '', 25, 1),
(117, '2022-10-20 10:50:34.178000', '40', '40', 3, '', 25, 1),
(118, '2022-10-20 10:50:34.183000', '39', '39', 3, '', 25, 1),
(119, '2022-10-20 10:50:34.188000', '38', '38', 3, '', 25, 1),
(120, '2022-10-20 10:50:34.193000', '37', '37', 3, '', 25, 1),
(121, '2022-10-20 10:50:34.198000', '36', '36', 3, '', 25, 1),
(122, '2022-10-20 10:50:34.203000', '35', '35', 3, '', 25, 1),
(123, '2022-10-20 10:50:34.211000', '34', '34', 3, '', 25, 1),
(124, '2022-10-20 10:50:34.217000', '33', '33', 3, '', 25, 1),
(125, '2022-10-20 10:50:34.226000', '32', '32', 3, '', 25, 1),
(126, '2022-10-20 10:50:34.232000', '31', '31', 3, '', 25, 1),
(127, '2022-10-20 10:50:34.238000', '30', '30', 3, '', 25, 1),
(128, '2022-10-20 10:50:34.243000', '29', '29', 3, '', 25, 1),
(129, '2022-10-20 10:50:34.248000', '28', '28', 3, '', 25, 1),
(130, '2022-10-20 10:50:34.253000', '27', '27', 3, '', 25, 1),
(131, '2022-10-20 10:50:34.258000', '26', '26', 3, '', 25, 1),
(132, '2022-10-20 10:50:34.263000', '25', '25', 3, '', 25, 1),
(133, '2022-10-20 10:50:34.267000', '24', '24', 3, '', 25, 1),
(134, '2022-10-20 10:50:34.273000', '23', '23', 3, '', 25, 1),
(135, '2022-10-20 10:50:34.278000', '22', '22', 3, '', 25, 1),
(136, '2022-10-20 10:50:34.284000', '21', '21', 3, '', 25, 1),
(137, '2022-10-20 10:50:34.289000', '20', '20', 3, '', 25, 1),
(138, '2022-10-20 10:50:34.294000', '19', '19', 3, '', 25, 1),
(139, '2022-10-20 10:50:34.300000', '18', '18', 3, '', 25, 1),
(140, '2022-10-20 10:50:34.305000', '17', '17', 3, '', 25, 1),
(141, '2022-10-20 10:50:34.310000', '16', '16', 3, '', 25, 1),
(142, '2022-10-20 10:50:34.315000', '15', '15', 3, '', 25, 1),
(143, '2022-10-20 10:50:34.320000', '14', '14', 3, '', 25, 1),
(144, '2022-10-20 10:50:34.325000', '13', '13', 3, '', 25, 1),
(145, '2022-10-20 10:50:34.329000', '12', '12', 3, '', 25, 1),
(146, '2022-10-20 10:50:34.334000', '11', '11', 3, '', 25, 1),
(147, '2022-10-20 10:50:34.339000', '10', '10', 3, '', 25, 1),
(148, '2022-10-20 10:50:34.345000', '9', '9', 3, '', 25, 1),
(149, '2022-10-20 10:50:34.351000', '8', '8', 3, '', 25, 1),
(150, '2022-10-20 10:50:34.356000', '7', '7', 3, '', 25, 1),
(151, '2022-10-20 10:50:34.362000', '6', '6', 3, '', 25, 1),
(152, '2022-10-20 10:50:34.367000', '5', '5', 3, '', 25, 1),
(153, '2022-10-20 10:50:34.372000', '4', '4', 3, '', 25, 1),
(154, '2022-10-20 10:50:34.377000', '3', '3', 3, '', 25, 1),
(155, '2022-10-20 10:50:34.382000', '2', '2', 3, '', 25, 1),
(156, '2022-10-20 10:50:34.387000', '1', '1', 3, '', 25, 1),
(157, '2022-10-20 10:51:21.447000', '51', '51', 3, '', 25, 1),
(158, '2022-10-20 10:51:21.453000', '50', '50', 3, '', 25, 1),
(159, '2022-10-20 10:51:21.458000', '49', '49', 3, '', 25, 1),
(160, '2022-10-20 10:51:21.463000', '48', '48', 3, '', 25, 1),
(161, '2022-10-20 10:51:21.468000', '47', '47', 3, '', 25, 1),
(162, '2022-10-20 10:51:21.473000', '46', '46', 3, '', 25, 1),
(163, '2022-10-20 10:51:21.478000', '45', '45', 3, '', 25, 1),
(164, '2022-10-20 10:51:21.484000', '44', '44', 3, '', 25, 1),
(165, '2022-10-20 10:51:21.489000', '43', '43', 3, '', 25, 1),
(166, '2022-10-20 10:51:21.494000', '42', '42', 3, '', 25, 1),
(167, '2022-10-20 10:51:21.500000', '41', '41', 3, '', 25, 1),
(168, '2022-10-20 10:51:21.505000', '40', '40', 3, '', 25, 1),
(169, '2022-10-20 10:51:21.510000', '39', '39', 3, '', 25, 1),
(170, '2022-10-20 10:51:21.515000', '38', '38', 3, '', 25, 1),
(171, '2022-10-20 10:51:21.519000', '37', '37', 3, '', 25, 1),
(172, '2022-10-20 10:51:21.524000', '36', '36', 3, '', 25, 1),
(173, '2022-10-20 10:51:21.529000', '35', '35', 3, '', 25, 1),
(174, '2022-10-20 10:51:21.533000', '34', '34', 3, '', 25, 1),
(175, '2022-10-20 10:51:21.539000', '33', '33', 3, '', 25, 1),
(176, '2022-10-20 10:51:21.545000', '32', '32', 3, '', 25, 1),
(177, '2022-10-20 10:51:21.550000', '31', '31', 3, '', 25, 1),
(178, '2022-10-20 10:51:21.555000', '30', '30', 3, '', 25, 1),
(179, '2022-10-20 10:51:21.561000', '29', '29', 3, '', 25, 1),
(180, '2022-10-20 10:51:21.567000', '28', '28', 3, '', 25, 1),
(181, '2022-10-20 10:51:21.572000', '27', '27', 3, '', 25, 1),
(182, '2022-10-20 10:51:21.577000', '26', '26', 3, '', 25, 1),
(183, '2022-10-20 10:51:21.582000', '25', '25', 3, '', 25, 1),
(184, '2022-10-20 10:51:21.587000', '24', '24', 3, '', 25, 1),
(185, '2022-10-20 10:51:21.591000', '23', '23', 3, '', 25, 1),
(186, '2022-10-20 10:51:21.596000', '22', '22', 3, '', 25, 1),
(187, '2022-10-20 10:51:21.601000', '21', '21', 3, '', 25, 1),
(188, '2022-10-20 10:51:21.606000', '20', '20', 3, '', 25, 1),
(189, '2022-10-20 10:51:21.612000', '19', '19', 3, '', 25, 1),
(190, '2022-10-20 10:51:21.618000', '18', '18', 3, '', 25, 1),
(191, '2022-10-20 10:51:21.626000', '17', '17', 3, '', 25, 1),
(192, '2022-10-20 10:51:21.633000', '16', '16', 3, '', 25, 1),
(193, '2022-10-20 10:51:21.637000', '15', '15', 3, '', 25, 1),
(194, '2022-10-20 10:51:21.642000', '14', '14', 3, '', 25, 1),
(195, '2022-10-20 10:51:21.648000', '13', '13', 3, '', 25, 1),
(196, '2022-10-20 10:51:21.652000', '12', '12', 3, '', 25, 1),
(197, '2022-10-20 10:51:21.657000', '11', '11', 3, '', 25, 1),
(198, '2022-10-20 10:51:21.662000', '10', '10', 3, '', 25, 1),
(199, '2022-10-20 10:51:21.667000', '9', '9', 3, '', 25, 1),
(200, '2022-10-20 10:51:21.672000', '8', '8', 3, '', 25, 1),
(201, '2022-10-20 10:51:21.678000', '7', '7', 3, '', 25, 1),
(202, '2022-10-20 10:51:21.683000', '6', '6', 3, '', 25, 1),
(203, '2022-10-20 10:51:21.688000', '5', '5', 3, '', 25, 1),
(204, '2022-10-20 10:51:21.694000', '4', '4', 3, '', 25, 1),
(205, '2022-10-20 10:51:21.700000', '3', '3', 3, '', 25, 1),
(206, '2022-10-20 10:51:21.705000', '2', '2', 3, '', 25, 1),
(207, '2022-10-20 10:51:21.710000', '1', '1', 3, '', 25, 1),
(208, '2022-10-20 11:44:43.232000', '2', 'prepare to ship', 1, '[{\"added\": {}}]', 26, 1),
(209, '2022-10-20 11:45:03.552000', '2', 'Prepare to ship', 2, '[{\"changed\": {\"fields\": [\"Title\"]}}]', 26, 1),
(210, '2022-10-20 11:45:20.492000', '3', 'On the road', 1, '[{\"added\": {}}]', 26, 1),
(211, '2022-10-20 11:45:36.332000', '4', 'Delivered', 1, '[{\"added\": {}}]', 26, 1),
(212, '2022-10-20 14:34:43.869000', '53', '53', 2, '[{\"changed\": {\"fields\": [\"Status\"]}}]', 25, 1),
(213, '2022-10-20 14:35:03.520000', '54', '54', 2, '[{\"changed\": {\"fields\": [\"Status\"]}}]', 25, 1),
(214, '2022-10-20 14:35:36.112000', '55', '55', 2, '[{\"changed\": {\"fields\": [\"Status\"]}}]', 25, 1),
(215, '2022-10-21 08:05:04.956000', '1', 'dp131196tov@gmail.com', 2, '[{\"changed\": {\"fields\": [\"User\"]}}]', 28, 1),
(216, '2022-10-21 08:05:56.883000', '1', 'dp131196tov@gmail.com', 2, '[{\"changed\": {\"fields\": [\"User\"]}}]', 28, 1),
(217, '2022-10-21 08:12:51.930000', '2', 'rocky01394545@gmail.com', 3, '', 28, 1),
(218, '2022-10-21 08:12:51.944000', '1', 'dp131196tov@gmail.com', 3, '', 28, 1),
(219, '2022-10-24 13:27:03.752000', '17', 'Reviews object (17)', 3, '', 29, 1),
(220, '2022-10-24 13:27:03.760000', '16', 'Reviews object (16)', 3, '', 29, 1),
(221, '2022-10-24 13:27:03.766000', '15', 'Reviews object (15)', 3, '', 29, 1),
(222, '2022-10-24 13:27:03.773000', '14', 'Reviews object (14)', 3, '', 29, 1),
(223, '2022-10-24 13:27:03.779000', '13', 'Reviews object (13)', 3, '', 29, 1),
(224, '2022-10-24 13:27:03.784000', '12', 'Reviews object (12)', 3, '', 29, 1),
(225, '2022-10-24 13:27:03.790000', '11', 'Reviews object (11)', 3, '', 29, 1),
(226, '2022-10-24 13:27:03.795000', '10', 'Reviews object (10)', 3, '', 29, 1),
(227, '2022-10-24 13:27:03.800000', '9', 'Reviews object (9)', 3, '', 29, 1),
(228, '2022-10-24 13:27:03.805000', '8', 'Reviews object (8)', 3, '', 29, 1),
(229, '2022-10-24 13:27:03.813000', '7', 'Reviews object (7)', 3, '', 29, 1),
(230, '2022-10-24 13:27:03.818000', '6', 'Reviews object (6)', 3, '', 29, 1),
(231, '2022-10-24 13:27:03.823000', '5', 'Reviews object (5)', 3, '', 29, 1),
(232, '2022-10-24 13:27:03.831000', '4', 'Reviews object (4)', 3, '', 29, 1),
(233, '2022-10-24 13:27:03.835000', '3', 'Reviews object (3)', 3, '', 29, 1),
(234, '2022-10-24 13:27:03.841000', '2', 'Reviews object (2)', 3, '', 29, 1),
(235, '2022-10-24 13:27:03.847000', '1', 'Reviews object (1)', 3, '', 29, 1),
(236, '2022-10-24 13:49:05.770000', '21', 'Reviews object (21)', 3, '', 29, 1),
(237, '2022-10-24 13:49:05.777000', '20', 'Reviews object (20)', 3, '', 29, 1),
(238, '2022-10-24 13:49:05.784000', '19', 'Reviews object (19)', 3, '', 29, 1),
(239, '2022-10-24 13:49:05.789000', '18', 'Reviews object (18)', 3, '', 29, 1),
(240, '2022-10-24 14:15:36.046000', '1', 'Reviews object (1)', 3, '', 29, 1),
(241, '2022-10-25 04:05:17.812000', '2', 'Reviews object (2)', 2, '[{\"changed\": {\"fields\": [\"Rating\"]}}]', 29, 1),
(242, '2022-10-25 04:07:37.129000', '1', 'Reviews object (1)', 2, '[{\"changed\": {\"fields\": [\"Rating\"]}}]', 29, 1),
(243, '2022-10-25 04:09:57.736000', '2', 'Reviews object (2)', 2, '[{\"changed\": {\"fields\": [\"Rating\"]}}]', 29, 1),
(244, '2022-10-25 09:22:06.318000', '1', 'News', 1, '[{\"added\": {}}]', 30, 1),
(245, '2022-10-25 09:24:04.512000', '1', 'ZARA STUDIO WOMENS/MENS: ENLIGHTENMENT EVERYWEAR', 1, '[{\"added\": {}}]', 31, 1),
(246, '2022-10-25 10:04:42.299000', '2', 'Zara announces launch of collaboration with global model Kaia Gerber', 1, '[{\"added\": {}}]', 31, 1),
(247, '2022-10-25 10:05:35.300000', '3', 'ZARA ORIGINS', 1, '[{\"added\": {}}]', 31, 1),
(248, '2022-10-25 10:06:24.956000', '2', 'Чоловічий одяг', 1, '[{\"added\": {}}]', 30, 1),
(249, '2022-10-25 10:06:57.219000', '4', 'Man Studio Collection', 1, '[{\"added\": {}}]', 31, 1),
(250, '2022-10-25 10:09:36.745000', '2', 'Новини чоловічого стилю', 2, '[{\"changed\": {\"fields\": [\"\\u041a\\u0430\\u0442\\u0435\\u0433\\u043e\\u0440\\u0438\\u044f\", \"Slug\"]}}]', 30, 1),
(251, '2022-10-25 10:12:35.865000', '1', 'Стиль', 2, '[{\"changed\": {\"fields\": [\"\\u041a\\u0430\\u0442\\u0435\\u0433\\u043e\\u0440\\u0438\\u044f\", \"Slug\"]}}]', 30, 1),
(252, '2022-10-25 10:13:07.161000', '4', 'Man Studio Collection', 2, '[{\"changed\": {\"fields\": [\"Photo\"]}}]', 31, 1),
(253, '2022-10-25 10:14:01.294000', '3', 'ZARA ORIGINS', 2, '[{\"changed\": {\"fields\": [\"Photo\"]}}]', 31, 1),
(254, '2022-10-25 10:16:55.916000', '1', 'ZARA STUDIO WOMENS/MENS: ENLIGHTENMENT EVERYWEAR', 2, '[{\"changed\": {\"fields\": [\"Photo\"]}}]', 31, 1),
(255, '2022-10-25 10:18:32.492000', '2', 'Zara announces launch of collaboration with global model Kaia Gerber', 2, '[{\"changed\": {\"fields\": [\"Photo\"]}}]', 31, 1),
(256, '2022-10-25 10:18:57.210000', '2', 'Zara announces launch of collaboration with global model Kaia Gerber', 2, '[{\"changed\": {\"fields\": [\"Photo\"]}}]', 31, 1),
(257, '2022-10-25 10:20:31.904000', '2', 'Zara announces launch of collaboration with global model Kaia Gerber', 2, '[{\"changed\": {\"fields\": [\"Photo\"]}}]', 31, 1),
(258, '2022-10-25 10:20:47.164000', '3', 'ZARA ORIGINS', 2, '[{\"changed\": {\"fields\": [\"Photo\"]}}]', 31, 1),
(259, '2022-10-25 10:20:53.243000', '2', 'Zara announces launch of collaboration with global model Kaia Gerber', 2, '[{\"changed\": {\"fields\": [\"Photo\"]}}]', 31, 1),
(260, '2022-10-25 10:21:57.790000', '5', 'Rhuigi x Zara / RHU Collection', 1, '[{\"added\": {}}]', 31, 1),
(261, '2022-10-25 10:22:38.222000', '3', 'Новини жіночого стилю', 1, '[{\"added\": {}}]', 30, 1),
(262, '2022-10-25 10:22:46.067000', '6', 'NARCISO RODRIGUEZ x ZARA', 1, '[{\"added\": {}}]', 31, 1),
(263, '2022-10-25 10:24:04.949000', '7', 'CAPSULE COLLABORATION', 1, '[{\"added\": {}}]', 31, 1),
(264, '2022-10-25 12:55:31.670000', '3', 'Новини жіночого стилю', 2, '[{\"changed\": {\"fields\": [\"Slug\"]}}]', 30, 1),
(265, '2022-10-25 12:55:36.674000', '2', 'Новини чоловічого стилю', 2, '[{\"changed\": {\"fields\": [\"Slug\"]}}]', 30, 1),
(266, '2022-10-25 12:55:40.974000', '1', 'Стиль', 2, '[{\"changed\": {\"fields\": [\"Slug\"]}}]', 30, 1),
(267, '2022-10-27 07:40:56.075000', '7', 'CAPSULE COLLABORATION', 2, '[{\"changed\": {\"fields\": [\"Title [uk]\", \"Title [en]\", \"Content [uk]\", \"Content [en]\"]}}]', 31, 1),
(268, '2022-10-27 07:41:17.022000', '6', 'NARCISO RODRIGUEZ x ZARA', 2, '[{\"changed\": {\"fields\": [\"Title [uk]\", \"Title [en]\", \"Content [uk]\", \"Content [en]\"]}}]', 31, 1),
(269, '2022-10-27 07:42:14.496000', '5', 'Колекція Rhuigi x Zara / RHU', 2, '[{\"changed\": {\"fields\": [\"Title [uk]\", \"Title [en]\", \"Content [uk]\", \"Content [en]\"]}}]', 31, 1),
(270, '2022-10-27 07:42:36.903000', '6', 'НАРЦИСО РОДРІГЕС x ZARA', 2, '[{\"changed\": {\"fields\": [\"Title [uk]\", \"Content [uk]\"]}}]', 31, 1),
(271, '2022-10-27 07:42:52.895000', '7', 'КАПСУЛЬНА СПІВПРАЦЯ', 2, '[{\"changed\": {\"fields\": [\"Title [uk]\", \"Content [uk]\"]}}]', 31, 1),
(272, '2022-10-27 07:43:16.885000', '4', 'Колекція Man Studio', 2, '[{\"changed\": {\"fields\": [\"Title [uk]\", \"Title [en]\", \"Content [uk]\", \"Content [en]\"]}}]', 31, 1),
(273, '2022-10-27 07:43:47.094000', '3', 'ZARA ORIGINS', 2, '[{\"changed\": {\"fields\": [\"Title [en]\", \"Content [uk]\", \"Content [en]\"]}}]', 31, 1),
(274, '2022-10-27 07:44:19.252000', '2', 'Zara оголошує про початок співпраці зі світовою моделлю Каєю Гербер', 2, '[{\"changed\": {\"fields\": [\"Title [uk]\", \"Title [en]\", \"Content [uk]\", \"Content [en]\"]}}]', 31, 1),
(275, '2022-10-27 07:44:52.401000', '1', 'ZARA STUDIO ЖІНОЧИЙ/ЧОЛОВІЧИЙ: ПРОСВІТЛЕННЯ КОЖНОГО ОДЯГУ', 2, '[{\"changed\": {\"fields\": [\"Title [uk]\", \"Title [en]\", \"Content [uk]\", \"Content [en]\"]}}]', 31, 1),
(276, '2022-10-27 07:45:16.044000', '3', 'Новини жіночого стилю', 2, '[{\"changed\": {\"fields\": [\"Title [en]\"]}}]', 30, 1),
(277, '2022-10-27 07:45:25.201000', '2', 'Новини чоловічого стилю', 2, '[{\"changed\": {\"fields\": [\"Title [en]\", \"Slug\"]}}]', 30, 1),
(278, '2022-10-27 07:45:28.584000', '3', 'Новини жіночого стилю', 2, '[]', 30, 1),
(279, '2022-10-27 07:45:51.259000', '1', 'Стиль', 2, '[{\"changed\": {\"fields\": [\"Title [en]\"]}}]', 30, 1),
(280, '2022-10-27 08:35:11.123000', '5', 'Перевірка', 2, '[{\"changed\": {\"fields\": [\"Title [uk]\", \"Title [en]\"]}}]', 23, 1),
(281, '2022-10-27 08:35:22.949000', '4', 'Банківський переказ', 2, '[{\"changed\": {\"fields\": [\"Title [uk]\", \"Title [en]\"]}}]', 23, 1),
(282, '2022-10-27 08:35:28.646000', '3', 'Paypal', 2, '[{\"changed\": {\"fields\": [\"Title [en]\"]}}]', 23, 1),
(283, '2022-10-27 08:35:43.871000', '2', 'Готівкою при отриманні', 2, '[{\"changed\": {\"fields\": [\"Title [uk]\", \"Title [en]\"]}}]', 23, 1),
(284, '2022-10-27 08:36:00.670000', '5', 'Прямий переказ', 2, '[{\"changed\": {\"fields\": [\"Title [uk]\"]}}]', 23, 1),
(285, '2022-10-27 08:36:13.232000', '4', 'Доставлено', 2, '[{\"changed\": {\"fields\": [\"Title [uk]\", \"Title [en]\"]}}]', 26, 1),
(286, '2022-10-27 08:36:28.257000', '3', 'В дорозі', 2, '[{\"changed\": {\"fields\": [\"Title [uk]\", \"Title [en]\"]}}]', 26, 1),
(287, '2022-10-27 08:36:47.181000', '2', 'Готується до відправки', 2, '[{\"changed\": {\"fields\": [\"Title [uk]\", \"Title [en]\"]}}]', 26, 1),
(288, '2022-10-27 08:36:54.025000', '1', 'Новий', 2, '[{\"changed\": {\"fields\": [\"Title [uk]\", \"Title [en]\"]}}]', 26, 1),
(289, '2022-11-01 13:46:13.996525', '59', '59', 2, '[{\"changed\": {\"fields\": [\"Status\"]}}]', 25, 1),
(290, '2022-12-07 07:34:54.540683', '1', '200', 1, '[{\"added\": {}}]', 27, 1),
(291, '2022-12-10 11:14:15.188213', '13', 'Viscose dress', 2, '[{\"changed\": {\"fields\": [\"Param [en]\"]}}, {\"added\": {\"name\": \"AttributeSize\", \"object\": \"Viscose dress Turquoise XS\"}}]', 16, 1),
(292, '2023-01-17 06:59:22.006471', '72', '72', 2, '[{\"changed\": {\"name\": \"Goods in the order\", \"object\": \"Smooth mini dress\", \"fields\": [\"Nmb\"]}}]', 25, 188),
(293, '2023-01-17 09:01:16.172878', '25', 'Гладка сукня міні', 2, '[{\"changed\": {\"fields\": [\"Discount\"]}}]', 16, 188),
(294, '2023-01-17 11:14:04.645673', '25', 'Гладка сукня міні', 2, '[{\"changed\": {\"fields\": [\"Discount\"]}}]', 16, 188);

-- --------------------------------------------------------

--
-- Table structure for table `django_content_type`
--
-- Creation: Nov 01, 2022 at 09:43 AM
--

DROP TABLE IF EXISTS `django_content_type`;
CREATE TABLE `django_content_type` (
  `id` int(11) NOT NULL,
  `app_label` varchar(100) NOT NULL,
  `model` varchar(100) NOT NULL
) ENGINE=InnoDB DEFAULT CHARSET=utf8;

--
-- Dumping data for table `django_content_type`
--

INSERT INTO `django_content_type` (`id`, `app_label`, `model`) VALUES
(1, 'admin', 'logentry'),
(3, 'auth', 'group'),
(2, 'auth', 'permission'),
(21, 'basket', 'productinbasket'),
(32, 'captcha', 'captchastore'),
(4, 'contenttypes', 'contenttype'),
(20, 'favorite', 'favorite'),
(30, 'news', 'category'),
(31, 'news', 'news'),
(24, 'orders', 'goodsintheorder'),
(25, 'orders', 'order'),
(23, 'orders', 'paymentmethod'),
(27, 'orders', 'promocode'),
(26, 'orders', 'status'),
(5, 'sessions', 'session'),
(6, 'shop', 'attributecolor'),
(19, 'shop', 'attributecolorimage'),
(18, 'shop', 'attributesize'),
(17, 'shop', 'banner'),
(7, 'shop', 'category'),
(8, 'shop', 'color'),
(9, 'shop', 'country'),
(10, 'shop', 'currency'),
(33, 'shop', 'defaultvarieties'),
(11, 'shop', 'delivery'),
(12, 'shop', 'manufacturer'),
(16, 'shop', 'product'),
(29, 'shop', 'reviews'),
(13, 'shop', 'size'),
(14, 'shop', 'status'),
(15, 'shop', 'tag'),
(28, 'users', 'emailfornews'),
(22, 'users', 'user');

-- --------------------------------------------------------

--
-- Table structure for table `django_migrations`
--
-- Creation: Nov 01, 2022 at 09:43 AM
--

DROP TABLE IF EXISTS `django_migrations`;
CREATE TABLE `django_migrations` (
  `id` bigint(20) NOT NULL,
  `app` varchar(255) NOT NULL,
  `name` varchar(255) NOT NULL,
  `applied` datetime(6) NOT NULL
) ENGINE=InnoDB DEFAULT CHARSET=utf8;

--
-- Dumping data for table `django_migrations`
--

INSERT INTO `django_migrations` (`id`, `app`, `name`, `applied`) VALUES
(1, 'contenttypes', '0001_initial', '2022-11-01 09:43:52.939231'),
(2, 'contenttypes', '0002_remove_content_type_name', '2022-11-01 09:43:53.477625'),
(3, 'auth', '0001_initial', '2022-11-01 09:43:54.493719'),
(4, 'auth', '0002_alter_permission_name_max_length', '2022-11-01 09:43:54.713999'),
(5, 'auth', '0003_alter_user_email_max_length', '2022-11-01 09:43:54.846952'),
(6, 'auth', '0004_alter_user_username_opts', '2022-11-01 09:43:54.983567'),
(7, 'auth', '0005_alter_user_last_login_null', '2022-11-01 09:43:55.118765'),
(8, 'auth', '0006_require_contenttypes_0002', '2022-11-01 09:43:55.250555'),
(9, 'auth', '0007_alter_validators_add_error_messages', '2022-11-01 09:43:55.385349'),
(10, 'auth', '0008_alter_user_username_max_length', '2022-11-01 09:43:55.517697'),
(11, 'auth', '0009_alter_user_last_name_max_length', '2022-11-01 09:43:55.655994'),
(12, 'auth', '0010_alter_group_name_max_length', '2022-11-01 09:43:55.883373'),
(13, 'auth', '0011_update_proxy_permissions', '2022-11-01 09:43:56.208946'),
(14, 'auth', '0012_alter_user_first_name_max_length', '2022-11-01 09:43:56.342049'),
(15, 'users', '0001_initial', '2022-11-01 09:43:57.524279'),
(16, 'admin', '0001_initial', '2022-11-01 09:43:58.020182'),
(17, 'admin', '0002_logentry_remove_auto_add', '2022-11-01 09:43:58.155818'),
(18, 'admin', '0003_logentry_add_action_flag_choices', '2022-11-01 09:43:58.289779'),
(19, 'shop', '0001_initial', '2022-11-01 09:44:02.476209'),
(20, 'basket', '0001_initial', '2022-11-01 09:44:03.127992'),
(21, 'basket', '0002_alter_productinbasket_options', '2022-11-01 09:44:03.264138'),
(22, 'captcha', '0001_initial', '2022-11-01 09:44:03.462391'),
(23, 'captcha', '0002_alter_captchastore_id', '2022-11-01 09:44:03.594152'),
(24, 'favorite', '0001_initial', '2022-11-01 09:44:04.250109'),
(25, 'favorite', '0002_alter_favorite_options', '2022-11-01 09:44:04.386194'),
(26, 'news', '0001_initial', '2022-11-01 09:44:05.000310'),
(27, 'news', '0002_category_title_en_category_title_uk_news_content_en_and_more', '2022-11-01 09:44:06.338167'),
(28, 'news', '0003_alter_news_options', '2022-11-01 09:44:06.469930'),
(29, 'shop', '0002_category_title_en_category_title_uk', '2022-11-01 09:44:06.834210'),
(30, 'shop', '0003_tag_description_en_tag_description_uk_tag_title_en_and_more', '2022-11-01 09:44:07.658652'),
(31, 'shop', '0004_alter_category_options_alter_country_options_and_more', '2022-11-01 09:44:07.910335'),
(32, 'shop', '0005_alter_attributecolor_options_and_more', '2022-11-01 09:44:08.174175'),
(33, 'shop', '0006_rename_name_delivery_title_banner_title_en_and_more', '2022-11-01 09:44:10.347789'),
(34, 'shop', '0007_alter_attributecolor_options_and_more', '2022-11-01 09:44:10.703112'),
(35, 'shop', '0008_delete_status', '2022-11-01 09:44:10.912874'),
(36, 'orders', '0001_initial', '2022-11-01 09:44:12.086050'),
(37, 'orders', '0002_alter_goodsintheorder_product_alter_order_first_name_and_more', '2022-11-01 09:44:12.264789'),
(38, 'orders', '0003_promocode_alter_order_delivery_and_more', '2022-11-01 09:44:13.282254'),
(39, 'orders', '0004_alter_order_promo_code', '2022-11-01 09:44:14.439594'),
(40, 'orders', '0005_alter_order_promo_code', '2022-11-01 09:44:14.987902'),
(41, 'orders', '0006_order_user', '2022-11-01 09:44:15.290234'),
(42, 'orders', '0007_alter_goodsintheorder_order', '2022-11-01 09:44:15.433954'),
(43, 'orders', '0008_goodsintheorder_color_goodsintheorder_size', '2022-11-01 09:44:15.899746'),
(44, 'orders', '0009_paymentmethod_title_en_paymentmethod_title_uk_and_more', '2022-11-01 09:44:16.493180'),
(45, 'sessions', '0001_initial', '2022-11-01 09:44:16.876296'),
(46, 'shop', '0009_reviews', '2022-11-01 09:44:17.554450'),
(47, 'shop', '0010_alter_reviews_parent', '2022-11-01 09:44:18.214555'),
(48, 'shop', '0011_alter_reviews_parent', '2022-11-01 09:44:19.003804'),
(49, 'shop', '0012_alter_reviews_unique_together_remove_reviews_parent', '2022-11-01 09:44:19.866726'),
(50, 'shop', '0013_reviews_created_reviews_updated', '2022-11-01 09:44:20.359552'),
(51, 'shop', '0014_product_counnt_reviews_product_rating', '2022-11-01 09:44:20.857898'),
(52, 'users', '0002_user_additional_information_user_address_user_city_and_more', '2022-11-01 09:44:21.527759'),
(53, 'users', '0003_remove_user_username_and_more', '2022-11-01 09:44:21.846920'),
(54, 'users', '0004_user_birthday', '2022-11-01 09:44:22.091018'),
(55, 'users', '0005_alter_user_additional_information_alter_user_address_and_more', '2022-11-01 09:44:22.257388'),
(56, 'users', '0006_emailfornews', '2022-11-01 09:44:22.616466'),
(57, 'users', '0007_alter_emailfornews_user', '2022-11-01 09:44:23.870871'),
(58, 'users', '0008_remove_emailfornews_user_alter_emailfornews_email', '2022-11-01 09:44:24.644214'),
(59, 'news', '0004_alter_news_options', '2022-11-16 08:20:47.072026'),
(60, 'shop', '0015_rename_counnt_reviews_product_count_reviews_and_more', '2022-11-16 08:20:47.378251'),
(61, 'basket', '0003_alter_productinbasket_options_and_more', '2022-11-21 05:25:58.389239'),
(62, 'favorite', '0003_rename_session_key_favorite_user_authenticated', '2022-11-21 05:33:28.920009'),
(63, 'orders', '0010_alter_goodsintheorder_options', '2023-01-13 11:39:07.301814'),
(64, 'shop', '0016_defaultvarieties', '2023-01-13 11:39:07.873615'),
(65, 'users', '0009_alter_user_managers', '2023-01-13 11:39:07.998601');

-- --------------------------------------------------------

--
-- Table structure for table `django_session`
--
-- Creation: Nov 01, 2022 at 09:44 AM
-- Last update: Jan 20, 2023 at 06:42 PM
--

DROP TABLE IF EXISTS `django_session`;
CREATE TABLE `django_session` (
  `session_key` varchar(40) NOT NULL,
  `session_data` longtext NOT NULL,
  `expire_date` datetime(6) NOT NULL
) ENGINE=InnoDB DEFAULT CHARSET=utf8;

--
-- Dumping data for table `django_session`
--

INSERT INTO `django_session` (`session_key`, `session_data`, `expire_date`) VALUES
('0004l4rcxa0xu4o5uu23axbco88z9xvr', 'eyJ1c2VyX2F1dGhlbnRpY2F0ZWQiOm51bGx9:1pC9QS:JBdoW4tgEDQ_fqyXP76t_BoSjREm532p0bn80cLKVBI', '2023-01-16 01:15:40.848350'),
('00w75kysuny0i72uhrbc6hqef6ixwymc', 'e30:1ovqbq:Xi2bz8EcpDyCpTRKaU_n2AforuLjru3an_P9g4xbWqY', '2022-12-02 01:56:02.216212'),
('012j4uelhc641hn9b9od13t22ctazuse', 'e30:1okk6c:mf4T2JBT3j6dnl3A0dPcZihn5PTHnCKWu0RS8aj-cQ8', '2022-11-01 10:45:54.122000'),
('02gu7aezu9qnpeh4h62gojn5726sc58f', 'eyJ1c2VyX2F1dGhlbnRpY2F0ZWQiOm51bGx9:1oygMv:66OpfccjqNmyejTXfgCwMMgxy-UPfXujXq3PcPn3Eew', '2022-12-09 21:36:21.457572'),
('03nsqr6jzxcgvhidjrxqpu1j9odti6rd', 'eyJ1c2VyX2F1dGhlbnRpY2F0ZWQiOm51bGx9:1p3KhP:kKdLBJ5govQ1nwuJTGOW9DKGKyZ09_9o2F2W_iwnzRA', '2022-12-22 17:28:43.469054'),
('06lyzzioymg7i4jml2wx0y128gczqj2d', 'e30:1oqgch:m9Uf46fjKB3u0O3zN8XggeSY36SDyfKIXdbQvXssQuk', '2022-11-17 20:15:35.578031'),
('07zmqs312iis7m6kjegq40wf88o4mfvx', 'eyJ1c2VyX2F1dGhlbnRpY2F0ZWQiOm51bGx9:1oypLA:H0VAqtfscjILSC7GDnOUPoQuP6yDQjP0738qg5qF9FE', '2022-12-10 07:11:08.712996'),
('0a4iryx4fbq7l54awsbk1edl8hw4kpaf', 'eyJ1c2VyX2F1dGhlbnRpY2F0ZWQiOm51bGx9:1oxXHQ:ZUHXk7sG45PJUAsNF-Z6LKtm0SBzW5SJVqnE9XdxEVk', '2022-12-06 17:41:56.630505'),
('0bj58i4in7wzya41rpslnnt55fq19hqa', 'eyJ1c2VyX2F1dGhlbnRpY2F0ZWQiOm51bGx9:1pIQ8a:Sq1zQDjZBXOwsdX7iZUmBDuCFpy-M1y9HcEceDKzLQo', '2023-02-02 08:19:08.198336'),
('0dl9jq4t9ri3wphp7tip2vpyqrxk36mq', 'eyJ1c2VyX2F1dGhlbnRpY2F0ZWQiOm51bGx9:1p9o6b:Md6DNojSyEIZKiDG49PgdRV5IuW9g9q-ZnZobubewVQ', '2023-01-09 14:05:29.698842'),
('0eqwdwq11ln7pfov6qhg793o9o9w9tf1', 'e30:1ovYyA:RmxZJnVFjN2MRtwEfQnfz-Z-M8GBeK05zZFs4TIBSvw', '2022-12-01 07:05:54.619938'),
('0er5nmol4eo7ffxuuyftwvntay9b0luq', 'eyJ1c2VyX2F1dGhlbnRpY2F0ZWQiOiIwZXI1bm1vbDRlbzdmZnh1dXlmdHd2bnRheTliMGx1cSJ9:1pIUvt:4mjtITzmNo8EMvlYZNwx6fSD8E3-PynI9mto23dBTdM', '2023-02-02 13:26:21.625253'),
('0fjzmgo6s56fzyo94jl1jbnlte7apjwl', 'eyJ1c2VyX2F1dGhlbnRpY2F0ZWQiOm51bGx9:1pAtAL:t_ecFDyKNbew4QR5VItKKyRsiYzNNh467YWrwu1T_5M', '2023-01-12 13:41:49.029275'),
('0fuqfd3v1qcukolzr7sy02um7mxhprak', 'eyJ1c2VyX2F1dGhlbnRpY2F0ZWQiOm51bGx9:1pEClp:9mWmQPB_JpRZi0IKvx9YgRECjD7mAwoLJIx8qkFjonY', '2023-01-21 17:14:13.679933'),
('0fvyoggmp47fjh9o3gma3b7bi9phq6uy', 'eyJ1c2VyX2F1dGhlbnRpY2F0ZWQiOm51bGx9:1pIiRP:YytNL6VV5geVuMqh8X58mNoKncOJVk_G-B-OX3Xz2mk', '2023-02-03 03:51:47.295863'),
('0g8ebbd819j7snmwev4cnv99bg4vis3w', 'e30:1opUrM:T9u9DL_nJHcK77TGFDJm1UeAIPDjN7x_ernNNfiPHAU', '2022-11-14 13:29:48.532000'),
('0mroqt7xw0hkvycaodfsskjyybdlf8r5', 'eyJ1c2VyX2F1dGhlbnRpY2F0ZWQiOiIwbXJvcXQ3eHcwaGt2eWNhb2Rmc3Nranl5YmRsZjhyNSJ9:1pIQbx:eFIQpdz53tmmo1YpFZZNQTgLdEqFIIgUOJUL1LJF9wE', '2023-02-02 08:49:29.073377'),
('0nobdakmja4ciudu92j1az44txluvzx3', 'eyJ1c2VyX2F1dGhlbnRpY2F0ZWQiOiIwbm9iZGFrbWphNGNpdWR1OTJqMWF6NDR0eGx1dnp4MyJ9:1p2c0l:trjha-xF0cNYmaettmVKJ-Ai6ekUb2r-1PHzBwNoJg0', '2022-12-20 17:45:43.330983'),
('0ow8ipbtjk8yah0ezb853jpcqvkh6zk4', 'eyJ1c2VyX2F1dGhlbnRpY2F0ZWQiOm51bGx9:1p4hjy:uuJv5Rq6cOiRtoqpSQyC175ALc5WHJ8N9kA2QgWvEDQ', '2022-12-26 12:17:02.610837'),
('0p3fvthb3lcpn1veob79xccm9271wnf8', 'eyJ1c2VyX2F1dGhlbnRpY2F0ZWQiOiIwcDNmdnRoYjNsY3BuMXZlb2I3OXhjY205Mjcxd25mOCJ9:1pHwLs:TwWhAnrwBPn3bPIxHW24Uqa0kb2xuVv7YyTbsOx6bxM', '2023-02-01 00:30:52.032901'),
('0pl5zqbple7uky17zztlfbi0zvwfb31b', 'eyJ1c2VyX2F1dGhlbnRpY2F0ZWQiOiIwcGw1enFicGxlN3VreTE3enp0bGZiaTB6dndmYjMxYiJ9:1p6YaX:g-WRmi7j03cTJf1d2IMCdQGFBaf8HOdXCaKRrDE5SAw', '2022-12-31 14:54:57.269267'),
('0pt7h46hxaijk2gt6ehaymmc5k2mvllr', 'eyJ1c2VyX2F1dGhlbnRpY2F0ZWQiOiIwcHQ3aDQ2aHhhaWprMmd0NmVoYXltbWM1azJtdmxsciJ9:1pIS0e:xUuYgTeDU5CsGFjjDPnOVmU4gEqWNf79LqnBi66PjFs', '2023-02-02 10:19:04.173358'),
('0szqbbynu3rxwhv2k9fzdiovjz6p3p6f', 'eyJ1c2VyX2F1dGhlbnRpY2F0ZWQiOm51bGx9:1oypG2:e-ezB_iCLdZQ50CLr5RBjAV6FzLkqYFF-tA8G90QsZM', '2022-12-10 07:05:50.293993'),
('12g98mg419sqj63tgkjhvequrbxox3qq', 'eyJ1c2VyX2F1dGhlbnRpY2F0ZWQiOiIxMmc5OG1nNDE5c3FqNjN0Z2tqaHZlcXVyYnhveDNxcSJ9:1pAYyx:I8lfMD1Rf1H1sqi3MlvN6vhNu98UXSjZYGW4ywzfpeg', '2023-01-11 16:08:43.006538'),
('12yh5ab4mi1y6zwokugm57mdtgaabyjj', 'eyJ1c2VyX2F1dGhlbnRpY2F0ZWQiOm51bGx9:1p9G8o:yUoS7Xvp05bOrBnTANv_1EyiI2mOKorsbqg8J1TxlZI', '2023-01-08 01:49:30.789098'),
('134z6tuooxxfpsi8av8ncqzoxdvlm200', 'eyJ1c2VyX2F1dGhlbnRpY2F0ZWQiOm51bGx9:1pGrSu:Slzb24ZU1z9WAS_dws2LCXWuQfCjnQuq2WDJ1EYKGew', '2023-01-29 01:05:40.397815'),
('13dlk8d5jy5ie3ml9olb4mh616kr6kng', 'eyJ1c2VyX2F1dGhlbnRpY2F0ZWQiOm51bGx9:1pGziA:0jsoAVUv5_5GNF_VrKltP-Z4uLD2trvddNJed_ADxnA', '2023-01-29 09:53:58.310066'),
('14r4cf0mowm3sv2rys1lv4qikyt6zhjp', 'eyJ1c2VyX2F1dGhlbnRpY2F0ZWQiOiIxNHI0Y2YwbW93bTNzdjJyeXMxbHY0cWlreXQ2emhqcCJ9:1p3LIJ:W4PuHFZ4aD_-O4q7ccjR9LO8PemqP-zn4TcxAsiMkKw', '2022-12-22 18:06:51.479065'),
('17xkmj6sra32qvpsysovcuv6jq8g743b', 'eyJ1c2VyX2F1dGhlbnRpY2F0ZWQiOm51bGx9:1p8OQF:6T0MozDjd2rL3mtZ5BHjtNspk4xhWJ1J_5ypQpdka7Q', '2023-01-05 16:27:55.921772'),
('19x3ufkqt76u0a57j578ipmpbn5p6xrw', 'eyJ1c2VyX2F1dGhlbnRpY2F0ZWQiOm51bGx9:1pAYGz:hFF-Fgacq31joRuBRa_Gst4QhyN0KUMRu98qbSbN1SM', '2023-01-11 15:23:17.838821'),
('1ae65hmx66v9i99x48fkj361v3jkys08', 'eyJ1c2VyX2F1dGhlbnRpY2F0ZWQiOm51bGx9:1pEdhZ:sYNmNAu2FLNrZMzKXt78p-7PoPxqOdhojN1uvAvNd0I', '2023-01-22 21:59:37.628340'),
('1ah12py9bz9qhtlbfjb968mi74iziczq', 'eyJ1c2VyX2F1dGhlbnRpY2F0ZWQiOiIxYWgxMnB5OWJ6OXFodGxiZmpiOTY4bWk3NGl6aWN6cSJ9:1pDnCr:Ct-kbVdguc8oFLjjcZNegQLnesXtToIrw-TKJg4Rc6c', '2023-01-20 13:56:25.091039'),
('1fndgg0vjkog6zxb5yvymbytssgnihi9', 'eyJ1c2VyX2F1dGhlbnRpY2F0ZWQiOm51bGx9:1p6b34:rBr-kR2d0OHUO78OsOAhY2fQvviJoceQhwYNvoNXIHI', '2022-12-31 17:32:34.907030'),
('1hb59a9owm58vkcgkk7vko6hu648glqx', 'eyJ1c2VyX2F1dGhlbnRpY2F0ZWQiOm51bGx9:1p010d:X9KDPy1zErV1CCrcBuY1-1mytq5rm5pqJ9Dorvz4a7Q', '2022-12-13 13:50:51.476309'),
('1hkkx46mv354nwcsic8oz7w0rs6dqrbj', 'eyJ1c2VyX2F1dGhlbnRpY2F0ZWQiOiIxaGtreDQ2bXYzNTRud2NzaWM4b3o3dzByczZkcXJiaiJ9:1oxXHc:kIbEWvs8ZtNQcGGsZs0npVv2y9fvkIsiubvrbc9iIsA', '2022-12-06 17:42:08.634191'),
('1hwokx11fo6rja254jtxyn5j8jfypmq1', 'eyJ1c2VyX2F1dGhlbnRpY2F0ZWQiOm51bGx9:1pIQA2:Gp_sy3OdYG6o9BBum9-FgMLXkS2NAxd8qEPWNWP9mpk', '2023-02-02 08:20:38.138745'),
('1i1hmooamwohgmkb11z1lk1hdad2b63e', 'e30:1ovp3O:0E1j1d99ACFNzT0phR2hwGDmqQxBuf5seN-mS0Owk20', '2022-12-02 00:16:22.452463'),
('1mvu7v7jnz11zw4zmo3p1578e5nqc27g', 'eyJ1c2VyX2F1dGhlbnRpY2F0ZWQiOm51bGx9:1pCCfe:xv9EoLiBel4U8E0K4LPG1xqsY14Ld0K4ihrUEQXiOLY', '2023-01-16 04:43:34.865814'),
('1q8bqm0wtjac0ootj0y8upyrmaod9wsp', 'eyJ1c2VyX2F1dGhlbnRpY2F0ZWQiOm51bGx9:1pHkEx:1lF15p75CJqIpYEpj0zZLkobi4rExprAU6jAJP12UA0', '2023-01-31 11:34:55.704291'),
('1qq9kcawnui7qg2htu5ncjel6fihe222', 'eyJ1c2VyX2F1dGhlbnRpY2F0ZWQiOiIxcXE5a2Nhd251aTdxZzJodHU1bmNqZWw2ZmloZTIyMiJ9:1oygOA:Okq0pwuTS3AmhBXdPq-jbARMYCEjKJ38RYh_With77U', '2022-12-09 21:37:38.273145'),
('1rdspm4z2eh63mipn3oiex2wtizc7jlx', 'eyJ1c2VyX2F1dGhlbnRpY2F0ZWQiOm51bGx9:1p4Qrl:92f18VxDyxM_XAy198Tt9IXVZdoBNVlsVF-FbUkf5-w', '2022-12-25 18:15:57.461227'),
('1wxyota2ufx3e3ava9995idrih0dpdxk', 'eyJ1c2VyX2F1dGhlbnRpY2F0ZWQiOm51bGx9:1oypWd:y4YoP2ZX_jtURiNrv1-v6TpqRh6gqDIv1Wr_5nhr3Hc', '2022-12-10 07:22:59.495972'),
('1x33xw7zv27pouctxnxfd59ulln3ou37', 'eyJ1c2VyX2F1dGhlbnRpY2F0ZWQiOm51bGx9:1pCOA9:x3zVBVwgiuPOGAwdNx9aum5lUge8o8xyijcC6snBRwQ', '2023-01-16 16:59:49.509856'),
('1x8x3zk703r8xcdakc642y4ov8iox4o7', 'eyJ1c2VyX2F1dGhlbnRpY2F0ZWQiOm51bGx9:1pI6Le:GZ7oUauTmI8J4K7MgAOT_ihOo1iWj4Al-zPuZezBFkg', '2023-02-01 11:11:18.478923'),
('1y7a8iyt5w5mb39kjxd2v9n8gg6v07d9', 'eyJ1c2VyX2F1dGhlbnRpY2F0ZWQiOm51bGx9:1oypGQ:e-zS4uqUywrY9mM1kTdfHnyQ1aNdxtG5R_ccUfBtZ3w', '2022-12-10 07:06:14.341312'),
('23ni7tlfe7ygf3z6oltmzcgpma7m12uu', 'eyJ1c2VyX2F1dGhlbnRpY2F0ZWQiOm51bGx9:1pIIw5:FcKAsinz0sPjzsBDz2a5lswKp8njdQu3TdMIsxLblnQ', '2023-02-02 00:37:45.379347'),
('25g6t4htq69jv2ishq2vnevsx4xdalco', 'eyJ1c2VyX2F1dGhlbnRpY2F0ZWQiOiIyNWc2dDRodHE2OWp2MmlzaHEydm5ldnN4NHhkYWxjbyJ9:1p8Y0y:9IpMmid2ccBkFsd0m4F6DkB71HW260gHJtu2vXYp5d0', '2023-01-06 02:42:28.398375'),
('25x9nww9qbo0dxt6uesuvs5pmn3apmrw', 'eyJ1c2VyX2F1dGhlbnRpY2F0ZWQiOm51bGx9:1p3Ki3:bT7uWt3O9J2bMZL_LmHZE_bxpp7HwPE4j_orfwAZNWI', '2022-12-22 17:29:23.937837'),
('266e2w9rb2lbs0yyefd3muelhke29zl1', 'eyJ1c2VyX2F1dGhlbnRpY2F0ZWQiOm51bGx9:1p4Slo:Vw4UPLUcyrdPGKqjWSAkBN46f4KVZRHASQvymEw68MI', '2022-12-25 20:17:56.542157'),
('27mzuek5og84g3plg4qeelq4fjquvswf', 'eyJ1c2VyX2F1dGhlbnRpY2F0ZWQiOm51bGx9:1p3Ki9:fVKabNImf7Ex0XmURwh1kirj26O4Xi-RVFIRk0Dmd2k', '2022-12-22 17:29:29.016727'),
('29762tft9uczbqjocgs3c6mi485z9vzm', 'eyJ1c2VyX2F1dGhlbnRpY2F0ZWQiOm51bGx9:1p52O1:Wn6pBFjznq7aTp2Om2BchjMDRsUND7chtH0KiBIBAxQ', '2022-12-27 10:19:45.064543'),
('2bckl8vtiym7levidg25kee1a4a4k5b0', 'eyJ1c2VyX2F1dGhlbnRpY2F0ZWQiOm51bGx9:1p3Khy:9Ejjg42DLpDHV5AMEUBVIs3G1gHnUpEbuHl_Cl2g-sc', '2022-12-22 17:29:18.119546'),
('2c6o2siv4ai3jue3q0eaguku8yn8oi87', 'eyJ1c2VyX2F1dGhlbnRpY2F0ZWQiOm51bGx9:1p6QWk:qKWDS7TNDkZuQ8DabwKTVbTxfRuDesVAWMvXgI72NLk', '2022-12-31 06:18:30.872938'),
('2cstg77csolxe06w341u9fo57ll6t7af', 'e30:1ovkNh:M_ssewPRzRyUqrV0KH2hc1gW8FHaK2scY2EX34Z5GyU', '2022-12-01 19:17:01.702344'),
('2cvs8owlaqm9bmhcehyqoo11628vjild', 'eyJ1c2VyX2F1dGhlbnRpY2F0ZWQiOm51bGx9:1oypGA:UmbD_zGQtF4o_JgsP7H2QvI4BuvRvcXm0jQ4vI6snZE', '2022-12-10 07:05:58.798460'),
('2f2pwzihw5uylc2r73gkeni2b524kz7f', 'eyJ1c2VyX2F1dGhlbnRpY2F0ZWQiOm51bGx9:1oypGZ:6wCSCfQDHtqHeh2aSJHmeFqpPwTI_uCggEP-Yc4u_94', '2022-12-10 07:06:23.085475'),
('2gask73cjy2c55vp5or0csbym3t0jovt', 'eyJ1c2VyX2F1dGhlbnRpY2F0ZWQiOm51bGx9:1oypH4:sG299-4Fj8wWLxRlMgW2JfipV2LO_8-BhO6kZocSAl8', '2022-12-10 07:06:54.660622'),
('2gy29mys92litcah5m722u1ddsn2s9t4', 'e30:1owsl7:8L7ptoV_83NPXI-s3Xm-4ez3xiTKaYr-1w9jP-LPF5g', '2022-12-04 22:25:53.483559'),
('2hjm7ei0u10okktivoinhp3f5qrww1uo', 'eyJ1c2VyX2F1dGhlbnRpY2F0ZWQiOm51bGx9:1pBXZ6:kC7wEVXi3Mn-aP30ZWzJclAQ6tqVYAh7gyBVE0fO7kM', '2023-01-14 08:50:04.317494'),
('2ij2q79vkrq93ulxjrts9ptuh0zj7u5k', 'eyJ1c2VyX2F1dGhlbnRpY2F0ZWQiOm51bGx9:1pGrSq:1DOr2FqArN4dzYbc7-kyyS2cBGO0XFzl0-SVHlQxbok', '2023-01-29 01:05:36.782373'),
('2j3lj3xlvljhti3qmylwxdp442b3paof', 'eyJ1c2VyX2F1dGhlbnRpY2F0ZWQiOm51bGx9:1pCOAA:6HVNRiAMOuxJBCGVnc16Mm-bnEnlUobwC634ugSU1Yk', '2023-01-16 16:59:50.389547'),
('2jmc45gr0tdzb0a0hz2yqvjwuwuqup2j', 'eyJ1c2VyX2F1dGhlbnRpY2F0ZWQiOiIyam1jNDVncjB0ZHpiMGEwaHoyeXF2and1d3VxdXAyaiJ9:1pIS0e:NMyXx0rHQfB1kpBCphSG1bMoUV1WiZEfk5_lOOSfFFo', '2023-02-02 10:19:04.648717'),
('2lvro1xasbb9wrkb0nf2n7fg602ulfx8', 'eyJ1c2VyX2F1dGhlbnRpY2F0ZWQiOm51bGx9:1p3KiK:f5iXJGF_K38OIfq-_uLMWGCxk-Eg5YG4cTT2nBfP_3U', '2022-12-22 17:29:40.927285'),
('2ohh05nogugod8zdca7o1i96c8i16ac9', 'eyJ1c2VyX2F1dGhlbnRpY2F0ZWQiOm51bGx9:1p3KiO:dC_Cp3sr7nqqXws3_B1PeQnHXaDy0DAn12o385jvYvA', '2022-12-22 17:29:44.505564'),
('2ppn7qv4643p9ecfet0cqa0z5lzjvom2', 'e30:1otDZp:7TVW3lhxRhT7W-6WjSML8rETjEJmN9IB1DBbf2H5s0M', '2022-11-24 19:51:05.254468'),
('2pudh1y2ndwqv29cxa35twfkvcy2vtzl', 'eyJ1c2VyX2F1dGhlbnRpY2F0ZWQiOiIycHVkaDF5Mm5kd3F2MjljeGEzNXR3Zmt2Y3kydnR6bCJ9:1p6ZGK:g_yE8SlqhxgsKrrSKnMVPjngq2zBp_6jmR-z3W7S2w0', '2022-12-31 15:38:08.760304'),
('2pvqvlfm80sxz92orrmpe22vwuamewqr', 'eyJ1c2VyX2F1dGhlbnRpY2F0ZWQiOiIycHZxdmxmbTgwc3h6OTJvcnJtcGUyMnZ3dWFtZXdxciJ9:1pIvQg:Fle2p49RifXnE88Z7CVTfX2UhbwBjLNqKbmxlNZLBxc', '2023-02-03 17:43:54.622930'),
('2q9w8naom639qvtue5ivglh7z69y2yio', 'eyJ1c2VyX2F1dGhlbnRpY2F0ZWQiOm51bGx9:1pCOAB:abbFiZP5oOZKiQx0RBGmbo74Xq0eBH6_U22IITTuNJA', '2023-01-16 16:59:51.079919'),
('2qdekffz02y9vazgavyarowg4lpj3tvg', 'eyJ1c2VyX2F1dGhlbnRpY2F0ZWQiOm51bGx9:1oxog8:h6pZlfUgEbZ0XddUDAY9UKfDBaVzy3dgadsBg82ZRv8', '2022-12-07 12:16:36.647048'),
('2qhyl4fv0ua0m2ku40i145hkxxi24hhp', 'eyJ1c2VyX2F1dGhlbnRpY2F0ZWQiOm51bGx9:1pC9QS:JBdoW4tgEDQ_fqyXP76t_BoSjREm532p0bn80cLKVBI', '2023-01-16 01:15:40.826631'),
('2rt2zkbkxt2clrzynkmnrxrqs1p85uhc', 'eyJ1c2VyX2F1dGhlbnRpY2F0ZWQiOiIycnQyemtia3h0MmNscnp5bmttbnJ4cnFzMXA4NXVoYyJ9:1oxjGD:QMlsXHIybk2fFRUR9SjsTwgG_hJzVCYsERQdO06zWrE', '2022-12-07 06:29:29.512014'),
('2t37v8vaocr818af6k89xni4xe293vm7', 'eyJ1c2VyX2F1dGhlbnRpY2F0ZWQiOiIydDM3djh2YW9jcjgxOGFmNms4OXhuaTR4ZTI5M3ZtNyJ9:1pEsPq:T4lg58bAQU-Qq11U0v8zuS1bJ9yj93calQyCwhY6SL8', '2023-01-23 13:42:18.605898'),
('2tg0v0bv2cfy8cab7eipt4v9ou51ou0e', 'e30:1owyh9:03am6s7GC1ko1755n2E8oGzjZ4b0b3E7mNvdaKC_6Nw', '2022-12-05 04:46:11.995329'),
('2uliw16of0ykqr01zwiziisbbd1t5sje', 'e30:1ol02C:eieJJcE_9Vg-3ZbcZtqiDo5fDUJOHnhrmCpR9uHkIEY', '2022-11-02 03:46:24.618000'),
('2uunzwqe3cagy6i10y74fa163i5x0757', 'eyJ1c2VyX2F1dGhlbnRpY2F0ZWQiOm51bGx9:1oypKY:xW-diO0c2g51p7oQcGlHtA-45KVAjfZZ6bHfqLpYpM0', '2022-12-10 07:10:30.311111'),
('2xy4ezdn60o0t6q0kxpdb01vfhwwds7i', 'eyJ1c2VyX2F1dGhlbnRpY2F0ZWQiOiIyeHk0ZXpkbjYwbzB0NnEwa3hwZGIwMXZmaHd3ZHM3aSJ9:1oxPt2:UOT6VgqabkfHSUr4kklx8xi1JMf3I8dWOZXhLHXAaWI', '2022-12-06 09:48:16.938399'),
('2yj508unh43r7k0o7uqet3bf0tmzjp48', 'eyJ1c2VyX2F1dGhlbnRpY2F0ZWQiOm51bGx9:1oxD7J:gkM4xJ1blj72rLNJJC55cleqKFScrEdoTGZAZQjHCvs', '2022-12-05 20:10:09.463386'),
('31jvipmdj2zmn2voks9kdryu9b2uygnw', 'eyJ1c2VyX2F1dGhlbnRpY2F0ZWQiOm51bGx9:1pIdtc:LhUu51pIlKVT0PcxEniu7wugE3leBPwP1aMIgvxoIjo', '2023-02-02 23:00:36.079930'),
('39evrg0qklukzwhtc4pydtvmb7ztoex2', 'eyJ1c2VyX2F1dGhlbnRpY2F0ZWQiOm51bGx9:1p6PDE:0hmuB0QovFO3eIMrUznZEvULlj5yr-4wZP8kzH8lBtg', '2022-12-31 04:54:16.346609'),
('3bhluq3q6dtg6lmzhzltvpc2al0cx5rl', 'eyJ1c2VyX2F1dGhlbnRpY2F0ZWQiOm51bGx9:1oypJd:EApIatEaNOoZz8vF7i_1hSynvijeI0ULSpdLSYrDN4Q', '2022-12-10 07:09:33.710846'),
('3c04v47sq9jkrxz4y0zskpx1e2sgbnly', 'e30:1opUpw:lFbhi6ggdNiyYo4WfT0lbUKJhrBzEm-pakVK_TyiYWA', '2022-11-14 13:28:20.140000'),
('3cm69dtk26yqgtebp7k5b8l7l24736c3', 'eyJ1c2VyX2F1dGhlbnRpY2F0ZWQiOm51bGx9:1pGzi9:SnYzPzqJ8P6ZG854SZxwB6bbM44klRtdVTGEpR5N5nA', '2023-01-29 09:53:57.708346'),
('3dmgy6mju3ti04ut7y2m0f0n11wn23ap', 'eyJ1c2VyX2F1dGhlbnRpY2F0ZWQiOm51bGx9:1pBXZ9:fTgXUp9m65zOn8j_HrT63lEJoiTONy1XX71KGBXbb64', '2023-01-14 08:50:07.742703'),
('3dpddsmp9p64mmhxzvhgn5erk5lzk8x3', 'e30:1ol00e:UcXb7YJX8B3yAIsKzayeNnm64CKZsaZ4tFFlAOkykfU', '2022-11-02 03:44:48.824000'),
('3ecjnvo0sjli8p8zv523zhq9hfi5sllv', 'eyJ1c2VyX2F1dGhlbnRpY2F0ZWQiOiIzZWNqbnZvMHNqbGk4cDh6djUyM3pocTloZmk1c2xsdiJ9:1p8J7H:Q2ML3AK-C9WwRiKA4XsRzMMg2gS3Iz900MIiRrvoglE', '2023-01-05 10:47:59.946112'),
('3ful46msic0wegkh0c7wvm867nsxsvar', 'eyJ1c2VyX2F1dGhlbnRpY2F0ZWQiOm51bGx9:1oypI3:9qG3DO44Kj3O0WiHlPg0FHXQzqwOlaDV4Lmh2nN9BJY', '2022-12-10 07:07:55.708688'),
('3g7k4lexdb93is2ejmxw6iha4q4eo7tv', 'eyJ1c2VyX2F1dGhlbnRpY2F0ZWQiOm51bGx9:1oyTmQ:AMrhfqpDMXsIp1hTC5LkFzCGzVPnZxzS00vggxs7vmA', '2022-12-09 08:09:50.932253'),
('3hfymqk3fe5tqjynfw8arpxnah2jtp1u', 'eyJ1c2VyX2F1dGhlbnRpY2F0ZWQiOiIzaGZ5bXFrM2ZlNXRxanluZnc4YXJweG5haDJqdHAxdSJ9:1pIrzu:jjXtIhjRs4pc1Mn0n-FrKLfGte1L4q_36mKR9cxfAUY', '2023-02-03 14:04:02.152080'),
('3kjef987sricu3d0ik4u5ib9lbslt57u', 'eyJ1c2VyX2F1dGhlbnRpY2F0ZWQiOm51bGx9:1pEAD8:ff4v_5jlJeg7mxVA6PrWnBMuEOP22GGs3MvfOZOv7kc', '2023-01-21 14:30:14.207684'),
('3kn006tkf3moa149n64jkx65kk8ff6b9', 'eyJ1c2VyX2F1dGhlbnRpY2F0ZWQiOiIza24wMDZ0a2YzbW9hMTQ5bjY0amt4NjVrazhmZjZiOSJ9:1oxkmD:kfkUfMBa7_EEgF5IsUneNcMCWdlqJGfXrO6uPk-ZZh0', '2022-12-07 08:06:37.578842'),
('3kubt19zjn5z9gsznodm8w3gsxblz3uy', 'eyJ1c2VyX2F1dGhlbnRpY2F0ZWQiOiIza3VidDE5empuNXo5Z3N6bm9kbTh3M2dzeGJsejN1eSJ9:1p6RM1:TmYis0a4M8tktsP2M4yI0pnx-z2MfhdBF51LDpIwkX8', '2022-12-31 07:11:29.385925'),
('3ky6guqe96q88dhd03dm5erd8qnfhitg', 'eyJ1c2VyX2F1dGhlbnRpY2F0ZWQiOm51bGx9:1pBXZ6:kC7wEVXi3Mn-aP30ZWzJclAQ6tqVYAh7gyBVE0fO7kM', '2023-01-14 08:50:04.104609'),
('3l1pe4i9c7rt3qb18tvq6i3qwvzank0j', 'eyJ1c2VyX2F1dGhlbnRpY2F0ZWQiOiIzbDFwZTRpOWM3cnQzcWIxOHR2cTZpM3F3dnphbmswaiJ9:1p9729:L-bUAgqV-TJukNWwT0YgHwvC24oR1B3yAqBSeRUyqP8', '2023-01-07 16:06:01.551706'),
('3l4qcdqvor79oobiaj3srj36ocjvpxar', 'e30:1opqfs:ZO1LvnST8T_3dduDqggfI-7--4YNnDnmg7I1PIiDa8o', '2022-11-15 12:47:24.378103'),
('3rhmtwiwtp4xeiw3aaim2fji0hjseu6x', 'e30:1opqkK:0CoQIHzFjDqqw9SLF2Ql0kQPcdNiEgnovX20hOSGwyM', '2022-11-15 12:52:00.095462'),
('3rk6rzbbny349vtwiec9yylwfqfj6hux', 'eyJ1c2VyX2F1dGhlbnRpY2F0ZWQiOm51bGx9:1pCYtT:uvfvUzWi2_PB1JK09S46vAV1eH2JuffcKlQ-Rf5my58', '2023-01-17 04:27:19.182019'),
('3tlhkvz4b92s2c3o7gf5scrsquglg7ue', 'e30:1oqNBZ:uucqY6UAG9Tx5MZnH-oKH4vPNmFbcFQk0000Bs2Ww5k', '2022-11-16 23:30:17.355110'),
('3vdnk97txejmhdm6bqof5f6kcnl93ivm', 'eyJ1c2VyX2F1dGhlbnRpY2F0ZWQiOm51bGx9:1p6a5I:CsyTVfNxxaFcxTucMJVKW56WzFuOU2nmV1KnF-igS4c', '2022-12-31 16:30:48.667697'),
('41qkbcarjl0hjdtz69kwe87gdg9uxt8n', 'eyJ1c2VyX2F1dGhlbnRpY2F0ZWQiOiI0MXFrYmNhcmpsMGhqZHR6Njlrd2U4N2dkZzl1eHQ4biJ9:1pIu2V:7O4_6Tr7ZMKlpckMX1UfarUwamxlJewzbgZb-JsVgoA', '2023-02-03 16:14:51.790140'),
('45ybk45cs4gttf3tfqa5nznl44n05f0m', 'eyJ1c2VyX2F1dGhlbnRpY2F0ZWQiOiI0NXliazQ1Y3M0Z3R0ZjN0ZnFhNW56bmw0NG4wNWYwbSJ9:1oygO3:9qK3NdADXFouMXa3e_UEP1k1vrY0RTXxhEksFcNQDXM', '2022-12-09 21:37:31.716502'),
('46jg07rwpc05l4idte7sqp12z3813q55', 'eyJ1c2VyX2F1dGhlbnRpY2F0ZWQiOiI0NmpnMDdyd3BjMDVsNGlkdGU3c3FwMTJ6MzgxM3E1NSJ9:1pBXYp:e4dUd4N4_BpEaDQXgWPs4SMg6DHvRIcwdYd-c1TbCjw', '2023-01-14 08:49:47.151368'),
('46xp7dz3tuqg4h5m3m5is91vt9yr257e', 'eyJ1c2VyX2F1dGhlbnRpY2F0ZWQiOm51bGx9:1p5kS4:yIFOHiX9dR04gu-N8H1g7a86VkWhCG0K-f3V9OGMJKU', '2022-12-29 09:22:52.028924'),
('49s6j2uj0qkdafwa0tyqklppoqtf0f06', 'eyJ1c2VyX2F1dGhlbnRpY2F0ZWQiOm51bGx9:1oygMs:KHRwEeAErcJDEe8t2xZ1tA04d1cYcw2KnQZncCQ3Ux4', '2022-12-09 21:36:18.588979'),
('4a05b8gu4sh4oa39f69qgduu1u0axt2p', 'eyJ1c2VyX2F1dGhlbnRpY2F0ZWQiOm51bGx9:1oxD7O:7RMdkgnqIdA3vhzxRJhf7B4abMPDUbXjih-id6EX094', '2022-12-05 20:10:14.775893'),
('4e3ol6b0sji41skar4uqw9smamzv3ey3', 'eyJ1c2VyX2F1dGhlbnRpY2F0ZWQiOiI0ZTNvbDZiMHNqaTQxc2thcjR1cXc5c21hbXp2M2V5MyJ9:1p3JyQ:Nma4xFkDshpVBuStPuSgAA74jbIpX8MQwK9w2L-zoMs', '2022-12-22 16:42:14.458224'),
('4ej37b320iq6heelo38do1v9501dt5ju', 'eyJ1c2VyX2F1dGhlbnRpY2F0ZWQiOm51bGx9:1pDeLD:vw7ej5hOX3DJge6f6eFRCK4HV239UVh5WW7LA06rANE', '2023-01-20 04:28:27.321475'),
('4gdr9vns75nhcivzlr4tkfppimobs6ub', 'eyJ1c2VyX2F1dGhlbnRpY2F0ZWQiOm51bGx9:1p3KhF:Ce59wFUoSHGsW88pb6_lx0cgNv6Dq0yXT1BUW_CE39E', '2022-12-22 17:28:33.990543'),
('4gzjemip6iw6f95yj58d1uk4orgey7ko', 'eyJ1c2VyX2F1dGhlbnRpY2F0ZWQiOm51bGx9:1pGdG4:-g_FcTXpo8_wyt67ap3ShFz1rNkAE31XTYrH3IxXgYM', '2023-01-28 09:55:28.407144'),
('4gzluu5tt2d5kdoefaajdkug4sw3brd9', 'eyJ1c2VyX2F1dGhlbnRpY2F0ZWQiOm51bGx9:1pHANU:dNccyX2cKLPUhyitfMIb-VeLvFwsCdU68DRt0xuswMo', '2023-01-29 21:17:20.173853'),
('4hehu33e0lty0y83upsn1dzgievyz7av', 'eyJ1c2VyX2F1dGhlbnRpY2F0ZWQiOm51bGx9:1oygNn:722b2XfNL0Up5CM7pxf_8rI5QiAsbnOI86WRWkZS2fY', '2022-12-09 21:37:15.685875'),
('4hqxr6i51lval9e5rgikqoex51s3lkd9', 'eyJ1c2VyX2F1dGhlbnRpY2F0ZWQiOiI0aHF4cjZpNTFsdmFsOWU1cmdpa3FvZXg1MXMzbGtkOSJ9:1p32If:p30asuVnaRzuweCbFCKn2P-0UkomcbsBfrxKBVivx2A', '2022-12-21 21:49:57.087606'),
('4k8srt63rgzh5dm2aadnvp8fewhvwa9x', 'eyJ1c2VyX2F1dGhlbnRpY2F0ZWQiOm51bGx9:1pDHDk:YltFyY_PRwEI1hUQeCq9NtwAk4U-9CHk8JnFuVW7HtU', '2023-01-19 03:47:12.434306'),
('4khl6ocres7pa1shiu9g2mw8ruel8f2y', 'eyJ1c2VyX2F1dGhlbnRpY2F0ZWQiOm51bGx9:1pIIw5:FcKAsinz0sPjzsBDz2a5lswKp8njdQu3TdMIsxLblnQ', '2023-02-02 00:37:45.406808'),
('4n1jobtb64t3f4ptyb4qv1fhd9quys64', 'eyJ1c2VyX2F1dGhlbnRpY2F0ZWQiOm51bGx9:1oypEI:f1Q9bw17qDavT8XxxDCv8CwtF-EB3HvvbmX334zEsVA', '2022-12-10 07:04:02.684162'),
('4obhxsqadq7g5eik4aevdc53qnqb3qui', 'eyJ1c2VyX2F1dGhlbnRpY2F0ZWQiOm51bGx9:1pImfR:ljw7iM-TAfPbN7bs54ma9c9_Uze39hwm6_AqPYS9HwM', '2023-02-03 08:22:33.852523'),
('4onkprikz4d8g2pahmt9er4gvvip52m5', 'eyJ1c2VyX2F1dGhlbnRpY2F0ZWQiOm51bGx9:1oypKJ:O-Go06Ph34uhV9tEMU00VRkE1nNrzI_krCkguxkjd6s', '2022-12-10 07:10:15.822176'),
('4t1fippndxohcbbi4ct54duhxfd5dlvg', 'eyJ1c2VyX2F1dGhlbnRpY2F0ZWQiOm51bGx9:1oxogU:BRDwnpOJce7lqd81Ea0EHd1Fcabq3MhLj4bWRORx7wo', '2022-12-07 12:16:58.736145'),
('4tlotgl18hr2pousosietu2f16e3io9b', 'eyJ1c2VyX2F1dGhlbnRpY2F0ZWQiOm51bGx9:1oypEW:M5T5zBjswNH0leLoqmHV2TVhUVMOJpoTmixUaEa7mcY', '2022-12-10 07:04:16.375657'),
('4u4x2fbnmc0ka08jeoi6hbni0qfcwxzo', 'e30:1opV9q:DSS2LRNL5zfqDtR1T4iRyNy0DI043zXJ1hqNFkixQes', '2022-11-14 13:48:54.237000'),
('4vb9ll1cfkogdo8exttss0c6lovlj3ew', 'e30:1opV2F:gl9sPoh8_egA4PSmsN6uWPPALw8820fd_bxFu_t-ZGI', '2022-11-14 13:41:03.981000'),
('4x0xymaey8jfp8fxyz9d7gota1d2slw7', 'eyJ1c2VyX2F1dGhlbnRpY2F0ZWQiOiI0eDB4eW1hZXk4amZwOGZ4eXo5ZDdnb3RhMWQyc2x3NyJ9:1oxCY1:7TbTkFEBpn0vX5i_zzctIL3B2tT7IbXw8RkEqxspjcw', '2022-12-05 19:33:41.136896'),
('4xqs6cfpbt6g4aow35b0h8jfmpqf457s', 'eyJ1c2VyX2F1dGhlbnRpY2F0ZWQiOm51bGx9:1p6zl8:KnmaBhzMY9mUIZeaDWLTsqbGlQ2CPEZ2BioZT1JhKhs', '2023-01-01 19:55:42.804608'),
('4yw8bcfcoz44pyiatl2dxkra9xlgk1av', 'eyJ1c2VyX2F1dGhlbnRpY2F0ZWQiOm51bGx9:1pIQA2:Gp_sy3OdYG6o9BBum9-FgMLXkS2NAxd8qEPWNWP9mpk', '2023-02-02 08:20:38.078235'),
('4z2u5pfl9boubq6siwf92vetqfk1402x', 'e30:1ol0Ls:dJHQ3eCRvrzS7mxUbKjbFyAC_UtM1C4zfiglqYbSjGY', '2022-11-02 04:06:44.650000'),
('4zho1o8iud98ivjqc81vy32bntg7razp', 'eyJ1c2VyX2F1dGhlbnRpY2F0ZWQiOm51bGx9:1oypHC:IIql0-1YnXS-a1XUhIbKLrnJNvaULDOoSOaywJdM-04', '2022-12-10 07:07:02.777572'),
('51fuj7zbbvqd4koj5of2gtuadh8og4j5', 'e30:1opqkH:EtHorpJzp2bz-_O_oc3iw54sJO5dz0LzDk91NXeEqGA', '2022-11-15 12:51:57.111734'),
('53vn64625h1jttboj9417vdr560pv2m7', 'eyJ1c2VyX2F1dGhlbnRpY2F0ZWQiOm51bGx9:1p3hSZ:6r1WbMapGL8K0p3ylwsq_WCXj3HiO1ITfp8CA96Fuks', '2022-12-23 17:46:55.572074'),
('54fh4fq45712sfbdlri1ru0gsj4s4ep7', 'eyJ1c2VyX2F1dGhlbnRpY2F0ZWQiOiI1NGZoNGZxNDU3MTJzZmJkbHJpMXJ1MGdzajRzNGVwNyJ9:1owz5e:KtW3Uz45bXdEf6wYF-wFuAmZE79LirXWLj5G3qbLE6o', '2022-12-05 05:11:30.447018'),
('56lq1kdgj9cpqq215ceh233639cankfp', 'e30:1or6MQ:BIDnB1Z3J4tDqkLFr7um1CXQ1_0t6fFRDmv3u3e4kf0', '2022-11-18 23:44:30.970477'),
('59nzy2xzi56z90lhlxa2izklsve7fja9', 'eyJ1c2VyX2F1dGhlbnRpY2F0ZWQiOm51bGx9:1p6QWi:bdQqEUIycDfkZpGEsj_hneTzF3Qh9JmnXASgJvjPMZg', '2022-12-31 06:18:28.905246'),
('5almvtix8uargs1w0lub0i7e9k2yg9zt', 'eyJ1c2VyX2F1dGhlbnRpY2F0ZWQiOm51bGx9:1oygMi:olIOHl8OR6Ucpkpp00BcFM_EPWX1Q5xVfyweUUvteMc', '2022-12-09 21:36:08.191080'),
('5c3tyc4qlmvdesdmalwvkxsibjam3f6e', 'e30:1oviHV:i63bwhMHLgGbiMRtigh3PRDVe0jwU01W8fzggS8WCP0', '2022-12-01 17:02:29.982737'),
('5c5w4s3kzo6t86zwqryjt3uzmyrz2d8q', 'eyJ1c2VyX2F1dGhlbnRpY2F0ZWQiOm51bGx9:1oypG0:KUGsApyRV1HsnKfZBetGBj0ALXe6fUR-QO1kkqydnk0', '2022-12-10 07:05:48.626674'),
('5gqp24qwz2f24037z82o9416ypm9bxir', 'eyJ1c2VyX2F1dGhlbnRpY2F0ZWQiOm51bGx9:1oxoh7:0hJArJmcMwZH4eIhZhcScjlGyROw6cmVG0_Wg33rV9A', '2022-12-07 12:17:37.150547'),
('5hzuvx5grunqpcvhzaub8o5mg9dva6nk', 'e30:1opUhR:5FsDw_5aC2mSPdPUnsdrzSkKQSGW4g3Cf0oWFoPbI0U', '2022-11-14 13:19:33.398000'),
('5j1upktjv9tgbuzg2tk92t6zkrx4tkuq', 'eyJ1c2VyX2F1dGhlbnRpY2F0ZWQiOm51bGx9:1pA8vm:oOoCfE6lEZssdf3-HNYJ-TtSAyzhfpzHGJrTb-0-FXk', '2023-01-10 12:19:42.961951'),
('5l224l6603uzxtnl81t9fk33k9hnqrmf', 'eyJ1c2VyX2F1dGhlbnRpY2F0ZWQiOm51bGx9:1oypK3:EgC7jXkepKDhk9U8HuYX_zHqvit2dqnIuGUyCOlgBfE', '2022-12-10 07:09:59.711879'),
('5nxofo66uiix9oi1gqfggt8ccwreyjv3', 'eyJ1c2VyX2F1dGhlbnRpY2F0ZWQiOm51bGx9:1oypKQ:dVOIop9z3-XucbsiFk29MJW4bN0wtfSNqBMI-KLtON0', '2022-12-10 07:10:22.653250'),
('5pseqyvoekzrqa8enmay91tiz132r4lo', 'e30:1ovtWz:ANS5lF4AfKgaDtikwSv57QJV0zoPB0jQ3bHhgEt7GQQ', '2022-12-02 05:03:13.545615'),
('5qqzzbth87twvbottm4u82pbh2rn79k6', 'eyJ1c2VyX2F1dGhlbnRpY2F0ZWQiOm51bGx9:1p3Ki4:olh4wpEENfnsnsTE4EFrg60CtZTJQOBxQnqjjnCVgd0', '2022-12-22 17:29:24.751953'),
('5rilu936y6yukfz99qeyzw2b8mz7ww4i', 'eyJ1c2VyX2F1dGhlbnRpY2F0ZWQiOm51bGx9:1p8UL6:EddgrRbjkUGiOtNgr3ZzCi8f_wTe9slBjowDmbQp66A', '2023-01-05 22:47:00.972496'),
('5rs3gewf05krhvi19am1bx090704y4va', 'eyJ1c2VyX2F1dGhlbnRpY2F0ZWQiOm51bGx9:1oypHd:1cWAI5wWmPcbCczCNfBFOVYNlt8cvqeq9yfDAX4njEE', '2022-12-10 07:07:29.753803'),
('5rtll84sx7c4mgxncf72d4oxzcy5kr5m', 'eyJ1c2VyX2F1dGhlbnRpY2F0ZWQiOiI1cnRsbDg0c3g3YzRtZ3huY2Y3MmQ0b3h6Y3k1a3I1bSJ9:1p1rXA:yeTR6pFvkwtz9CTb4SSko4k7q6dO5lJct5cJEtR53x0', '2022-12-18 16:08:04.204873'),
('5t2wz2c3w1636c2creiso8h2z8y8265e', 'eyJ1c2VyX2F1dGhlbnRpY2F0ZWQiOm51bGx9:1p3KiJ:1Y4RPrC2lGUqbP7EcaFuDN9n9Zc_lSd_iGx_bmte8GE', '2022-12-22 17:29:39.681265'),
('5ukmrxgzrkpixz2klkpqax37fs4sk4t0', 'eyJ1c2VyX2F1dGhlbnRpY2F0ZWQiOm51bGx9:1pAKwk:Ta1AFVzhJGWbIC8GZ6LXHJCxJQtQX3XTinENb-e9Et8', '2023-01-11 01:09:30.483712'),
('60aebbil74q30hez3hq1dy4z8z717sok', 'eyJ1c2VyX2F1dGhlbnRpY2F0ZWQiOm51bGx9:1oygNr:_R2p2h0xPheSPlM0p9vqjKTPHXYKIwLzjsVZwP2Q-64', '2022-12-09 21:37:19.667329'),
('60ih9zpysfsyt6xb5etopdazw8janw60', 'e30:1ovsmg:pe7xTzdsg4VPnzZkDt6lfpXkje77w4wPFVpSpymX93k', '2022-12-02 04:15:22.172590'),
('61i44nbds123ax6py6v3dn1xziuju3w7', 'eyJ1c2VyX2F1dGhlbnRpY2F0ZWQiOm51bGx9:1pBqSg:WtIDILRoMH4GNFpLNuyFiVn1G4SV5fenP5VlzWgpdLE', '2023-01-15 05:00:42.773289'),
('62np9u8g225wnslamqdtwqey8s8qzwrs', 'e30:1opoPL:E_RCrPFLJd2DxoMBLPQ1FXfkRMSzrYk0yadr5AXkEx4', '2022-11-15 10:22:11.106496'),
('63x3lv0u98460u4kojd4z8mhfefc65i8', 'eyJ1c2VyX2F1dGhlbnRpY2F0ZWQiOm51bGx9:1p6zkw:l6m-xUPvovGGbNvjE9gcKe1nmaN2yfrjJrEYb1O3DZQ', '2023-01-01 19:55:30.343391'),
('6699on2v4hem61vz123bqxnaqnjoh4o5', 'eyJ1c2VyX2F1dGhlbnRpY2F0ZWQiOm51bGx9:1pCOAA:6HVNRiAMOuxJBCGVnc16Mm-bnEnlUobwC634ugSU1Yk', '2023-01-16 16:59:50.316983'),
('6aonlsqmpg1o2hy2jzmdwce4rx0zgpz5', 'eyJ1c2VyX2F1dGhlbnRpY2F0ZWQiOm51bGx9:1ozgZn:O9IxOw6XwprKKHRNJFtSwP5ye-NCZMtT2KRwDlODLFw', '2022-12-12 16:01:47.005706'),
('6awe2pz0rh8x8g0x9jlhk8rmp1yc86z7', 'eyJ1c2VyX2F1dGhlbnRpY2F0ZWQiOm51bGx9:1oxohN:3JsugKwvbFdowA9Ar-VIiVy-TnOd8tYxNOM4D4H8RuA', '2022-12-07 12:17:53.659462'),
('6e8w5lo1opxzuy17zffpos7jcr8c4ro1', 'eyJ1c2VyX2F1dGhlbnRpY2F0ZWQiOm51bGx9:1p3Ki3:bT7uWt3O9J2bMZL_LmHZE_bxpp7HwPE4j_orfwAZNWI', '2022-12-22 17:29:23.083902'),
('6eh1pbwgh4fsjee8u1yabqxhk0vs6og5', 'eyJ1c2VyX2F1dGhlbnRpY2F0ZWQiOm51bGx9:1pCOA9:x3zVBVwgiuPOGAwdNx9aum5lUge8o8xyijcC6snBRwQ', '2023-01-16 16:59:49.358158'),
('6eyil4fdkbpkttqhnapkwqcdj4m3b92b', '.eJxVjMEOgyAQBf-Fc0NYUMSeGu_9BrPAorSKqeKp6b9XjRevb2bel60LzS2uuaeUo8NMnt3Z59GNGAfuppHd2IHbQ4w7BWOuq0X3prQj_8LUTVuX8hwt3xV-0oU_J09Dc7qXgx6XfquDQFv6gL6UhohqobzU2kJwRhUVKCgclFYqpynUAEKCCNpoXQmrCCCw3x-3WUST:1pIupg:q0Wgmw5maV4fRyja9Kc1M5AhSf8XvRf3OuDT7KFnEZI', '2023-02-03 17:05:40.537646'),
('6i2f7e3td4ui3yuttnxldhtnzwtlh78n', 'eyJ1c2VyX2F1dGhlbnRpY2F0ZWQiOiI2aTJmN2UzdGQ0dWkzeXV0dG54bGRodG56d3RsaDc4biJ9:1pIQc2:scWimGlnDcl2MvC6dLrhK2AtArgfQntcIb6Y5duAzDw', '2023-02-02 08:49:34.489050'),
('6k2br0bhalayzuvu19ce41y3hwi9kig2', 'eyJ1c2VyX2F1dGhlbnRpY2F0ZWQiOm51bGx9:1pC9QT:l2PdvxOgS1bV5idSw51L4kckgb-0ut0N4W2bWha7GXI', '2023-01-16 01:15:41.074680'),
('6lfx1k53g1lfc5htrhmsmnzohvht5jeq', 'e30:1okk8C:XtJholSJDm_VWR2JDysISOFSaS2Bv3pVeOZPfIIrVX8', '2022-11-01 10:47:32.118000'),
('6lkwt13phlbi6ikaqx2n8u6yis41rgrw', '.eJxVjMEOgyAQBf-Fc0NEEaGnpvd-g1nYRakKieKhafrvVePF65uZ92XrQnMLa-4p5uAgE7I7m5MbPoWojHp0E4SRuzSxGzu89ijCronrZsENFHeAb4hd2qqY52D5rvCTLvyVkMbn6V4Oelj6rTZWGk_oAUphjSBArZAkai_R140sSTVWV0I0WoBwqCuHRtpKaW2Kmiz7_QG72EfM:1oyaSw:ySbnhxyxxknvfNGb-rx8TnkfOW2wwPVWwxYoNX1HRE4', '2022-12-09 15:18:10.983572'),
('6qaglwl0n2davkn3l8jy5xoxsy122tb9', 'eyJ1c2VyX2F1dGhlbnRpY2F0ZWQiOm51bGx9:1p9O9a:8c2Db45SYQIIkpjNWGkk3kL-DL01ez8KWrVA-mB7uCE', '2023-01-08 10:22:50.626406'),
('6thcw44g5o3ic1rbgdg69bafu46lvpmd', 'eyJ1c2VyX2F1dGhlbnRpY2F0ZWQiOm51bGx9:1p4Qrn:3tBFzVXwnkJ7XZ0g-sSa1HalodD17puDOMfRFpTH0so', '2022-12-25 18:15:59.763074'),
('6v0rfjplwi04wrq74mhlrws91nkdmmla', 'eyJ1c2VyX2F1dGhlbnRpY2F0ZWQiOm51bGx9:1p010c:mztW9fwOQ4ClsnBI07DRx_sUt_bD7Wv-pQXSt9SGUP8', '2022-12-13 13:50:50.027227'),
('6x27q2svhg84aniwysdztt7lilprxa9p', 'eyJ1c2VyX2F1dGhlbnRpY2F0ZWQiOm51bGx9:1pIQA2:Gp_sy3OdYG6o9BBum9-FgMLXkS2NAxd8qEPWNWP9mpk', '2023-02-02 08:20:38.036994'),
('6ysrdgt8kp4p8shxr21wx2g4ot8sihhv', 'e30:1oqAHY:-zBBw1YmMdWV4WedbOFgIxml9wrvVHFTrggsxH8F2Lw', '2022-11-16 09:43:36.731202'),
('6zbjdl7f3k2hf3oqa97c6hhrpsecvwtp', 'eyJ1c2VyX2F1dGhlbnRpY2F0ZWQiOm51bGx9:1p4Slp:KuEnkC5-YfDh_jMbhMIzFL3PPny8efFS5OWMaS9t5tY', '2022-12-25 20:17:57.703819'),
('6zco7oed70erzki4w540gk1xx0yh8trk', '.eJxVjMEOgyAQBf-Fc0NYUMSeGu_9BrPAorSKqeKp6b9XjRevb2bel60LzS2uuaeUo8NMnt3Z59GNGAfuppHd2IHbQ4w7BWOuq0X3prQj_8LUTVuX8hwt3xV-0oU_J09Dc7qXgx6XfquDQFv6gL6UhohqobzU2kJwRhUVKCgclFYqpynUAEKCCNpoXQmrCCCw3x-3WUST:1pIuLh:n9mXESL3v8bU_wESbDhw4eQR5834mOpJYXW5ygCWWZs', '2023-02-03 16:34:41.413207'),
('70oppjdmgkr5s5zjijfl3obsazj6btuk', 'eyJ1c2VyX2F1dGhlbnRpY2F0ZWQiOm51bGx9:1p3Ki6:nXPIcpCMAd4DjPYKdPIEzACmBZR1iSVWxn8aYRg5ER8', '2022-12-22 17:29:26.661627'),
('71y18q2vs4h4k5lviero9d121cr1xegs', 'eyJ1c2VyX2F1dGhlbnRpY2F0ZWQiOiI3MXkxOHEydnM0aDRrNWx2aWVybzlkMTIxY3IxeGVncyJ9:1oygOG:EnpTOiTbTqtUAmWP9ShFMOWfLKo57MGluKd0cIYSAJ4', '2022-12-09 21:37:44.734497'),
('72jeg9xt31hc4yzqbbxbaqppcfc1vj7d', 'e30:1ok44i:jf72ehQaCfcZF3erfwupSuAApra0BPvSbyHoUN64SKg', '2022-10-30 13:53:08.603000'),
('7333owlwydrffhto6128znhixqj4tvmi', 'eyJ1c2VyX2F1dGhlbnRpY2F0ZWQiOm51bGx9:1pA8vc:_O7smGu8x6LuOavQMFx12tA7k3K80N9rjstUwaPnJ1c', '2023-01-10 12:19:32.301548'),
('78cc2cp0yzkllesbysdnvmvfmncqvmhi', 'e30:1ol0GH:JIPCj4MKaGT8s-HjWNPo2-NuxRZBeS5LAt3TmUaGNCA', '2022-11-02 04:00:57.026000'),
('7cig43jcbx6y76zbvtew7l9bep747als', 'e30:1opVGI:c0cQiUuo6QB1le7R5mA4CKS-O8dYABG-Akf3xy3HVqw', '2022-11-14 13:55:34.148000'),
('7dfd59qxpb66e7hciahlpt1cx3t2ymfp', 'e30:1otnH6:qdys1hMEKkyZP3eIXC5AgMh5N-ySw3Z3SQrsEWvd17E', '2022-11-26 09:58:08.222117'),
('7dir9f5lobd5dhor8i7849lp36megd3z', 'eyJ1c2VyX2F1dGhlbnRpY2F0ZWQiOm51bGx9:1p6oMC:ebRTttiGVEkvRjrvZDt_xXW8BsRDUMxub8IcRIMT5r8', '2023-01-01 07:45:12.688064'),
('7eh72k0r7ddjt9oszgw8riad0zrce70b', 'eyJ1c2VyX2F1dGhlbnRpY2F0ZWQiOm51bGx9:1pDeLF:G_iGfsOwat1QZ16Q3wybQfVTOoadwVxxaCOAXckX68I', '2023-01-20 04:28:29.496722'),
('7f9k0lqei5d2spodcqpswq0rq51gih0g', 'eyJ1c2VyX2F1dGhlbnRpY2F0ZWQiOm51bGx9:1oxXHR:BKLL1wMDAgLN-tZOQ9qewWq0aW1svdpDWYeYdSzb6V0', '2022-12-06 17:41:57.263331'),
('7guz1jswukwgqs4sd5ep1an88jggqymb', 'e30:1ovtWc:Q7sxCfwMkVJaScmjs8EncbVBlmQgbeNYIVZ6CAD2zkA', '2022-12-02 05:02:50.799254'),
('7losx9gims8o479ejwx7rg5cmv3zjtab', 'eyJ1c2VyX2F1dGhlbnRpY2F0ZWQiOm51bGx9:1oxogf:cB1iZgfuWPxdU2JoJp-g71jc6vZ5BbntI5bW2qcURxo', '2022-12-07 12:17:09.244541'),
('7lpt260aol5oieddwzk9vanxsa1fzm2l', '.eJxVjMEOgyAQBf-Fc0NYUMSeGu_9BrPAorSKqeKp6b9XjRevb2bel60LzS2uuaeUo8NMnt3Z59GNGAfuppHd2IHbQ4w7BWOuq0X3prQj_8LUTVuX8hwt3xV-0oU_J09Dc7qXgx6XfquDQFv6gL6UhohqobzU2kJwRhUVKCgclFYqpynUAEKCCNpoXQmrCCCw3x-3WUST:1pIugY:CfnBlWmMn7qyGlJZrRZD9m6NbfzVQ7CO5z1nGOWMmdQ', '2023-02-03 16:56:14.690922'),
('7ly5l5da0lkj1zq506ibz2wf60r4edv2', 'eyJ1c2VyX2F1dGhlbnRpY2F0ZWQiOm51bGx9:1p3Ki2:HBnE23-tYI0ZMXTnCr1q3-CJyUHC2XS4wtrfrcHXQ_U', '2022-12-22 17:29:22.182019'),
('7mxw37knpawu9qc8vzrky046l8xmiyro', 'eyJ1c2VyX2F1dGhlbnRpY2F0ZWQiOm51bGx9:1pBppI:OKRkJsPZIFiYAdnfo2HnPHmmJMbJn7FtY9_hLpcn6Ys', '2023-01-15 04:20:00.372635'),
('7nq6zcik23kznizxu4gaupqg2hl75uf6', 'eyJ1c2VyX2F1dGhlbnRpY2F0ZWQiOm51bGx9:1pBXZ8:vsm_ERGZYVty0YOT7x8wynpUtatwBgCkm17zMbOlhbI', '2023-01-14 08:50:06.773437'),
('7o0qymhu7hti5wawogkhb1j5kd6oxc6n', 'eyJ1c2VyX2F1dGhlbnRpY2F0ZWQiOm51bGx9:1pIQA2:Gp_sy3OdYG6o9BBum9-FgMLXkS2NAxd8qEPWNWP9mpk', '2023-02-02 08:20:38.089245'),
('7ojgxzcqg9lpc9ctt5354kfnlr802ekx', 'eyJ1c2VyX2F1dGhlbnRpY2F0ZWQiOiI3b2pneHpjcWc5bHBjOWN0dDUzNTRrZm5scjgwMmVreCJ9:1oxCX7:iFNyTAQlfl8kcL7KDzTercT1KcSX8AlVj1WCuLFqQBY', '2022-12-05 19:32:45.407174'),
('7opq2z0c4nqed5i1y136ltqxmlwk8t9j', 'eyJ1c2VyX2F1dGhlbnRpY2F0ZWQiOm51bGx9:1p1nIM:-xW_izcSnT9SvjzX2sg47xOwkCoJYNnYtj6aeWWiSg4', '2022-12-18 11:36:30.709976'),
('7pn2cffk0j5hjvlb0m5ap63c4ze0kkd8', 'eyJ1c2VyX2F1dGhlbnRpY2F0ZWQiOm51bGx9:1pIQA2:Gp_sy3OdYG6o9BBum9-FgMLXkS2NAxd8qEPWNWP9mpk', '2023-02-02 08:20:38.278919'),
('7r9uhaaq2vpjtb4mdlwhfg2r8140yyrj', 'eyJ1c2VyX2F1dGhlbnRpY2F0ZWQiOm51bGx9:1p0r3m:bRSORLNh1hjj1lXH-9P1OZy_IAeug5xJxvlBEGSpzjA', '2022-12-15 21:25:34.075333'),
('7tgvui4tlpqk8i7zjg8hz5vk5lc7whzh', 'eyJ1c2VyX2F1dGhlbnRpY2F0ZWQiOm51bGx9:1oypGa:YlIy_olbdYj54Dibz7kKcKTrM5DslE5HbVThZhY4Piw', '2022-12-10 07:06:24.467778'),
('7uc9t2gwm4mm36etlsjwomnqsmhq34rn', 'eyJ1c2VyX2F1dGhlbnRpY2F0ZWQiOm51bGx9:1oygNk:l8oggWJNZxi9JszSIVDjO9ir2zw5mAV1t8hrQnqopu0', '2022-12-09 21:37:12.845311'),
('7xc54qzff90jaagxbg2ilyyncxe2lrta', 'eyJ1c2VyX2F1dGhlbnRpY2F0ZWQiOm51bGx9:1p3Khq:WTZXP68iAndnHY10RrfjwS8rkjeKofdEItQv-2kN5y8', '2022-12-22 17:29:10.132308'),
('7y8dm2axi05i17yr84h69z8bm70woyko', 'eyJ1c2VyX2F1dGhlbnRpY2F0ZWQiOiI3eThkbTJheGkwNWkxN3lyODRoNjl6OGJtNzB3b3lrbyJ9:1oxCp1:S1YSbROYSsPRnryvXVob5RQR9HBWjenHk0SPFXmyxZ8', '2022-12-05 19:51:15.861216'),
('7yb36qsko43yz3lxbpg2jem6f2soazkh', 'e30:1ol0IO:ACfCBcATa7VdgOtvY7oZENmDr8k5o6Mj6FB2mFcS8Jk', '2022-11-02 04:03:08.556000'),
('7zqurj35dof01es3te7i7093hnt2xp2v', 'eyJ1c2VyX2F1dGhlbnRpY2F0ZWQiOm51bGx9:1oypFv:VAx3yPeGi849zAz7pHB0TDH05hXl3e1p4RZrDzQFYis', '2022-12-10 07:05:43.701725'),
('7zvo6h7lojk4ngdpm1n1r0m7xmqrsnjp', 'eyJ1c2VyX2F1dGhlbnRpY2F0ZWQiOm51bGx9:1oxKpQ:SWDsGAT_0oYYua4v28VSynXUUS-yP3UyyueQfB8n3bU', '2022-12-06 04:24:12.278268'),
('8096x7de7jb2m754c5mgp9p25aw89tm3', 'eyJ1c2VyX2F1dGhlbnRpY2F0ZWQiOm51bGx9:1p6PxJ:4QDgVFgndfyobTiZvJq0A4johHNHS4o9SsoYFyxqjos', '2022-12-31 05:41:53.840157'),
('81m35tajn7ve2t1xyx2kbgisg251t55t', '.eJxVjEEOgjAQRe_StWkcWmDq0j1naGY6U0ENTSisjHdXEha6_e-9_zKRtnWMW9UlTmIuBszpd2NKD513IHeab8WmMq_LxHZX7EGrHYro83q4fwcj1fFbB_Yhq2SiBjiAkmAn6gWzl9z2vtGuZ3QAPQJBEnRJgmfXIYZzq2zeHw7BOHs:1oprTm:FaqiwXec_Bfw1cfzKzjvp_ad8V8dW79BSt5ezPVf3nM', '2022-11-15 13:38:58.958467'),
('844lrzzpkr23sy0c81ncio818clq5wq0', 'eyJ1c2VyX2F1dGhlbnRpY2F0ZWQiOm51bGx9:1pCno2:I7y7TxLDdeRqBV7M3XFBIj7kspAOdEZ2Cwdu0U0HkdU', '2023-01-17 20:22:42.973182'),
('86senr0jwnqogwaobwwnlcpwpu7bzu6k', 'eyJ1c2VyX2F1dGhlbnRpY2F0ZWQiOm51bGx9:1pBXZ6:kC7wEVXi3Mn-aP30ZWzJclAQ6tqVYAh7gyBVE0fO7kM', '2023-01-14 08:50:04.059793'),
('89h0kipqrko00arypqmr3nn4kltrr78c', 'eyJ1c2VyX2F1dGhlbnRpY2F0ZWQiOm51bGx9:1oypHw:NYfggizr3TNyU6kJn1cZlX-8BkZA9LS85JyrGeya7pw', '2022-12-10 07:07:48.857414'),
('89su177j371w0k95ubuk93h6lfzycuam', 'eyJ1c2VyX2F1dGhlbnRpY2F0ZWQiOm51bGx9:1pAP7n:txzWiMp2w4dTUXV48EvxgwixMaQWxWTtMbNQb81Yma0', '2023-01-11 05:37:11.106285'),
('8ax1kjl5wv49t6ppb0t82dazpngx1ulf', 'eyJ1c2VyX2F1dGhlbnRpY2F0ZWQiOm51bGx9:1oxXHQ:ZUHXk7sG45PJUAsNF-Z6LKtm0SBzW5SJVqnE9XdxEVk', '2022-12-06 17:41:56.787519'),
('8bd41zxozelinitq3w2lxpoar7xcfqlt', 'eyJ1c2VyX2F1dGhlbnRpY2F0ZWQiOm51bGx9:1oxohd:nLNXISiuZ90aLSEedatFE0ZYXt19Krz4hMpVgYah9f0', '2022-12-07 12:18:09.773838'),
('8clssa6q2gda00uapuoaq8atvxk0qyei', 'eyJ1c2VyX2F1dGhlbnRpY2F0ZWQiOm51bGx9:1p5BKp:Az82hLNdBW1JpFD7CWI4NTd_oE6hgsCPRCdEsiAPrck', '2022-12-27 19:53:03.837212'),
('8gkxw49u2ulirefcuk5tru00mgkrgqu0', 'eyJ1c2VyX2F1dGhlbnRpY2F0ZWQiOiI4Z2t4dzQ5dTJ1bGlyZWZjdWs1dHJ1MDBtZ2tyZ3F1MCJ9:1p6atv:Sq9dODYUK9RiiNZyp3hvAPNxfoYkRuQLSvI0SzHIZ8I', '2022-12-31 17:23:07.132232'),
('8hdxh9b2bhi462ucnbfrdxywum2wb380', 'eyJ1c2VyX2F1dGhlbnRpY2F0ZWQiOm51bGx9:1pDHDm:KFSsctmvkNqVWKjkEZuAtQ2eTvSWIKdPdowGsAXL8TA', '2023-01-19 03:47:14.465789'),
('8ivg3cv3xtbdgzcbf5s8je2xcs2taold', 'eyJ1c2VyX2F1dGhlbnRpY2F0ZWQiOm51bGx9:1oxohB:WOW4OFEJwGInymNcW0pqEHHS4O9iQoaqUTj_4yaC4_s', '2022-12-07 12:17:41.844172'),
('8kr6g54lalzf074t8bnjlj7hb581um9q', 'e30:1otnH6:qdys1hMEKkyZP3eIXC5AgMh5N-ySw3Z3SQrsEWvd17E', '2022-11-26 09:58:08.698122'),
('8ljwtx0z218qlu90kdv3mutn5mjljeil', 'eyJ1c2VyX2F1dGhlbnRpY2F0ZWQiOm51bGx9:1oypJL:5ovlMsoGCBX6UZybPN9pfv-2rJ6FoGAO1Vpew02kSts', '2022-12-10 07:09:15.728023'),
('8m07i9eb3af0zomnzhhxsmne7qzl0zz0', 'eyJ1c2VyX2F1dGhlbnRpY2F0ZWQiOiI4bTA3aTllYjNhZjB6b21uemhoeHNtbmU3cXpsMHp6MCJ9:1p1OLG:0tAGTkRLFYlFHVxllSzj5o4Y8Qxa_faRJ4HTBGe2RXY', '2022-12-17 08:57:50.878144'),
('8n2r91z1jq5d12a09beyge3mcxobplrz', 'eyJ1c2VyX2F1dGhlbnRpY2F0ZWQiOm51bGx9:1p3KhQ:0ZX57wdorgmkbfn3A2ZxFzaX_Uu2Ra8BTTh_xKoafS0', '2022-12-22 17:28:44.850995'),
('8q03k13c2ka2knny10v56l4aaipr3p2z', 'eyJ1c2VyX2F1dGhlbnRpY2F0ZWQiOm51bGx9:1p7aPJ:sDGKfxUhhVmxjEy5cqmtXAC6cCsp9PqBRsxpr8FjvVk', '2023-01-03 11:03:37.084671'),
('8q4ks5gxcjcc0mulu38ajf9hdvwxj24i', 'eyJ1c2VyX2F1dGhlbnRpY2F0ZWQiOm51bGx9:1p5Tef:mBwz9k_IObEY5kQ15-wX-5801uI4U3SSJK-_qZUmMJ4', '2022-12-28 15:26:45.244986'),
('8rrcmgq1cd2lnbnbdbln7fevna4tfvkq', 'eyJ1c2VyX2F1dGhlbnRpY2F0ZWQiOiI4cnJjbWdxMWNkMmxuYm5iZGJsbjdmZXZuYTR0ZnZrcSJ9:1pIuWQ:uj3trMYMXd4042lZupTpZQLhuuwH7msAV6ngeCe4HAI', '2023-02-03 16:45:46.927477'),
('8t35da0fksf7q1yqvavjhqqrimzjjt1i', 'eyJ1c2VyX2F1dGhlbnRpY2F0ZWQiOm51bGx9:1pBXZ8:vsm_ERGZYVty0YOT7x8wynpUtatwBgCkm17zMbOlhbI', '2023-01-14 08:50:06.917245'),
('8ts61b2u60qtghhpzewowzviv38m9ksq', 'eyJ1c2VyX2F1dGhlbnRpY2F0ZWQiOm51bGx9:1oygNd:Qm0y3EEhCwBTCbfrkWeio_c3_4kxuJz_-3Jyh1_A6KI', '2022-12-09 21:37:05.527992'),
('8wcwe7b7ji6rzrm01vop6odcrbxrnrwk', 'e30:1ow78i:innbyTLUSHFKIZFkZYcWTe4XWC98j8zXBfGOhn8twx0', '2022-12-02 19:35:04.836819'),
('8wzmhneb60vdq6gxp2lio03409u7ch5g', 'e30:1ok44h:oo0YdOwnNVAop8HtpO_6dLhrAXjDPq2NMTD-4E66DdE', '2022-10-30 13:53:07.139000'),
('8xs4siho735d1sbepxorxx6ovfacgzfg', 'e30:1opr1V:XS9JZFwATkpudzytpH3caGgaCnqkJbUFRGjz7IIBAp8', '2022-11-15 13:09:45.340222'),
('8y8zupl5z78o2st627v3d04igqyvbq2i', 'eyJ1c2VyX2F1dGhlbnRpY2F0ZWQiOiI4eTh6dXBsNXo3OG8yc3Q2Mjd2M2QwNGlncXl2YnEyaSJ9:1p7gOi:nWqRWpTuAMksZ4qPcfFRQKWFTCMso7fM-8RbcD9YLqE', '2023-01-03 17:27:24.952965'),
('8yetwdb5mgn08dnnfp7i1r8dvoy8wz0g', 'e30:1opqfh:BLHq_Tao_92htrUei8FalX2h5qMOuDZ-6sf23fB6_b4', '2022-11-15 12:47:13.088619'),
('8zjdo5rinz1wqfuxqk1ottdt0sgte1zq', 'eyJ1c2VyX2F1dGhlbnRpY2F0ZWQiOm51bGx9:1oypGU:65Ct-GDP2JtAjoMIV477MnM6Ccek_FxiarZheMungGQ', '2022-12-10 07:06:18.993531'),
('9055e2cjpoamwzrfstizimvwvj7jw2js', 'eyJ1c2VyX2F1dGhlbnRpY2F0ZWQiOm51bGx9:1p3KiC:mTsh6EqK-JlL03DXs8aOZfQ79hQcWZ8VkgIGhAd0vJ0', '2022-12-22 17:29:32.919091'),
('90tvwnrnxx6up4wig689zkkukvcly1n9', 'eyJ1c2VyX2F1dGhlbnRpY2F0ZWQiOm51bGx9:1oxD7R:Bw9AEUbRR7Wn5ludD-fAnqsn6wqWlF2XyV-yjM9-hmw', '2022-12-05 20:10:17.867984'),
('928t2m1lpdepz907qxyhofdub556qve4', 'eyJ1c2VyX2F1dGhlbnRpY2F0ZWQiOm51bGx9:1pHwLj:TYg3Ays0kM6k6OxE36gQlOrVwGjkc5pzbwyEVDgrV2s', '2023-02-01 00:30:43.313004'),
('93ilrqm3ddf1n82agusd9uxkx1g0ba9t', 'eyJ1c2VyX2F1dGhlbnRpY2F0ZWQiOiI5M2lscnFtM2RkZjFuODJhZ3VzZDl1eGt4MWcwYmE5dCJ9:1pISCc:kTLF8Aaz2BVtppKQWkG3fe6u50FBoUE7r2bfIUMXxZs', '2023-02-02 10:31:26.194947'),
('94cjein1mtr7cmuhircsnn7d3ozf7n9y', 'eyJ1c2VyX2F1dGhlbnRpY2F0ZWQiOm51bGx9:1p3Ki7:JXK2Mneic-MJvR7PQHW8bZYsyrDxr1rQcUYXIAyCTdI', '2022-12-22 17:29:27.958337'),
('99nrewmnr8ygj6cu0v461wrs3ecx6gu4', 'e30:1ovkDZ:YgPrleA1aOcncG20sv7sWnYOPtqliwzUiwn2xtqlqx8', '2022-12-01 19:06:33.298277'),
('9a3yb9bphcg9hge6beyn0a3jwzt5n1fg', '.eJxVjDsOgzAQBe_iOrL8w5hUURqqKEdA6_USnICRwFRR7h5ANLRvZt6XLTNNDSy5o5QjQqbArqx-1rfXALHnOA7swnah2dW4cenK8-oBP5Q2FN6QXuPapTxFzzeFH3TmjzFQfz_c00EHc7fWGoN0BGhcJVpVoLNGGmWEsaS1KqW3whdABiWY0oLwlVZoK3JtUC54yX5_7sxE1g:1p17R3:pU2k_-QbjNSxK71UIJsfmrwsstoHXjyj72y1CgqR_DY', '2022-12-16 14:54:41.450649'),
('9b3ebzo4lhkcjaaddn6nuc7ifr1z8wj4', 'eyJ1c2VyX2F1dGhlbnRpY2F0ZWQiOiI5YjNlYnpvNGxoa2NqYWFkZG42bnVjN2lmcjF6OHdqNCJ9:1pIw4w:1drQXcWLdoLTAW7w0BgzWT4v6JlNtgyd9Q6Gcc1adUY', '2023-02-03 18:25:30.007555'),
('9czw04ewr6aat1qddthgyu2t5djd0bzq', 'eyJ1c2VyX2F1dGhlbnRpY2F0ZWQiOm51bGx9:1p4hjw:Z-Kc-CkpzI9ZGl-JYpAOvkgiCMPQDUMAuws1ngKMUes', '2022-12-26 12:17:00.339078'),
('9epv5b1h1qzjkuhfbub7l4l6czzc9z5a', 'eyJ1c2VyX2F1dGhlbnRpY2F0ZWQiOiI5ZXB2NWIxaDFxemprdWhmYnViN2w0bDZjenpjOXo1YSJ9:1p9O9b:y11lWpXfNtBJYzH4Zj2hb3zAYRlT06ywcYuY85OxZ7s', '2023-01-08 10:22:51.619911'),
('9f6ny4wqt8i87qjcexoaadajyvnavhbp', 'eyJ1c2VyX2F1dGhlbnRpY2F0ZWQiOm51bGx9:1pBXZ8:vsm_ERGZYVty0YOT7x8wynpUtatwBgCkm17zMbOlhbI', '2023-01-14 08:50:06.919481'),
('9fjba99z1oq2bbtb9d28msuv73aoyyh4', 'eyJ1c2VyX2F1dGhlbnRpY2F0ZWQiOm51bGx9:1pBYn6:wnWuIPQM2yRvxIyjUyuSXXsYF_VpiPuzD8ap3DtHpRk', '2023-01-14 10:08:36.333953'),
('9g1jg4psqwths19vb4tx08jx6ly4qn6w', 'eyJ1c2VyX2F1dGhlbnRpY2F0ZWQiOm51bGx9:1p1FSp:S1qxQ6q95iLipHIlG8w-fJVVhtxR6vNY_79bHB3UZFI', '2022-12-16 23:29:03.420898'),
('9g6nymilelw0xms3i1dcqbhhajne94ge', 'eyJ1c2VyX2F1dGhlbnRpY2F0ZWQiOm51bGx9:1p3cKB:Km6BvIOp-t5HsiAGfY-GoHBBdubVSQpJ7lmqpHtXuUY', '2022-12-23 12:17:55.827913'),
('9inyujmcl1s63dheiu3c29kr7t5x3sg7', 'e30:1oqFBw:_wvyhpAZncqdlfwTq6vhVdHsOcxII-wxBJjtTFVkjC4', '2022-11-16 14:58:08.387604'),
('9j0ili5f4mqgcw98s6wcpbkx2pbaikx9', 'eyJ1c2VyX2F1dGhlbnRpY2F0ZWQiOiI5ajBpbGk1ZjRtcWdjdzk4czZ3Y3Bia3gycGJhaWt4OSJ9:1pDQKr:xhLnVfa4YHyRk8S9Fu9xwDteHyrRnhrWE2L0LQvv9-U', '2023-01-19 13:31:09.773753'),
('9jjh8dwk3q9li7x2rrrgi4qwlzb3ng04', 'eyJ1c2VyX2F1dGhlbnRpY2F0ZWQiOm51bGx9:1pIhCT:F8QPRCIjmJJowD9UWqjFPgzC6uFxDJi6Me4MNQm9AWs', '2023-02-03 02:32:17.335542'),
('9khkde90s9dqjzb2ugdegp2p5apwcupl', 'e30:1opVAK:1n__7-Kf9nqk-_gFMsop96KL5oYm3kTjgJINyg7IdpE', '2022-11-14 13:49:24.347000'),
('9mcsu4bwtm22f5qsk2q9ky15lm4y1l1w', 'eyJ1c2VyX2F1dGhlbnRpY2F0ZWQiOm51bGx9:1p3KiR:bh3IcaSTprwCyKq9aeeUZTlTUXqvmLS54iFtgKT7EsA', '2022-12-22 17:29:47.739038'),
('9ocfvr7dd16pysd0m8hxhovyeaojc0as', 'eyJ1c2VyX2F1dGhlbnRpY2F0ZWQiOm51bGx9:1pBXZ6:kC7wEVXi3Mn-aP30ZWzJclAQ6tqVYAh7gyBVE0fO7kM', '2023-01-14 08:50:04.171384'),
('9pp9z3l4la6rvoql68hb03xjzxs9x11y', 'eyJ1c2VyX2F1dGhlbnRpY2F0ZWQiOm51bGx9:1oypEc:7HklvqhT1OmVVN48yKrsRDTzQpcrELkalBigjQ5lNFg', '2022-12-10 07:04:22.704374'),
('9qlt4q2r5gs45aanow8hsafwp7xlqt4x', 'eyJ1c2VyX2F1dGhlbnRpY2F0ZWQiOm51bGx9:1pANbU:k6hY6NpiH7O4MBymOZ432FFmguKXFbYHkr6ASIlRKkI', '2023-01-11 03:59:44.211537'),
('9s61rfacpku6l29limtawksx132a0wmc', 'eyJ1c2VyX2F1dGhlbnRpY2F0ZWQiOm51bGx9:1pIwLF:-8PRS4t8x0FZUmDG5S7qmA7roV_gmRkrUq5qJ4us5aY', '2023-02-03 18:42:21.644051'),
('9tg2vhjaqwoqxblaw39nza8elxqbfpbj', 'eyJ1c2VyX2F1dGhlbnRpY2F0ZWQiOm51bGx9:1pIT01:LW0JAm2_mzkN3kqNTzG1Es5EpVWFTtrEufRcW34wMaE', '2023-02-02 11:22:29.890119'),
('9wz66w07guq48ixp5magv5ic69y9njxj', 'eyJ1c2VyX2F1dGhlbnRpY2F0ZWQiOiI5d3o2NncwN2d1cTQ4aXhwNW1hZ3Y1aWM2OXk5bmp4aiJ9:1oxoi8:lM_3T5ljKTytj5_fQDDtu0rAAzsVH9r4FPyM3Z7xzts', '2022-12-07 12:18:40.236131'),
('9z1z2hlchc0ehrpi8xxz2cxl4lbon0xx', 'e30:1oqAHF:F7uMzb5uLhcRCyyowbPoPl-zZv6sVknFij9gh32DmMw', '2022-11-16 09:43:17.121111'),
('a1aiuh9qsjn04kqmk3xv45h365vbvyli', 'e30:1ol0Hs:dsEBaxXrFKM5xW3YJY-MTAFspeQSrEjYHJC8ASaK1JU', '2022-11-02 04:02:36.024000'),
('a29rurh5iorbydyaxzeydoal802ystto', 'eyJ1c2VyX2F1dGhlbnRpY2F0ZWQiOiJhMjlydXJoNWlvcmJ5ZHlheHpleWRvYWw4MDJ5c3R0byJ9:1p8Yih:iPa0Q-i4Cf7gpUAHdMwnDCnnw3rBftpb3CGwsu741YQ', '2023-01-06 03:27:39.450474'),
('a2pkxkrgclead35ggi2cc9oa08ly0w2u', 'e30:1oqgcb:oGls6lkhLBRI_-sRC9JOhcaUOM_AmLFNfYFPzYHw7bg', '2022-11-17 20:15:29.199404'),
('a2thpjt7srfw3ezy52j5gg6bddbjndd2', 'eyJ1c2VyX2F1dGhlbnRpY2F0ZWQiOm51bGx9:1oygMR:Hzz5rSThDZMGJxJiW1-d1EiG1Kjhqe3YjX8wSK8zbQc', '2022-12-09 21:35:51.435152'),
('a6z2ppkkyc4olnpvtov8lbdq6nkz7ooi', 'eyJ1c2VyX2F1dGhlbnRpY2F0ZWQiOm51bGx9:1p9G8n:ZCUNk84BM8XUciTvrn8LyHKbC7s3-MDC-muasGVuSRs', '2023-01-08 01:49:29.631600'),
('aasj4w4jl75z5tjto35eqb2k28yiwmue', 'eyJ1c2VyX2F1dGhlbnRpY2F0ZWQiOm51bGx9:1pIdAy:QKTFclmQIOoyGq8xr20PhW-J_nfzCIHhNb0e5s1JZCY', '2023-02-02 22:14:28.575044'),
('ae5w6ertgohfn97p4o9pytepu4b1sjyg', 'eyJ1c2VyX2F1dGhlbnRpY2F0ZWQiOm51bGx9:1pEClq:XRa_ZfePYByAZthjzAA9N19GEYdyKYpjHT_fjn8hH3Q', '2023-01-21 17:14:14.370781'),
('afbpi1g2cgmlm2hnoc59hbzlzmm8stfo', 'eyJ1c2VyX2F1dGhlbnRpY2F0ZWQiOm51bGx9:1pC9QT:l2PdvxOgS1bV5idSw51L4kckgb-0ut0N4W2bWha7GXI', '2023-01-16 01:15:41.168004'),
('aflr7ox3t4em3cg2ro3cz0jgd484qq33', 'eyJ1c2VyX2F1dGhlbnRpY2F0ZWQiOiJhZmxyN294M3Q0ZW0zY2cycm8zY3owamdkNDg0cXEzMyJ9:1pIS0g:Zumz5OK9gcfkR6p0B3u1lQ4bceenCsu3py0-8k7gM1I', '2023-02-02 10:19:06.511124'),
('agj08e0vm9syr275jmq3blrf2wgk1eyv', 'e30:1owPLA:O70Dj9Ax3F1cSmOBWPZG-ao26WYBl2-Ao-ZvdHf3rRo', '2022-12-03 15:01:08.900847'),
('ai3cp166394o7q9o0q1jeb8jcyxc9miy', 'eyJ1c2VyX2F1dGhlbnRpY2F0ZWQiOm51bGx9:1p9G8q:Mal_uhVaJ-FcNO1hv1ubLC0VlCIipkCrYftEsyHbDUk', '2023-01-08 01:49:32.016842'),
('akq0vcj3xawcdt61fkgg58a7behefv3c', '.eJxVjMEOgyAQBf-Fc0NYUMSeGu_9BrPAorSKqeKp6b9XjRevb2bel60LzS2uuaeUo8NMnt3Z59GNGAfuppHd2IHbQ4w7BWOuq0X3prQj_8LUTVuX8hwt3xV-0oU_J09Dc7qXgx6XfquDQFv6gL6UhohqobzU2kJwRhUVKCgclFYqpynUAEKCCNpoXQmrCCCw3x-3WUST:1pEs5Z:Ouhn9Mq6g9iP9UFHXTicpg9M4-iAqLrIWrAEenkgu50', '2023-01-23 13:21:21.320184'),
('allh09leyl7h8qov8oq2awolhhiabb37', 'eyJ1c2VyX2F1dGhlbnRpY2F0ZWQiOm51bGx9:1pDeLF:G_iGfsOwat1QZ16Q3wybQfVTOoadwVxxaCOAXckX68I', '2023-01-20 04:28:29.052694'),
('alwno6d1y19035jmd0afefbfdkywbs6t', 'eyJ1c2VyX2F1dGhlbnRpY2F0ZWQiOm51bGx9:1pBppG:_MSf8pVp9jx336dLzAyLV7xMQHOO9Sbqeztn46n1E1o', '2023-01-15 04:19:58.255835'),
('amc975n1am0u2u9i8v7i71fzt36z9sq7', 'eyJ1c2VyX2F1dGhlbnRpY2F0ZWQiOm51bGx9:1pGrSp:Y_6-y3UxyS-zXfm6FqyZ90D119aHUc0KZiEGWDFmm9o', '2023-01-29 01:05:35.507807'),
('amiq9721sh3z2o4hsp7sia3ok53mzdib', 'eyJ1c2VyX2F1dGhlbnRpY2F0ZWQiOiJhbWlxOTcyMXNoM3oybzRoc3A3c2lhM29rNTNtemRpYiJ9:1pIWAi:dgNgAVVrPPKoBtBrQ3VtFuoKvlKnJ0aer1Z9jAuN81U', '2023-02-02 14:45:44.885882'),
('ance1mommpm01cl86valgqgy04ibaz45', 'eyJ1c2VyX2F1dGhlbnRpY2F0ZWQiOm51bGx9:1pIQAu:OqHZZYRurQ608fijSGNLg-Ugcub6-IxfnLa_agfFavc', '2023-02-02 08:21:32.191569'),
('anzanmuym2mph7858ffg1emr2m3lpwh6', 'eyJ1c2VyX2F1dGhlbnRpY2F0ZWQiOm51bGx9:1oxoff:s1Fv_VY5-dKxqA2Y_ZiV-WVcIaq3ZtdzTjdusLiMwJ8', '2022-12-07 12:16:07.437623'),
('aoa0h0a5ans3mdkhneyecnj2770qipd6', 'eyJ1c2VyX2F1dGhlbnRpY2F0ZWQiOm51bGx9:1oypG9:8pjuz9tq7bbUxd4hlp_jDXU8u9irnmoKrheo-4aQs74', '2022-12-10 07:05:57.157317'),
('aom03nr57clbum7gaewj0ko6h0uundgx', 'e30:1ox5Yd:zBTB70SksjzoIzX9-C4gWuh0g93bfnG3SwHryVpINFc', '2022-12-05 12:05:51.976592'),
('ap38ce4zvpvmm2a255eytgvglibml3v3', 'eyJ1c2VyX2F1dGhlbnRpY2F0ZWQiOm51bGx9:1oxx92:Px5-cbhManhYbfHUHYdabR9Wg4o70sCtcAR7KLKStrA', '2022-12-07 21:19:00.382691'),
('aqe4n2982uklfai08ituxd46llkzb8ht', 'eyJ1c2VyX2F1dGhlbnRpY2F0ZWQiOm51bGx9:1oxKpQ:SWDsGAT_0oYYua4v28VSynXUUS-yP3UyyueQfB8n3bU', '2022-12-06 04:24:12.918580'),
('arxef45dnahtysszjgrnp1ubwaunkg6x', 'eyJ1c2VyX2F1dGhlbnRpY2F0ZWQiOm51bGx9:1pIe0x:mkIuOHbETGutp4LfY-2LNceK8AjQP-TjpRn3QGmhnbA', '2023-02-02 23:08:11.162515'),
('as6zafo6dlk3jo0c3y7j125ohrewyzte', 'eyJ1c2VyX2F1dGhlbnRpY2F0ZWQiOiJhczZ6YWZvNmRsazNqbzBjM3k3ajEyNW9ocmV3eXp0ZSJ9:1p6atF:XTCp7orF4thGdqEYW02Lhrg5AOON8HlKzcDD6NXslXo', '2022-12-31 17:22:25.294528'),
('at0bisin0bqjk7munuyrkgw320cajycc', 'e30:1osgDU:X6Sk6jDJ8zuuBTA6MwSjIO9PPX3xYVIZpQ_xRrj1ZrQ', '2022-11-23 08:13:48.328991'),
('aularjewdxrrbm11qiigtea7fkoqw2w3', 'e30:1ovtNN:AHhTgfiss9EpgvUjWoFh_b9wbKL5ZFw3B3DJeqqCpoY', '2022-12-02 04:53:17.169585'),
('avjgzrpi7nc1wnkh1njxepriywoypcoz', 'e30:1oq7vV:hLNygZj4yq7ZHhs3iRQHxGg6e2wHIxu53xfPNq3VG54', '2022-11-16 07:12:41.128352'),
('axv26nqpxyydzx2ldwd1244chyxkb2jx', 'eyJ1c2VyX2F1dGhlbnRpY2F0ZWQiOiJheHYyNm5xcHh5eWR6eDJsZHdkMTI0NGNoeXhrYjJqeCJ9:1pEZBu:plUlB2ED6_7QaF2aAyXut2rYampySgcODEbg1csXNq4', '2023-01-22 17:10:38.351474'),
('ayy50blygpdr1bplrv7aq1miueb4oaf8', 'e30:1ol0bR:qrV7KVs2psIRJ5WsRhgI0B6u6JZD8EN08s0a-gMs6-0', '2022-11-02 04:22:49.525000'),
('b1l87hwaw93a6skb9d1wwyylu69tcshm', 'e30:1oqxL7:5b1rb7YwWSH0IGnp7tZ7d9d_hXXez_ThuID-dafnswc', '2022-11-18 14:06:33.470429'),
('b2s7n4rgdbnaj1azoxj67vz88hker65o', 'eyJ1c2VyX2F1dGhlbnRpY2F0ZWQiOiJiMnM3bjRyZ2RibmFqMWF6b3hqNjd2ejg4aGtlcjY1byJ9:1oxKgJ:lK5JsC-OWPgru3DidIzLtODPu1D89QxgCIS9bMU8DUU', '2022-12-06 04:14:47.392629'),
('b3anxl92j003kgbg16mixdcoxfekkcvo', 'eyJ1c2VyX2F1dGhlbnRpY2F0ZWQiOm51bGx9:1pIQ8b:kBVHZh8Y0jAvyQdmBZTRWR-Z5W-Io9gEijcbL38Wctg', '2023-02-02 08:19:09.924976'),
('b3djhrm10effepa7j0fzv1ed5irfilya', 'eyJ1c2VyX2F1dGhlbnRpY2F0ZWQiOm51bGx9:1p962T:02z-aaOiNl04UvyYZvgcaddPWX-7NqOdPtuqmu3LubA', '2023-01-07 15:02:17.477177'),
('b499f4jh5sowrb6ufe84rq6mpyjct7dj', 'eyJ1c2VyX2F1dGhlbnRpY2F0ZWQiOm51bGx9:1oxD7P:TD3_Wg-k9zAkKknRM6maWZE1swKAb_pFmitK2eIKuKs', '2022-12-05 20:10:15.783386'),
('b60y67gwsj7qrg4emsezl3yvxg3grfo5', 'e30:1ovtO1:fbLxXg05s_HtGPQltba_2-Yz88vrSdsgi4Y05GFiius', '2022-12-02 04:53:57.795796'),
('b7onmr91474t2grhvwdwvr0k33dwgw1y', 'e30:1oqqD7:Mb1r_Om5j1qJSSDx7tg2o9rpvAiIfkw-oLaFcqex-Ps', '2022-11-18 06:29:49.285280'),
('b85dnyi6fg49u5fiyexlqzw57w7c7sit', 'eyJ1c2VyX2F1dGhlbnRpY2F0ZWQiOiJiODVkbnlpNmZnNDl1NWZpeWV4bHF6dzU3dzdjN3NpdCJ9:1pBRf7:7jnCLQ5J80YfJvgi9QGRScm2t-aGO2cPiKf2JNrrVa0', '2023-01-14 02:31:53.599344'),
('b874i0r7s6qovbfwfy5h051uwvqqf3j7', 'e30:1opUyN:H6YZgByPwG2RuRtW_4Ub7KhHuVlGeDjK6MuuW63TGR4', '2022-11-14 13:37:03.272000'),
('barzy9dqeazmt1xrsl64pvph527bvy03', 'e30:1ovp3B:rTouCak-VsrmckFEruuNCliqmFeI7Y09Wrh3hmroeic', '2022-12-02 00:16:09.275006'),
('bchxa136rn3u7lq0ragzs7o1gkiglvdv', 'eyJ1c2VyX2F1dGhlbnRpY2F0ZWQiOm51bGx9:1p6zl4:gq5baznpxscYDrt3jkVbGerRBmicUiedjFGiHn__k3c', '2023-01-01 19:55:38.739110'),
('bdwq9fp1kdh29j1wpa29xnwow627fni5', 'eyJ1c2VyX2F1dGhlbnRpY2F0ZWQiOm51bGx9:1oypGO:7qb0xXqTYrm6AdQZjWVkAypRuQADBSMNz_mtJgtMqK4', '2022-12-10 07:06:12.914850'),
('bey86vns8ss2xbnyjnw2ce71t8ha7p1l', 'eyJ1c2VyX2F1dGhlbnRpY2F0ZWQiOm51bGx9:1p1len:GKHU1asvQuvjlJoQGOmIbOyZcuIGOOQo0SJHZs7WZUs', '2022-12-18 09:51:33.067220'),
('bfam51i5iumv2xnorqorxrupv3rrwmfy', 'eyJ1c2VyX2F1dGhlbnRpY2F0ZWQiOiJiZmFtNTFpNWl1bXYyeG5vcnFvcnhydXB2M3Jyd21meSJ9:1pCvfC:RlSCtE7f7rwmMMVb8JFvseGpuvetEuAcci896eovXmw', '2023-01-18 04:46:06.815470'),
('bg30ussz75b8meib04yt5hdac46dzdol', 'eyJ1c2VyX2F1dGhlbnRpY2F0ZWQiOm51bGx9:1pBXYW:qK4UBcxzBooEponh6hd4t5x1GQwJWV0AYEvMfpyog7g', '2023-01-14 08:49:28.218367'),
('bmgtd5k0hkydi2auje2utrtamkb1t2w9', 'eyJ1c2VyX2F1dGhlbnRpY2F0ZWQiOm51bGx9:1oxoh2:ic62Kzq9V5yHRZBUcBVEQpxsvz-e69q3DK6-1aTY-oI', '2022-12-07 12:17:32.857699'),
('bnlhf3i82r84cnhvy4jf49dy5ha5smkr', 'eyJ1c2VyX2F1dGhlbnRpY2F0ZWQiOm51bGx9:1pClOr:c3heCd9s3zFmjoX8q8xjWVh1D82hJ84u6Cn_gb3jw3I', '2023-01-17 17:48:33.704487'),
('bp9dt96ji7cbnmf4cq8qwc7di89myrcx', 'eyJ1c2VyX2F1dGhlbnRpY2F0ZWQiOiJicDlkdDk2amk3Y2JubWY0Y3E4cXdjN2RpODlteXJjeCJ9:1pA8vf:8PFDUmYeNK4uyVYJFNx3qOH0sgTMZXopqXYXNB9ZufA', '2023-01-10 12:19:35.153778'),
('bpuu900xbtpa0uy23fftanfhjo48xbge', 'eyJ1c2VyX2F1dGhlbnRpY2F0ZWQiOiJicHV1OTAweGJ0cGEwdXkyM2ZmdGFuZmhqbzQ4eGJnZSJ9:1pIN1E:cjjUvdUm72uZOGoqne-5cV-KECRcZMcjgO04s9uJxNo', '2023-02-02 04:59:20.182953'),
('bqxq7zbtetbk44e0gcchfco4ltdbu84l', 'eyJ1c2VyX2F1dGhlbnRpY2F0ZWQiOiJicXhxN3pidGV0Yms0NGUwZ2NjaGZjbzRsdGRidTg0bCJ9:1p2Dsg:TVjcpfzqxQSZLFmvVPCZmZmoKRI-7Y3oyoJpCWeJ8S8', '2022-12-19 15:59:46.800681'),
('bsc024c5lcvtvmuedpidyaop6sb4nxbv', 'eyJ1c2VyX2F1dGhlbnRpY2F0ZWQiOiJic2MwMjRjNWxjdnR2bXVlZHBpZHlhb3A2c2I0bnhidiJ9:1p6atR:i8OjhzhvmAJ4E64BMOaDBC_FDtc_xHM6NB8p_Ey4Ec4', '2022-12-31 17:22:37.552175'),
('btaybpmn3961zn2zvamlytikx5md7pty', 'eyJ1c2VyX2F1dGhlbnRpY2F0ZWQiOiJidGF5YnBtbjM5NjF6bjJ6dmFtbHl0aWt4NW1kN3B0eSJ9:1oxCVt:YUrU886oAGnqY80jW7C8Rq6hzMNqJpQcn4sj3thoOrQ', '2022-12-05 19:31:29.151241'),
('bv3aj6v3m7p0ywlh1zqwuib9tf68cq9p', 'eyJ1c2VyX2F1dGhlbnRpY2F0ZWQiOm51bGx9:1pCCfg:P0zqq_Wzzu4MIByzcJ-9SveGYnKaZ7AXugeuW2FsYfE', '2023-01-16 04:43:36.149720'),
('bv78r8qrdq7rrgg48rrt8p82q2na4t1n', 'eyJ1c2VyX2F1dGhlbnRpY2F0ZWQiOiJidjc4cjhxcmRxN3JyZ2c0OHJydDhwODJxMm5hNHQxbiJ9:1pE9vu:T0ESbUTcGsL_68G0t8kMuOas6maQjNxJZKt-WEwA50A', '2023-01-21 14:12:26.940878'),
('bvgw92f0ev2wq0ih97xa2e9l8oo3794t', 'eyJ1c2VyX2F1dGhlbnRpY2F0ZWQiOm51bGx9:1p2pS6:PC-K43GjiFmkRK1Y_Gm8d94wAPgFyWneaQ2gGiHbB28', '2022-12-21 08:06:50.290994'),
('bw7ufrn3g8ssx84ognomhskpk08gop87', 'eyJ1c2VyX2F1dGhlbnRpY2F0ZWQiOm51bGx9:1oxohj:xqTBZJ_MpUDiQTUHSQP2HdSUcYRsxTob66y_RM3n12w', '2022-12-07 12:18:15.416805'),
('bwmn2rjxawejccn76qdu4oe28n64r0dw', 'eyJ1c2VyX2F1dGhlbnRpY2F0ZWQiOiJid21uMnJqeGF3ZWpjY243NnFkdTRvZTI4bjY0cjBkdyJ9:1p2b8x:O_Z52NNuqKm5ctk3YpnEY-n8lQWMsxZ_pmpfvja2FUQ', '2022-12-20 16:50:07.985735'),
('bx544wa0623leeqfyjo70pzae6a3bkxx', 'eyJ1c2VyX2F1dGhlbnRpY2F0ZWQiOm51bGx9:1p8RuC:0BtNqEujrClulF4eimOteugmcrQiT0kT2vQ6KPnIyvE', '2023-01-05 20:11:04.265593'),
('bxe9d00ndi5vl9hba9hfq47005tje3es', 'eyJ1c2VyX2F1dGhlbnRpY2F0ZWQiOiJieGU5ZDAwbmRpNXZsOWhiYTloZnE0NzAwNXRqZTNlcyJ9:1p7tkm:FgtNpkh1zzefc3NoAlwQXkL9h40pHDdAUnhb5IEe-ZU', '2023-01-04 07:43:04.965174'),
('byr6rejnoyrho5dtcxb0cqj12uxx38d3', 'eyJ1c2VyX2F1dGhlbnRpY2F0ZWQiOm51bGx9:1p4Slq:SlkwR8aAT_QKjvjwTPGu1iNzekGvdtyrehmKZEMw5y8', '2022-12-25 20:17:58.373648');
INSERT INTO `django_session` (`session_key`, `session_data`, `expire_date`) VALUES
('c1jwtlfwoduxbqqrohciz9m8jtvcm43u', 'eyJ1c2VyX2F1dGhlbnRpY2F0ZWQiOiJjMWp3dGxmd29kdXhicXFyb2hjaXo5bThqdHZjbTQzdSJ9:1p5CC7:1hyv3I3f4lli3bKYf0eVXRHX9CwWnYXz-CSf523Zfac', '2022-12-27 20:48:07.193612'),
('c3731gze1f60e136agh5rp6xf4tl01mh', 'eyJ1c2VyX2F1dGhlbnRpY2F0ZWQiOm51bGx9:1pBXZ9:fTgXUp9m65zOn8j_HrT63lEJoiTONy1XX71KGBXbb64', '2023-01-14 08:50:07.643844'),
('c45fmcilzrz4heoefn45qrn8xf0gl359', 'eyJ1c2VyX2F1dGhlbnRpY2F0ZWQiOm51bGx9:1pGrSv:QkudlHH0Xvr1wgFZmyk0MX8SKZTWaKL_TKeY8PcpWpU', '2023-01-29 01:05:41.008397'),
('c4w3bugv3wsut7sptflnlnynloe9wl8l', 'eyJ1c2VyX2F1dGhlbnRpY2F0ZWQiOm51bGx9:1p3Ki1:LVxwzs0QSBG-EEhbN8KTQH-DQQRf0F1TKWka2vmqN2Y', '2022-12-22 17:29:21.164440'),
('c5casn87kvfcgvhvryt6m1sncnwtbfwk', 'eyJ1c2VyX2F1dGhlbnRpY2F0ZWQiOm51bGx9:1p6zlB:fmThN5nY_NyikfBdlHZpQUnwjHHfRoJtzFT_yDQHQVU', '2023-01-01 19:55:45.648381'),
('c5ed3dkawn76h43lke2sfuwf5r0xz2yc', 'eyJ1c2VyX2F1dGhlbnRpY2F0ZWQiOiJjNWVkM2RrYXduNzZoNDNsa2Uyc2Z1d2Y1cjB4ejJ5YyJ9:1oyQbW:L1br3LC1Rrfr5cOENmCnoVt0N8gMSbXedijzUpJCGsM', '2022-12-09 04:46:22.159430'),
('c5qnflw736dq0ngr6vgggfau2pqqg9nr', 'eyJ1c2VyX2F1dGhlbnRpY2F0ZWQiOm51bGx9:1p7el5:3M1IskOCxw__4aCJuVkzSWmtTfX02tCFH9TYs0Ly4LQ', '2023-01-03 15:42:23.817638'),
('c78z1t5g9wuplgt6ujcx3cbiiv681zb0', 'eyJ1c2VyX2F1dGhlbnRpY2F0ZWQiOm51bGx9:1pANbW:z5eJpJtv8UsiS4f3Uzb4BQkfKBavxQfBbz8zpLPaxnc', '2023-01-11 03:59:46.749142'),
('c8zrizk5ik1v8ya116ecxl91a4e83idk', 'eyJ1c2VyX2F1dGhlbnRpY2F0ZWQiOm51bGx9:1p6ahz:vU6YyivUjzKhFvc7eKNJ2OnzwuPfO3uST3zaGgssheo', '2022-12-31 17:10:47.172962'),
('c9sr8ylxjqpl3hb6s3hjohc8jdjnkrbk', 'eyJ1c2VyX2F1dGhlbnRpY2F0ZWQiOm51bGx9:1oypJW:REsVBHeeYDx0UCkKZIQdywhjPzyvegABajBy5cQDC7g', '2022-12-10 07:09:26.639843'),
('cancqys12oj3e21h20mqhsyejmv7hb2m', 'eyJ1c2VyX2F1dGhlbnRpY2F0ZWQiOm51bGx9:1p5Bqv:VSC0AMbwbZt5YMudjRyZLH52aJ4mAHcxesKw4HLbwtE', '2022-12-27 20:26:13.404986'),
('ccidtsrdh60lfgze4xbjjnpcxateo2gi', 'eyJ1c2VyX2F1dGhlbnRpY2F0ZWQiOm51bGx9:1p0HCd:Uzx3TkJ7L25ErIYDLL6KLBid4GqU7NmflMsI39HElkM', '2022-12-14 07:08:19.963958'),
('cd7wtlpmbi5n5fybbz5fer372xrq6fnx', 'eyJ1c2VyX2F1dGhlbnRpY2F0ZWQiOm51bGx9:1pCC1A:xbhAz0bLEK8a-jj1Zm0Dx_kV8dCln2GWZwqLXWJSp2M', '2023-01-16 04:01:44.973527'),
('cds2ddlgnypj0wd3wna3al4carxtmrgk', 'eyJ1c2VyX2F1dGhlbnRpY2F0ZWQiOm51bGx9:1oypKZ:jYHbkA9_1Mum7o3zr7oF3m7mVlyyly-1cvFv875oDpY', '2022-12-10 07:10:31.717619'),
('cduwsajklz5y8mrr8idsbhb7rvoqyox0', 'eyJ1c2VyX2F1dGhlbnRpY2F0ZWQiOm51bGx9:1p4Sls:jn5he3S5yPPnUqpplLJ31-iCVJOKpCU_ZET_DzZLmS0', '2022-12-25 20:18:00.187345'),
('ce8fvg0w22gajaojmr2q4cd5wgy8cr3i', 'eyJ1c2VyX2F1dGhlbnRpY2F0ZWQiOiJjZThmdmcwdzIyZ2FqYW9qbXIycTRjZDV3Z3k4Y3IzaSJ9:1p2b8x:0yAKodVyxwML7apPvNPOwzH_k9AnckqOl8a_rpto4Hc', '2022-12-20 16:50:07.161723'),
('cek4tsbm3tylyn9hkjr3s94kz3f7tmgu', 'e30:1ox4GR:JPNWlaOJf2z81SQ7nYy0SPvwXpUvZJ-f86jVEJARUUs', '2022-12-05 10:42:59.764514'),
('cek7ptnz5vvz3wohf6r5gp05rhwy26aw', 'eyJ1c2VyX2F1dGhlbnRpY2F0ZWQiOm51bGx9:1pIUj7:gICt7IBoIaKPhHJAB0LpVkXJ4Lhssk3oF5lh99b7huQ', '2023-02-02 13:13:09.113061'),
('cgokstdsrwor6irgnut7pvbvgoo60y4k', 'e30:1owysP:qFUOUSTC0ZolTMB5M9zn2kayem7tTGbK4-vufg3bmPM', '2022-12-05 04:57:49.841995'),
('cixy6ewuut2mih4t2wotimza0fbff0n0', 'eyJ1c2VyX2F1dGhlbnRpY2F0ZWQiOm51bGx9:1pAZ06:yUBKYYV_4XJknXjj51ZKsYFLTtIVn_nlS98JG6VPdys', '2023-01-11 16:09:54.281103'),
('ckq6h3kszefyrt6m976f2b1gdkxk808k', 'eyJ1c2VyX2F1dGhlbnRpY2F0ZWQiOm51bGx9:1p8RuF:AmGpL5wP16-gY-0H_HsAKlfseLLbGt2URfEn4hiCf1w', '2023-01-05 20:11:07.674996'),
('clrosu9g2u06n3wrcaxsikfg27req4di', 'eyJ1c2VyX2F1dGhlbnRpY2F0ZWQiOm51bGx9:1p3KiE:PB7g6H7x4c620F0jw94LNZMAAkQj_93Ekto0WxBEU0g', '2022-12-22 17:29:34.351402'),
('cn95j8e2zb94jw7mvm7lj8sumrukmkht', 'eyJ1c2VyX2F1dGhlbnRpY2F0ZWQiOiJjbjk1ajhlMnpiOTRqdzdtdm03bGo4c3VtcnVrbWtodCJ9:1oxXHL:LobNzLRHHC7aGlfSFz3aD3CGrQLZXA2CNIuZUKVFS1k', '2022-12-06 17:41:51.255772'),
('cpu2xvtvsd47ahfqr77tjbg846j9et97', 'eyJ1c2VyX2F1dGhlbnRpY2F0ZWQiOiJjcHUyeHZ0dnNkNDdhaGZxcjc3dGpiZzg0Nmo5ZXQ5NyJ9:1p6anA:nT_kv_ykGFjQE0sGVSFrNCXaCbHnwyO3sTf77bJ0JW0', '2022-12-31 17:16:08.839867'),
('cqc52k5lx61f0d98hldwff3zldnx1gri', 'e30:1ol0FD:WL7hguidHiLm-yRt2fmnWj4hKXGEicjFvtriapdWia4', '2022-11-02 03:59:51.482000'),
('cqxinyflmd0v2xz83msjfl4f7ko6ohg2', 'eyJ1c2VyX2F1dGhlbnRpY2F0ZWQiOiJjcXhpbnlmbG1kMHYyeHo4M21zamZsNGY3a282b2hnMiJ9:1p1nIR:7SzIjMxk1z_JUpZ_ZbX1W0vqpyvNwNGy23vCFsw1WbM', '2022-12-18 11:36:35.883793'),
('cuf638vytyi64g0i3xdufb9hrhlwrhtp', '.eJxVjMEOgyAQBf-Fc0NEEaGnpvd-g1nYRakKieKhafrvVePF65uZ92XrQnMLa-4p5uAgE7I7m5MbPoWojHp0E4SRuzSxGzu89ijCronrZsENFHeAb4hd2qqY52D5rvCTLvyVkMbn6V4Oelj6rTZWGk_oAUphjSBArZAkai_R140sSTVWV0I0WoBwqCuHRtpKaW2Kmiz7_QG72EfM:1p7dfY:HrAaUPHJKliJb7qz32gnb4PMuA4gdl8cmCVfBfkHG50', '2023-01-03 14:32:36.675304'),
('cusixfrkflxqmcbcs0b3bwgmlt4l4tye', 'eyJ1c2VyX2F1dGhlbnRpY2F0ZWQiOm51bGx9:1ozppI:uVE0FYJfEgu8dbfukhPrnJyplR945Ps9vqulmJ2f42Q', '2022-12-13 01:54:24.789541'),
('cy5kh7nif86n5exr06m6sehm1fjfp83q', 'eyJ1c2VyX2F1dGhlbnRpY2F0ZWQiOm51bGx9:1p6f7g:ARdUnY0ZGK_QDmTWSWYBq1Dqvkg0Qnk5xBE1IyNV7As', '2022-12-31 21:53:36.864864'),
('cycpzbe1002rmcnhdzcs7u5asolztfe0', 'eyJ1c2VyX2F1dGhlbnRpY2F0ZWQiOm51bGx9:1pBYn4:559lDFq97kCKQfihq2pG6nPHaKi8a2vyWkfl9GuZs8g', '2023-01-14 10:08:34.072302'),
('czgv7fpsob9nv0ealur5rkaxhw0yv3ju', 'eyJ1c2VyX2F1dGhlbnRpY2F0ZWQiOm51bGx9:1oypJU:U6zbphkRAn-q3cRPAJzxS0Pv444psAy_odwtml5NkQc', '2022-12-10 07:09:24.735946'),
('czi4qobomceziy7mmqzw3wvbmhukanox', 'eyJ1c2VyX2F1dGhlbnRpY2F0ZWQiOm51bGx9:1oxx9j:5QZChIvYtovamFvEdKgFLsuWb_jZ8qNMWe8YbCjF2ek', '2022-12-07 21:19:43.326292'),
('d06hgi4bxuxn4r2ukou94kx9qsszs2el', 'eyJ1c2VyX2F1dGhlbnRpY2F0ZWQiOiJkMDZoZ2k0Ynh1eG40cjJ1a291OTRreDlxc3N6czJlbCJ9:1p2pS7:1tEkXaGJUXZG_qRDYd2Pg_0CXjUfsgCxlG4IrmeueXo', '2022-12-21 08:06:51.930634'),
('d0f0u3n8q4ucwxm8y3ki15a6gxsihc9c', 'e30:1opqsl:2HSyIafrGuOApw3uDolfAJCzMsLlb9WujW353arJ00c', '2022-11-15 13:00:43.769844'),
('d1coritjxh9m0k6mwrw5x13pp6684t3p', 'e30:1oqAHj:VZCZA-6PWrxm86v-Jvee6YFl5NSr-oHYoAJi9gBlQ7Y', '2022-11-16 09:43:47.780309'),
('d36qah571r876s6p412y9vg8kaonfcmr', 'eyJ1c2VyX2F1dGhlbnRpY2F0ZWQiOm51bGx9:1pIQ8u:Rvdt7_sXeIrIlrw7wq-GdNFXz08_Iw_lf5xfIf9uHBI', '2023-02-02 08:19:28.672525'),
('d39wbqfs3vjy62pg76bre6moxjkt4zxi', 'eyJ1c2VyX2F1dGhlbnRpY2F0ZWQiOm51bGx9:1pBXZ6:kC7wEVXi3Mn-aP30ZWzJclAQ6tqVYAh7gyBVE0fO7kM', '2023-01-14 08:50:04.289328'),
('d3j7wfjrjrth1l1ynase6723yk7p20a2', 'eyJ1c2VyX2F1dGhlbnRpY2F0ZWQiOm51bGx9:1p7rw2:0ObPANpyuyrRjZuzzM3gC8Ny_j_ebSC3kR-G9hMq6aE', '2023-01-04 05:46:34.546274'),
('d4ffqb7upgty7zewmok01w4wemlk9je3', 'eyJ1c2VyX2F1dGhlbnRpY2F0ZWQiOiJkNGZmcWI3dXBndHk3emV3bW9rMDF3NHdlbWxrOWplMyJ9:1p8Y1g:sQ8mSkYkoj_IN45pJ7bdPPMrjKY1AXA-d5ZkgEzlMy0', '2023-01-06 02:43:12.238339'),
('d4nygvzyubjhvmll89eg6650tkf7hwk2', 'e30:1oqqD5:pW0L6fw5dyHCFbZvaDVNty-gBjzo0EnNUZG-INQYxIE', '2022-11-18 06:29:47.454432'),
('d9eoopqh12swxun5vmxja9fcx11sg9hi', 'eyJ1c2VyX2F1dGhlbnRpY2F0ZWQiOm51bGx9:1pIiRQ:RVBC0_KPlQXNV8fqoKb4svcwAyoR-wDIT2tCNemhru0', '2023-02-03 03:51:48.908316'),
('ddc983zfcyx8vrwo84b960r8t5ibbtxo', 'e30:1owqDP:S664vNi3So15j02gdHKnIvbrGR92ey3bgMZgw0y7E5E', '2022-12-04 19:42:55.865010'),
('decmoscckjmarnc5gem3zyp1vi3uouvu', 'eyJ1c2VyX2F1dGhlbnRpY2F0ZWQiOm51bGx9:1oxohG:QWydZXRpnGZ66L1WPqzfw2yQ7JLNMFpMfb0PVagH3Hc', '2022-12-07 12:17:46.235278'),
('djdffska0kywcg7e2ppthh0c1t5g95gf', 'eyJ1c2VyX2F1dGhlbnRpY2F0ZWQiOm51bGx9:1oxXHQ:ZUHXk7sG45PJUAsNF-Z6LKtm0SBzW5SJVqnE9XdxEVk', '2022-12-06 17:41:56.212608'),
('dkblsemscknb5yi01t9ox0b39rrtt6cq', 'eyJ1c2VyX2F1dGhlbnRpY2F0ZWQiOm51bGx9:1oypEL:iix8u0Mg3blJAWTJKXMT5YnmUIHlosHnk3jvoLsJx1A', '2022-12-10 07:04:05.660987'),
('dov4t63zluwrq2kge3wns1y7bor5bqsb', '.eJxVjEEOgjAQRe_StWkcWmDq0j1naGY6U0ENTSisjHdXEha6_e-9_zKRtnWMW9UlTmIuBszpd2NKD513IHeab8WmMq_LxHZX7EGrHYro83q4fwcj1fFbB_Yhq2SiBjiAkmAn6gWzl9z2vtGuZ3QAPQJBEnRJgmfXIYZzq2zeHw7BOHs:1opr2i:V8FS01ckNEH5Jp-DAW_IGjkYAqcaKBRb-wQ0Dzfp5B0', '2022-11-15 13:11:00.580742'),
('dr2zgnzh1pawrjwz8tn1re5brhewrz23', 'eyJ1c2VyX2F1dGhlbnRpY2F0ZWQiOm51bGx9:1ozujt:gBfsmSMGXY64LNqGOPeZpsK9F-Z-SNO0WNzqcWP4OuI', '2022-12-13 07:09:09.742007'),
('dtgypnukifxy0ltiv15kprqjdsqeo6ut', 'eyJ1c2VyX2F1dGhlbnRpY2F0ZWQiOiJkdGd5cG51a2lmeHkwbHRpdjE1a3BycWpkc3FlbzZ1dCJ9:1p6YQY:d9TP0jH5Wvrk_v91_Xytl2L63uI21AxuyM2nvdg2FS8', '2022-12-31 14:44:38.126379'),
('dtouz5izcp5qgsbsa9gxn0ji0iq9xnp9', 'eyJ1c2VyX2F1dGhlbnRpY2F0ZWQiOm51bGx9:1p4zYW:z8q7F5Or04vSjnkbawECOh2oTW9t80Pq9m99yury3uM', '2022-12-27 07:18:24.610049'),
('du5fd2z2r4t5wkocy0zrs36h3qrpftg4', 'eyJ1c2VyX2F1dGhlbnRpY2F0ZWQiOm51bGx9:1pDoBe:iWEkhdA57koUazXvlFSZ-flqK80kcy7y8E1poeGfe9s', '2023-01-20 14:59:14.808203'),
('dvnipbibtzsdq7qr0r6j17kwmbojb8bm', 'e30:1opVDK:KDeIvAX0VlWvGdaLj9ebvxqLT24STEUeZxB9-WyD21E', '2022-11-14 13:52:30.629000'),
('dvq6ufqb2a3kte6yul6x2r5jbbgcg3qh', 'eyJ1c2VyX2F1dGhlbnRpY2F0ZWQiOm51bGx9:1pANbU:k6hY6NpiH7O4MBymOZ432FFmguKXFbYHkr6ASIlRKkI', '2023-01-11 03:59:44.483001'),
('dvr806yngk43vyguov1oxk2tw8b9cul9', '.eJxVjMEOgyAQBf-Fc0NYUMSeGu_9BrPAorSKqeKp6b9XjRevb2bel60LzS2uuaeUo8NMnt3Z59GNGAfuppHd2IHbQ4w7BWOuq0X3prQj_8LUTVuX8hwt3xV-0oU_J09Dc7qXgx6XfquDQFv6gL6UhohqobzU2kJwRhUVKCgclFYqpynUAEKCCNpoXQmrCCCw3x-3WUST:1pIuUh:3BSF7Ii95byOJ3hSfPwBbvwQmHfzxf2cNzt8EMc45T0', '2023-02-03 16:43:59.009773'),
('dvunsr36dyci82sc167zbcoknvh65eki', 'eyJ1c2VyX2F1dGhlbnRpY2F0ZWQiOm51bGx9:1p0eQ5:Yq5Wenx_CEvm0p4M26ZwEKu4KWPGm8yiA2cctYxmvpI', '2022-12-15 07:55:45.788663'),
('dw65tfhwocgjyt7b93w0nqs9corhhzt4', 'eyJ1c2VyX2F1dGhlbnRpY2F0ZWQiOm51bGx9:1p8RuH:Tj1Zbvmz51CdtH2m4_v8yMSo_8k3FA1QwZLiqft4-cg', '2023-01-05 20:11:09.281532'),
('dygw6u7t6x88n5u0ob0fyq79z60iehxt', '.eJxVjkEOgyAURO_CuiGiiNBV033PYD78j1ItJIqLpundK42Ldjtv5mVerIctj_220tIHZGcm2Ok3s-AmigXgHeKQuEsxL8HyUuEHXfktIc3Xo_snGGEd97Wx0nhCD1ALawQBaoUkUXuJvu1kTaqzuhGi0wKEQ904NNI2SmtTtWR36VdXxBRzcJCpvFqSm56VaIy6DA8I8_7vwd4fIfZHzA:1oxPu0:JN7vg16EcDxNfypYRd77Bzpso2Fhhi3pm07WgMfPxgM', '2022-12-06 09:49:16.005636'),
('dzftfw9tc5wwxa3yjy5l46o9s5hkxtni', 'eyJ1c2VyX2F1dGhlbnRpY2F0ZWQiOm51bGx9:1ozppE:eV7-azj8QCRoEDrYEKUsDvHJMq1jmDSIbw4qXqedhds', '2022-12-13 01:54:20.245856'),
('dzo2rthw26qanyfn7pxhvd7gs2iy3its', 'eyJ1c2VyX2F1dGhlbnRpY2F0ZWQiOm51bGx9:1pIsBX:y7spQkhqOQRi_F5__fT1zXVVosP5LOLolgVS9ZTIsbo', '2023-02-03 14:16:03.890315'),
('e09t6dphw55jmpemdmlkz9xw7gq00tda', 'eyJ1c2VyX2F1dGhlbnRpY2F0ZWQiOm51bGx9:1pAYGz:hFF-Fgacq31joRuBRa_Gst4QhyN0KUMRu98qbSbN1SM', '2023-01-11 15:23:17.332620'),
('e2sqam1hvtfjehphl3ntgo1o899wsa9q', 'eyJ1c2VyX2F1dGhlbnRpY2F0ZWQiOm51bGx9:1pBXZ8:vsm_ERGZYVty0YOT7x8wynpUtatwBgCkm17zMbOlhbI', '2023-01-14 08:50:06.805311'),
('e3mp3ozzgm0t0jkqiqve6dhckzodc5dr', 'eyJ1c2VyX2F1dGhlbnRpY2F0ZWQiOm51bGx9:1oypG4:0kkBIv8Nibf7ZXafxfkbPNjSt6RZhCwQtlufFvUU0tg', '2022-12-10 07:05:52.049285'),
('e42ibklpo77bmr8gzocuj7u4h0wx95bn', 'eyJ1c2VyX2F1dGhlbnRpY2F0ZWQiOiJlNDJpYmtscG83N2Jtcjhnem9jdWo3dTRoMHd4OTVibiJ9:1pBXZ3:zYKdNe7AD2WNdiCBM9aRte8VH09np92oVN8jv1YNPho', '2023-01-14 08:50:01.762113'),
('e454bu2j2jfph4v6p3sobo9j6ezqpmz8', 'eyJ1c2VyX2F1dGhlbnRpY2F0ZWQiOm51bGx9:1p6PuV:uV3OXGn74r_LekWzyNJueIBB6-VtgZrIlRT3DED6zyI', '2022-12-31 05:38:59.057221'),
('e5tep9fp8j91pohocn2b7p0o6m52kx7y', 'eyJ1c2VyX2F1dGhlbnRpY2F0ZWQiOiJlNXRlcDlmcDhqOTFwb2hvY24yYjdwMG82bTUya3g3eSJ9:1p962U:d_Fva5IXrlmY9rX5RBN5ycGYSHFxfaRIRfllYC5frZ8', '2023-01-07 15:02:18.844619'),
('e6fh10a2ab91scg31m3utmwf2ek28us0', 'eyJ1c2VyX2F1dGhlbnRpY2F0ZWQiOiJlNmZoMTBhMmFiOTFzY2czMW0zdXRtd2YyZWsyOHVzMCJ9:1p8cRN:lRx2UXAMdBO2nS3HRWDuiHiTw7KaSggc3XAwM2cSDx4', '2023-01-06 07:26:01.506830'),
('e727yjj1yir3xkl5ayxst4kb59k4dmyx', 'eyJ1c2VyX2F1dGhlbnRpY2F0ZWQiOm51bGx9:1p7aPH:TrPLuuIPl9EE8ISOyhZi_3emaestVwYdPpI9zFHsUGg', '2023-01-03 11:03:35.695814'),
('e73epl6kuln5f2hmfo4yzyxcrt64k92c', 'eyJ1c2VyX2F1dGhlbnRpY2F0ZWQiOm51bGx9:1pBT7q:aO2w2lQRMWr2ATrEPpiMPxgO1wlu4gDV7IqnjxPeAzw', '2023-01-14 04:05:38.876856'),
('e8ay5cyxe2tic62ddbpljdpjtc9f6kmd', 'eyJ1c2VyX2F1dGhlbnRpY2F0ZWQiOm51bGx9:1oypGE:kGhDhiEtrS43cEhSmUztvGv2c99DeDcL6t8zMVxyjdE', '2022-12-10 07:06:02.080701'),
('e93b304bneid5nj5mftbd2qg8hv1qu2j', 'e30:1orOpX:lD_7af52te36fh2CHqakMNV8DfjFxPS3xFNclMQH-Yc', '2022-11-19 19:27:47.376022'),
('e9fo5ldpc35sv9sks56g236u68b20buj', 'e30:1ol0D5:1mKzkM4w-qN6B2rFb6BvTVmwn-HR3rEX0ZUzy49HT3o', '2022-11-02 03:57:39.719000'),
('eaiqukrr4i39yili8bxecbhztlf7tju2', 'eyJ1c2VyX2F1dGhlbnRpY2F0ZWQiOm51bGx9:1pBXZ6:kC7wEVXi3Mn-aP30ZWzJclAQ6tqVYAh7gyBVE0fO7kM', '2023-01-14 08:50:04.090466'),
('ebjdxt10pswxql2gdu7sq24z9canlad5', 'eyJ1c2VyX2F1dGhlbnRpY2F0ZWQiOm51bGx9:1oxoha:I-lTVpsDlQw6TwQLmU8-fB31ou7Ga-eKAy-J2RDH1L4', '2022-12-07 12:18:06.950547'),
('eci7crmzhqa8m548g2og3jcffvykw4v5', 'eyJ1c2VyX2F1dGhlbnRpY2F0ZWQiOiJlY2k3Y3JtemhxYThtNTQ4ZzJvZzNqY2ZmdnlrdzR2NSJ9:1pBT7p:qjjwOAKipiiDbIWBK8sMb_pOqN95aiH_m1zJL65fIWw', '2023-01-14 04:05:37.865036'),
('eei5cbzpgeod5j3nkcicl8suhgah75l1', 'e30:1opUqc:6YODDcfQ0I5dklwzpMLLUaQRhH92VY019AtiYziF4tE', '2022-11-14 13:29:02.073000'),
('ef9erdsm1ap45ldu4k472bqnzc3uk41w', 'eyJ1c2VyX2F1dGhlbnRpY2F0ZWQiOm51bGx9:1p6zl2:-Srd00vRv-1tWUfGMKaMyaJImyURmPvTm6E7aFw6-l0', '2023-01-01 19:55:36.919744'),
('efm3kjix2vgi72v0gscdfj0hyst8llag', 'eyJ1c2VyX2F1dGhlbnRpY2F0ZWQiOm51bGx9:1pIIw4:w7bJ4_SRstjesndSsm3BS6--MWcW8kDJVthVep1COAU', '2023-02-02 00:37:44.557461'),
('ei4k35n2cg09vjcbm601e1urigg1t5ae', 'e30:1ovp2x:hxRdTn6-d5aa5gLwLafef5hfxJHbMOJDgQnZWQUVJhA', '2022-12-02 00:15:55.320436'),
('eidal88vlaifq7alg592ayq5kuumnc1y', 'eyJ1c2VyX2F1dGhlbnRpY2F0ZWQiOm51bGx9:1p4Slo:Vw4UPLUcyrdPGKqjWSAkBN46f4KVZRHASQvymEw68MI', '2022-12-25 20:17:56.355035'),
('ek4qm0d5dq7lnlovjnhkl3qx4dkdse6n', 'eyJ1c2VyX2F1dGhlbnRpY2F0ZWQiOm51bGx9:1oypKY:xW-diO0c2g51p7oQcGlHtA-45KVAjfZZ6bHfqLpYpM0', '2022-12-10 07:10:30.955594'),
('eo888srr4rk6dx61rn1okmaj0a9esi05', 'eyJ1c2VyX2F1dGhlbnRpY2F0ZWQiOm51bGx9:1oxNOJ:thUZTT7XVEsSw77tKotISQuxedfIKTcp4zVH2mGuDNw', '2022-12-06 07:08:23.858411'),
('eq7kkhs8ndp187qeh6s5hxnoy2k3nr2q', 'eyJ1c2VyX2F1dGhlbnRpY2F0ZWQiOm51bGx9:1oxogy:PvJz1uma6uqgMh_JkOOna2PcSKdsy-dtE4x00XUSZzE', '2022-12-07 12:17:28.146477'),
('evf4guguo19zfhgtb7eoe83x6g6sp3b5', 'eyJ1c2VyX2F1dGhlbnRpY2F0ZWQiOm51bGx9:1oxohs:9dqYSLk4e1gzIh5p7jIE4Q9C880IVBq4YtKPmvzMaKI', '2022-12-07 12:18:24.371564'),
('evhsm7dib8fxt149nyf64qxn4kjq0mke', 'e30:1opqjY:xcuQ4AQ1OX2krnay-na4TIp1Pj6eAvS0J4V27vhWIfc', '2022-11-15 12:51:12.790449'),
('ew4f4xgl6urpw7rv0ktyyvdmpd1dzke3', 'e30:1ovr0h:NZsewprCeCYiwD6Z1kBqPPXZwPlsJPYGZmGbrnabVNM', '2022-12-02 02:21:43.964497'),
('ewbuvxkf8158g9ymk8c1dopacb5bxu3m', 'eyJ1c2VyX2F1dGhlbnRpY2F0ZWQiOm51bGx9:1pIHUb:hfaBrVLxfoRRaeYLnOnYo8jkmqytrYc4CoJd-h4XVaQ', '2023-02-01 23:05:17.442615'),
('ex2gqjc69p9rvz79lp215ug6cuxorm1n', 'e30:1ox5YV:2-jR5cP69xNuPHe8z29BmIiv5MtqLIi326JvqYk8x-s', '2022-12-05 12:05:43.265407'),
('ex32kweu0gsxwr11f3y1jgwtva1bzb9s', 'eyJ1c2VyX2F1dGhlbnRpY2F0ZWQiOm51bGx9:1pGS3E:gwEU2joZSPwV9Tfmg23pbODw9IC8DpGdoDvIU3tKMM4', '2023-01-27 21:57:28.054604'),
('ey4zg1ftd2fxf30nj123f2mn4hdcdz7z', 'eyJ1c2VyX2F1dGhlbnRpY2F0ZWQiOm51bGx9:1oypHl:oIbO4NJWxlqD-85jNE6ebsLBbNVY0f6FcVX4f_cWa04', '2022-12-10 07:07:37.990228'),
('eycdxfrk3t8yqlnp1i7viakinng3broy', 'eyJ1c2VyX2F1dGhlbnRpY2F0ZWQiOm51bGx9:1pBqSj:ixFeGTaW6hk3nq5mrI9_rkZPq0zmi2hcYNZTl3Ka9l8', '2023-01-15 05:00:45.501177'),
('ez5e498zt53oiterngjg3tkhgaxa4lli', 'eyJ1c2VyX2F1dGhlbnRpY2F0ZWQiOm51bGx9:1pGOfq:gEQZ_FwAJ10j_g34oJbcihv1Xw4T_qQDJ2h4lpa-ZZg', '2023-01-27 18:21:06.664415'),
('f35pg7bd2z2s1cb3mzahnw35ip25vwjs', 'eyJ1c2VyX2F1dGhlbnRpY2F0ZWQiOm51bGx9:1p6QXH:kfOeIS-GHNFlAA643snDhSSNexot4PhtQmEOCsCO7Gw', '2022-12-31 06:19:03.111787'),
('f3bxlg2zcfoefk84koyf7dhpbcid9iz5', 'eyJ1c2VyX2F1dGhlbnRpY2F0ZWQiOm51bGx9:1p8RuC:0BtNqEujrClulF4eimOteugmcrQiT0kT2vQ6KPnIyvE', '2023-01-05 20:11:04.229172'),
('f3yv7mwbnx5g4hy4tasqngimhsaufm1s', 'eyJ1c2VyX2F1dGhlbnRpY2F0ZWQiOm51bGx9:1oygLa:zmPZQ_G0zBmZLwbCL6GhWDspE3GPbYfrFV0jBqQ5PBI', '2022-12-09 21:34:58.948212'),
('f4m63hcy095t3jatpfg96zmokdrrlnun', 'eyJ1c2VyX2F1dGhlbnRpY2F0ZWQiOm51bGx9:1p9ndE:PqTYHH50W3etmnqHbuLdH5kZaQbBJZkAAc8h3388-PI', '2023-01-09 13:35:08.295897'),
('f6p5jdmpez7zhugpb5kfkahjo99nzkne', 'eyJ1c2VyX2F1dGhlbnRpY2F0ZWQiOm51bGx9:1pBLGh:sZBAIqhq6yvaztsLEa8WuiubVH_AJXc38vnsWJNk-cU', '2023-01-13 19:42:15.237480'),
('f7bfftxwarzlqn2v0ppshpkvgplz9vzh', 'eyJ1c2VyX2F1dGhlbnRpY2F0ZWQiOm51bGx9:1pDXcZ:SRugt2hlAUpYAWfAIGNq0eHci5Tuo0TMHXGODf2Xp5M', '2023-01-19 21:17:55.201826'),
('f7tlwcsqpg1jir7h0owftfft914fpyaa', 'eyJ1c2VyX2F1dGhlbnRpY2F0ZWQiOiJmN3Rsd2NzcXBnMWppcjdoMG93ZnRmZnQ5MTRmcHlhYSJ9:1p3CyW:AMLzF3ikHYYpBH5Q9cIuBrQWgomXLgm7AZ04CtNJfP4', '2022-12-22 09:13:52.814328'),
('f8b48q7f0v7qoaar143flfotf2dbvgix', 'e30:1opqkD:3OUsxXuHmzgLCC1ubhysEfTl9VrKHMunMKrq7S6Omvk', '2022-11-15 12:51:53.572813'),
('f94jpm66bh18culc1rikhnd1wmxnj4ye', 'e30:1okk9f:nWzCNDHCg8mOONmrMYRJJOoShus3BxyEVsAWLPM0ZUc', '2022-11-01 10:49:03.137000'),
('f9tv0ndvwb97y27d2abnng0ork1fe6b7', 'eyJ1c2VyX2F1dGhlbnRpY2F0ZWQiOm51bGx9:1pGOfr:uBpZ3hjwz054mm9SdQef3nt8pNCRNecW1rFwU7_bDQQ', '2023-01-27 18:21:07.263568'),
('fa23qj9ircvqkzx8m13awh0d85dczoin', 'eyJ1c2VyX2F1dGhlbnRpY2F0ZWQiOiJmYTIzcWo5aXJjdnFreng4bTEzYXdoMGQ4NWRjem9pbiJ9:1ozB8W:1Bh55cDX5y2F2l2vBb-fWEbHfSz-dx-_qkUtchfT7SM', '2022-12-11 06:27:32.978753'),
('fb08i42y54th4wo9p5sk0xrn78gnh6aa', 'eyJ1c2VyX2F1dGhlbnRpY2F0ZWQiOm51bGx9:1p0r3l:fa-vHZZePmlgDarZG-lbtZkdz1mGEzcuqSlstIFpdqU', '2022-12-15 21:25:33.773617'),
('fbhoi5pbqvy9zcwqaxk1g0qxu748zs9f', 'eyJ1c2VyX2F1dGhlbnRpY2F0ZWQiOm51bGx9:1pFwwD:L0ZlYQetuMia0dRlf0BD3YhMRIG48mTn7WvF2H_gzI8', '2023-01-26 12:44:09.661937'),
('fdpnj80b4k8p94g1hi8wxpyvh1ydxmh0', 'eyJ1c2VyX2F1dGhlbnRpY2F0ZWQiOm51bGx9:1pCvfM:PiqI-L3OxnWsMY8aiyu2HXQyRSDIlt9h7ZG1PpgoUdQ', '2023-01-18 04:46:16.187260'),
('fdrln74xbpe5ubzumzjuc9tn4fxdmncm', 'eyJ1c2VyX2F1dGhlbnRpY2F0ZWQiOm51bGx9:1oypGg:GtVGAiwHlFqa_YYkl8-0UaxSov4rv1NIGHwmhqDQEt0', '2022-12-10 07:06:30.586939'),
('fdv6xedpzpi2ujgzy82qzj5pjqiqtu49', 'eyJ1c2VyX2F1dGhlbnRpY2F0ZWQiOm51bGx9:1p4Sls:jn5he3S5yPPnUqpplLJ31-iCVJOKpCU_ZET_DzZLmS0', '2022-12-25 20:18:00.510057'),
('fe1marfe2qv8dn3p1zvfribj3wmuohg0', 'e30:1oqVU1:XuSOPkL355cnNVwlHHCI3H_kpy_pUJUrZ7DYOtdQv_c', '2022-11-17 08:21:53.260093'),
('fesnzdnrvtv9176ek2kempgenzs7dx87', 'eyJ1c2VyX2F1dGhlbnRpY2F0ZWQiOm51bGx9:1p3KiI:G7SAyoK2oXvgJ5USwW47I4cQk4XkXgBhwoPkrZv8TXM', '2022-12-22 17:29:38.348940'),
('fg0xsa7si1urva4w110t8jof0zk80wxe', 'eyJ1c2VyX2F1dGhlbnRpY2F0ZWQiOm51bGx9:1pIiRT:kCfw3EoJ0hJprh3W15l22OU67yXmDUjArFHtE-wa5zM', '2023-02-03 03:51:51.561641'),
('fi1f7y4x6p7cvf8kisq3hwyt1wmdae2c', 'e30:1opqIi:zqazTqOJDy_-3YQ4kIz0y1Gvv--14FebmVYmZi5RRzw', '2022-11-15 12:23:28.190992'),
('fiac8rp7duo7jj26xw66v5uf6ipvudym', 'eyJ1c2VyX2F1dGhlbnRpY2F0ZWQiOm51bGx9:1oxohm:c7NFHc7XX_KtgHcFzC7MDLSwb3eeJ5r15HeR_Nxf0IY', '2022-12-07 12:18:18.370565'),
('fjwva2b7yck7wnthxsmbq5w5lb9adqll', 'e30:1opV5g:JKa_mqjCmQ-C9dQl4Aeshfandj0eL66KBbFdthUc-B0', '2022-11-14 13:44:36.710000'),
('flrdmek5x18mf7m4vjcqb6fg90eqt9me', 'eyJ1c2VyX2F1dGhlbnRpY2F0ZWQiOm51bGx9:1pAP7g:MeXR4CbwOoAvDa2DLGl_hp_6EjCS-EJp0yZP-7srMcs', '2023-01-11 05:37:04.580668'),
('fq0lb4tm4mgljteaa3l2ndh1yzvpwpe5', 'eyJ1c2VyX2F1dGhlbnRpY2F0ZWQiOm51bGx9:1p1len:GKHU1asvQuvjlJoQGOmIbOyZcuIGOOQo0SJHZs7WZUs', '2022-12-18 09:51:33.600180'),
('fqfwt5440hexb274tkt3s2ddwqt96o70', 'eyJ1c2VyX2F1dGhlbnRpY2F0ZWQiOm51bGx9:1p1ler:lXZT4nVjOcGU0j-BY225DvhCilI6M3ioVGLEHa3TnnQ', '2022-12-18 09:51:37.982272'),
('frd9s7ojz81bkman36zfaeo96lhwal1t', 'eyJ1c2VyX2F1dGhlbnRpY2F0ZWQiOm51bGx9:1pDfxs:XfzcIAzGYvkh38HU74YDbji6_HuWrSYl85A1-EdVW7Q', '2023-01-20 06:12:28.794999'),
('fvi03gfizptrxxy1n4e2jpn9uwwnzjof', 'eyJ1c2VyX2F1dGhlbnRpY2F0ZWQiOm51bGx9:1p8RuN:Kk78tf4nXzJ9s0ZiOG6ulOha--CItBlGyTFnbTWXwPw', '2023-01-05 20:11:15.029833'),
('fx12gd3g06wv8bxq71uzj7p3t48wqfzo', 'eyJ1c2VyX2F1dGhlbnRpY2F0ZWQiOiJmeDEyZ2QzZzA2d3Y4YnhxNzF1emo3cDN0NDh3cWZ6byJ9:1oxjGD:PX7LNUcWxPOR_qYHwk3-83DYZvwt1XyMoMyHfh7z_w4', '2022-12-07 06:29:29.708964'),
('g0as6udl1b5t3rwop6hzmopx6sy3ojxu', 'eyJ1c2VyX2F1dGhlbnRpY2F0ZWQiOm51bGx9:1pEZBv:EyySEWQex9568B47CuvLDkrQxdZcHD1P0dVpipsE6ZM', '2023-01-22 17:10:39.317619'),
('g4jm05z4lmemuyq8bjw8zew508z0sxzy', 'eyJ1c2VyX2F1dGhlbnRpY2F0ZWQiOm51bGx9:1pBXZ5:-etG1yctvL-qx7VHuNZPNdR5jOL0wekQK0Y1xJjbre0', '2023-01-14 08:50:03.586762'),
('g5pln5cvynzbmlclvp6u1zvmoycyn5nr', 'eyJ1c2VyX2F1dGhlbnRpY2F0ZWQiOm51bGx9:1pIQA2:Gp_sy3OdYG6o9BBum9-FgMLXkS2NAxd8qEPWNWP9mpk', '2023-02-02 08:20:38.037508'),
('g5vpxeo94vgm1z45n9htylcicc1fyomr', 'eyJ1c2VyX2F1dGhlbnRpY2F0ZWQiOm51bGx9:1oxohI:ZIwgq2ru1PTA7GM-lzfCE1A1hUvpp5g0NSU1JNhA-BQ', '2022-12-07 12:17:48.780510'),
('g71s7lp7n67ckgrl8vjaoak3o0s27w9c', 'e30:1oqkaO:140ANlnTl0azfilsL9Elm5tBNQa4QQXom99wyZk4wtw', '2022-11-18 00:29:28.207293'),
('g79xbhsi9zxvhexjq1tra28rmjy5mrff', '.eJxVjEEOgjAQRe_StWkcWmDq0j1naGY6U0ENTSisjHdXEha6_e-9_zKRtnWMW9UlTmIuBszpd2NKD513IHeab8WmMq_LxHZX7EGrHYro83q4fwcj1fFbB_Yhq2SiBjiAkmAn6gWzl9z2vtGuZ3QAPQJBEnRJgmfXIYZzq2zeHw7BOHs:1opnvU:seugiqV5yiyFMSJyeKDtjuY7W_tCw71FRNsAOiW-KrQ', '2022-11-15 09:51:20.236833'),
('g7k8bht6gw711xljwktgnavarw46gj6p', 'eyJ1c2VyX2F1dGhlbnRpY2F0ZWQiOm51bGx9:1p5m7I:yZEpNUY280KjaR04OYbdoyTNu6RpOREZwY4WqIfWU6k', '2022-12-29 11:09:32.896254'),
('g7nx0n0jw51ylm732fhm68wreztlhb41', 'e30:1ol09R:kfjbWFuchPq82Ya6F7HRuxOC2DFlB4qglJ1SMkLSS7Y', '2022-11-02 03:53:53.248000'),
('g7vungb1kr0gfxjcp1jagtw6q46pfore', 'e30:1oqgcl:0ur-0DPxzkI-KzYZoXomSmih0tCNq_2iUyk-aOJPBz0', '2022-11-17 20:15:39.779049'),
('g8t9ixj8fgdsxx3t6szlvtshntmnegoc', 'eyJ1c2VyX2F1dGhlbnRpY2F0ZWQiOiJnOHQ5aXhqOGZnZHN4eDN0NnN6bHZ0c2hudG1uZWdvYyJ9:1p8f8R:NN0M8lIYLoIKAEmTk0dNEdiEzo76VoQjaMHTYDJK5JA', '2023-01-06 10:18:39.642971'),
('gavx2sqz4as305yldfz6y2oaudkq5t1c', 'eyJ1c2VyX2F1dGhlbnRpY2F0ZWQiOm51bGx9:1pHwLk:NpANsh7zEOlfs51Xa__SUesdZ4zp3GI5qdFUzS3uVeg', '2023-02-01 00:30:44.349192'),
('gbtn9ozxxdpqshymsom9uvvpkkq9ttbd', 'eyJ1c2VyX2F1dGhlbnRpY2F0ZWQiOm51bGx9:1pBYn3:ud3wl2Yel22d-TKxUunuQDIO9MYhYEeiAOdRVWBR0yk', '2023-01-14 10:08:33.824127'),
('gcnn74ylhaz8pa2s74rjgx85mogqcmvg', 'eyJ1c2VyX2F1dGhlbnRpY2F0ZWQiOm51bGx9:1p8qV3:J10dJhY3UwqF-uVmbEtvspEYxs7f2vdRlbpwhDhjTJI', '2023-01-06 22:26:45.035716'),
('ge0r3faas3nj15z80ch95mnvxqznauqx', 'eyJ1c2VyX2F1dGhlbnRpY2F0ZWQiOm51bGx9:1oyTmR:Wti_zp7mu2U7v-RCmlnLyc5eaE9qckeNXg_8N1htBHg', '2022-12-09 08:09:51.347489'),
('gf611c046z5qfyf06fakxmngxmg8uihc', 'eyJ1c2VyX2F1dGhlbnRpY2F0ZWQiOm51bGx9:1pIQA2:Gp_sy3OdYG6o9BBum9-FgMLXkS2NAxd8qEPWNWP9mpk', '2023-02-02 08:20:38.127161'),
('gfzraboq43ldz8xv92573pfo0sw8by8c', 'eyJ1c2VyX2F1dGhlbnRpY2F0ZWQiOm51bGx9:1oypHI:bUeDvrq8jPukySep6jZlTpFZPJ173Ts7rydPMiMW2r8', '2022-12-10 07:07:08.610540'),
('gga1fga4moss2f2t9n9yy0t70zt3ykrl', 'e30:1opqde:Ieefr0YHxwS6CbNfhguuB6h9UeqbKXi1gNc6UfV0AN8', '2022-11-15 12:45:06.723790'),
('ggoz3d2eymt5i925tlzf74ynptixc58n', 'eyJ1c2VyX2F1dGhlbnRpY2F0ZWQiOm51bGx9:1pCOAA:6HVNRiAMOuxJBCGVnc16Mm-bnEnlUobwC634ugSU1Yk', '2023-01-16 16:59:50.965896'),
('ghw1xwuag74ti7baazdy0g1k67691rtr', 'eyJ1c2VyX2F1dGhlbnRpY2F0ZWQiOm51bGx9:1p9ndB:t24_EdsH2ME7PwLihiZ-yptzQbt_SULkad2zJsDneoA', '2023-01-09 13:35:05.885504'),
('gmczo0ns977tn5yr3j4xsz51wosyrgat', 'eyJ1c2VyX2F1dGhlbnRpY2F0ZWQiOm51bGx9:1p4zYV:5gueAeM9VWfP9PJ-r6VyXuxMkuGaCBpDi2xn1d_kInY', '2022-12-27 07:18:23.138649'),
('goa94xl5sluhgn9uatc7axtsfjj0nsnl', 'eyJ1c2VyX2F1dGhlbnRpY2F0ZWQiOm51bGx9:1oypKD:pmlPttjWR7MgUAWreMpgUAdcLNU1OFZl4sKEV7mAPWg', '2022-12-10 07:10:09.699378'),
('gpdh2nxz677kthyhxp7x2zmzwkk5lz0m', 'eyJ1c2VyX2F1dGhlbnRpY2F0ZWQiOm51bGx9:1pBXZ9:fTgXUp9m65zOn8j_HrT63lEJoiTONy1XX71KGBXbb64', '2023-01-14 08:50:07.691413'),
('gpnxoi0ditqe1kj630yhduug91xzoh85', 'eyJ1c2VyX2F1dGhlbnRpY2F0ZWQiOm51bGx9:1pGzi8:LJwwcdi_jjVz9gWlGym-MJjVY3RnLJQsdqeAsUvmV2g', '2023-01-29 09:53:56.454450'),
('gqmsbffkel3ui5r9nun5mrwbzqke2x5d', 'eyJ1c2VyX2F1dGhlbnRpY2F0ZWQiOm51bGx9:1pAP7Y:JfqrPZdPc5h8nE6LZlsKkTnZuy4nbzcY8_P62Mg584E', '2023-01-11 05:36:56.626035'),
('grj1gjvrmkjohzsh48suo8j169brl40a', 'eyJ1c2VyX2F1dGhlbnRpY2F0ZWQiOm51bGx9:1pEZBr:_FgOR1KokSSRQKf1Iln9p_5XeljefZxfo2u27m-LMtk', '2023-01-22 17:10:35.060057'),
('gtgst5eo326o0zci8180p32rofy9w1hn', 'eyJ1c2VyX2F1dGhlbnRpY2F0ZWQiOm51bGx9:1pBRek:WeDGcf5vddteW_6rQLrpWmfhl20bcJ51So3Awf_UHxY', '2023-01-14 02:31:30.178064'),
('gtnqmwaxin6or8rsdxa0umzii0zkr689', 'eyJ1c2VyX2F1dGhlbnRpY2F0ZWQiOm51bGx9:1p7aPI:g9-3nyYF-5jMj93WHL4GawaqgL2l1NTJFUZTajbRbv0', '2023-01-03 11:03:36.912067'),
('gvivm4xa8n3tem4o7on2722pegxyjfvv', 'e30:1ol02T:1Y804jB0tZdLBwDywMRYYIkRRT0VKAqJvLeEu4suY18', '2022-11-02 03:46:41.051000'),
('h5tazid30cu1zg2ca8cal5njyxn869o0', 'eyJ1c2VyX2F1dGhlbnRpY2F0ZWQiOm51bGx9:1pIAVa:WoiRf6wQBflQyB_67hOc0NJxQiES2G9iKAka3-qSKUE', '2023-02-01 15:37:50.698421'),
('h6kc14x2dv5yy2m3skigwnz16mkz9bbu', 'eyJ1c2VyX2F1dGhlbnRpY2F0ZWQiOiJoNmtjMTR4MmR2NXl5Mm0zc2tpZ3duejE2bWt6OWJidSJ9:1p0dni:5e64IGElvJLWlYtERVSCcUox9vXnTs7m9WfirYsIabg', '2022-12-15 07:16:06.472804'),
('h8y2qpa99066r8ua34hgtuitkxyfyr5m', 'e30:1okk7o:9JGhYj2nO29rfmdqqcj16HPb7EilhmLIJc5WMnOEq-E', '2022-11-01 10:47:08.988000'),
('h9rcsbi8u75ruocnrfb98bspq1k3lela', 'eyJ1c2VyX2F1dGhlbnRpY2F0ZWQiOm51bGx9:1pIdB8:aw2wQlfkrUGTUKqdfl-Iyq5uFxHba1KwPxNcPv8WuqU', '2023-02-02 22:14:38.192167'),
('hb7l7h89owi7b1aebmc851ubkvsmh4yu', 'eyJ1c2VyX2F1dGhlbnRpY2F0ZWQiOm51bGx9:1oygNM:AH0ux-y59fD6px8LY88oBbKNv9eGeYPmAP0L1Az1KDk', '2022-12-09 21:36:48.786150'),
('hbakej8xq75w44ctxpkblct7k75zcu18', 'eyJ1c2VyX2F1dGhlbnRpY2F0ZWQiOiJoYmFrZWo4eHE3NXc0NGN0eHBrYmxjdDdrNzV6Y3UxOCJ9:1pIf4J:EuiZ_ilPYiifZI21lW_w6Eo9NvjZu0Y3DJPgMZNT9bs', '2023-02-03 00:15:43.935479'),
('hc48io3y59fn1usc4ia5p8xx65hhx7gr', 'e30:1opqcp:WTTafNeU7z6fSXML-7RTPp6OMvexpRcCqNrFMVJFCRM', '2022-11-15 12:44:15.525771'),
('he6vvekoym4wx1i07bhojnxvqv10a8n2', 'eyJ1c2VyX2F1dGhlbnRpY2F0ZWQiOm51bGx9:1oypF6:WL_rTuNo0-fgqToKOE4ntHLnuD3ZhvguJ_yfBWDdAdo', '2022-12-10 07:04:52.862166'),
('hedwapemob5tf9sfnsxv5l2andx17hn4', 'eyJ1c2VyX2F1dGhlbnRpY2F0ZWQiOm51bGx9:1oygNI:LsvGJAYL3CiXHyEWkR7DceHUJSrgqRNn9YB9rcPIFlY', '2022-12-09 21:36:44.361172'),
('heyuz08glafpmfotzvs1b0ixmehb212f', 'eyJ1c2VyX2F1dGhlbnRpY2F0ZWQiOm51bGx9:1pBXZ6:kC7wEVXi3Mn-aP30ZWzJclAQ6tqVYAh7gyBVE0fO7kM', '2023-01-14 08:50:04.385425'),
('hf2169pd1mtwlro1aqd90nusqq8j3z74', 'eyJ1c2VyX2F1dGhlbnRpY2F0ZWQiOm51bGx9:1p5m7d:vCjHKK-L8SUiVQ5Uxm310uaNjgdx5Liq9vFK8vH58gg', '2022-12-29 11:09:53.195908'),
('hgkyit6ni008iar8utwbkfb93do6fv3v', 'eyJ1c2VyX2F1dGhlbnRpY2F0ZWQiOm51bGx9:1oypGp:BtjUqEenkW-wDyJYcga8A0FGaqI7EeCtfbv99ESRVvw', '2022-12-10 07:06:39.640685'),
('hi57kll4c3h365flj16n1lvex9npn8i8', 'eyJ1c2VyX2F1dGhlbnRpY2F0ZWQiOm51bGx9:1pDeLE:YG0WW7uFuhDpOSkk1Pz5U4DOQUSfjLv18Q6Q8zbWjZc', '2023-01-20 04:28:28.584105'),
('hiamrl269qo7wylqdimcm4743nciugjz', 'eyJ1c2VyX2F1dGhlbnRpY2F0ZWQiOm51bGx9:1pBqSl:zeQlC29kKKTYEIIVs1g74LR7laVsYYj5uJIRdTrah-c', '2023-01-15 05:00:47.625060'),
('hijn8mk1icpqsu53rqm7rcmu21h3rujm', 'eyJ1c2VyX2F1dGhlbnRpY2F0ZWQiOm51bGx9:1oxohX:YytiWnk1cxsNH5MFT0cdrclptmjd2OZDF6FTC1UsNGw', '2022-12-07 12:18:03.519487'),
('hjis0m6theolxmwhkjjmpquuoa5z5nei', 'eyJ1c2VyX2F1dGhlbnRpY2F0ZWQiOm51bGx9:1oyWN8:teCkR09U8E3inEmnaVV36MN3lsK9jh5T7b9rkPwRwto', '2022-12-09 10:55:54.246889'),
('hkxiiy650rvrd3sbqemjqidd4fpj54bd', 'eyJ1c2VyX2F1dGhlbnRpY2F0ZWQiOm51bGx9:1p1FSa:booL4oznxIFoxAvo0PLWFT54CNoDoos4XfpR23zTl28', '2022-12-16 23:28:48.796487'),
('hkxtdz0egw2x623joxn5r70whqsm4hr1', 'eyJ1c2VyX2F1dGhlbnRpY2F0ZWQiOm51bGx9:1oypGd:tOu_8s1ofFDBfgPDzTn6Lx7W1BMpi1byNy9-Q0DdSqk', '2022-12-10 07:06:27.302465'),
('hm0g68lofoapv8jo7hkpp3idoe074cyw', 'e30:1ovtx1:QZP66wMYWqR0rklVmRFIaxMtKfTFJrTbHtk3b_RS0FQ', '2022-12-02 05:30:07.892828'),
('hmtysxbrjh22zdkhz2irk3l360c7i4an', 'e30:1oqB8H:DmZN4FW29WXgCEazgjj_lXAZIDM9x2bEjLsG2v2TKqA', '2022-11-16 10:38:05.883381'),
('hnyhztbfvr6yjpairxg4yjwfqdnc22pl', 'eyJ1c2VyX2F1dGhlbnRpY2F0ZWQiOm51bGx9:1p17iQ:YzWGO-AGPpHYihAP9SWqVgSuwHucVwQgXsqEufYIm5o', '2022-12-16 15:12:38.302262'),
('hoi89lgeudxfjy4od2uf21h0d4ku4mkf', 'eyJ1c2VyX2F1dGhlbnRpY2F0ZWQiOm51bGx9:1p3Khw:7wowj27Wk37tJBmUw_eTiKXWIaC0FOJnGDr5Ct-nuXk', '2022-12-22 17:29:16.561712'),
('hoibngjrrz32c2r7dwihmhrlr09lqbm5', 'eyJ1c2VyX2F1dGhlbnRpY2F0ZWQiOm51bGx9:1p0csf:9OSk00T4Z85q28dI3_n-0jac1BiGwiWaIYDwDqNOZB4', '2022-12-15 06:17:09.049183'),
('hqoiz0rlwaz9vzrg853sgj146vp9tlpd', 'eyJ1c2VyX2F1dGhlbnRpY2F0ZWQiOm51bGx9:1pIQA2:Gp_sy3OdYG6o9BBum9-FgMLXkS2NAxd8qEPWNWP9mpk', '2023-02-02 08:20:38.076398'),
('hrcs7hi1l9espu4ewh9kaefgo4wk9hal', 'eyJ1c2VyX2F1dGhlbnRpY2F0ZWQiOiJocmNzN2hpMWw5ZXNwdTRld2g5a2FlZmdvNHdrOWhhbCJ9:1pAATd:Q4S5Bh7Odf5-nfkfCfX8x_SgMXTmkeqC7SYhODaDV48', '2023-01-10 13:58:45.049008'),
('hs3q0dg08j0olplo1jgy6q3iw1klvzrn', 'eyJ1c2VyX2F1dGhlbnRpY2F0ZWQiOm51bGx9:1oy8aO:5LAvKUjoe7GRg7lYNXASjQaQAjOOJJkQonW0RG7OLEo', '2022-12-08 09:32:00.870924'),
('hs97wjpemafryln9p62xbntc92jj54xg', 'eyJ1c2VyX2F1dGhlbnRpY2F0ZWQiOm51bGx9:1pG0yV:cHc9QSO-tlVV1FluZXvWnp7X-9ZnoD1k2DDa7tZeInI', '2023-01-26 17:02:47.162857'),
('hsirdnr3atwa1awhfeaw2x4j4z7z508m', 'eyJ1c2VyX2F1dGhlbnRpY2F0ZWQiOm51bGx9:1p3KiH:kf9PbVQWrKxCnoPcm49DYvC6o57p8jB_NhypUj4sF_4', '2022-12-22 17:29:37.244996'),
('hsoml2jimzusukwmldlfvsxyjwuiziyi', 'eyJ1c2VyX2F1dGhlbnRpY2F0ZWQiOiJoc29tbDJqaW16dXN1a3dtbGRsZnZzeHlqd3Vpeml5aSJ9:1oxPtc:9HCmHpgosIHcPcEzqKAMM4mJOBmivY4VmAOBDxICRds', '2022-12-06 09:48:52.197987'),
('ht0wlxgbwo6vpfn9rtiu0h5cb64g8wse', 'eyJ1c2VyX2F1dGhlbnRpY2F0ZWQiOiJodDB3bHhnYndvNnZwZm45cnRpdTBoNWNiNjRnOHdzZSJ9:1pEs7S:RoRUVYCqEY2aivqBdjBYNIqcDJjBkBco55xIypNN69Q', '2023-01-23 13:23:18.917705'),
('hv7uh8jtblbk7ez25mcj03otb97pmodq', 'eyJ1c2VyX2F1dGhlbnRpY2F0ZWQiOm51bGx9:1oxofl:bKB9fataR3ZOqQdlFP4MjLgIwO0mqnCzxxkcFP3NmcE', '2022-12-07 12:16:13.253648'),
('hvdeu8lz3locdopgj64crfncmeo07l86', 'eyJ1c2VyX2F1dGhlbnRpY2F0ZWQiOm51bGx9:1pIQA2:Gp_sy3OdYG6o9BBum9-FgMLXkS2NAxd8qEPWNWP9mpk', '2023-02-02 08:20:38.276442'),
('hvozl04pqggm8k2ygjmvagr9ig6my6ab', 'eyJ1c2VyX2F1dGhlbnRpY2F0ZWQiOm51bGx9:1pDXcW:sblJZQ95YDrHLwXyzbZ88bW5Nvd5Sp1luGNnm-7sv3k', '2023-01-19 21:17:52.932363'),
('hz4rezeaiceyyz55pwn6v761w9x9cd60', 'eyJ1c2VyX2F1dGhlbnRpY2F0ZWQiOm51bGx9:1pIQA2:Gp_sy3OdYG6o9BBum9-FgMLXkS2NAxd8qEPWNWP9mpk', '2023-02-02 08:20:38.309181'),
('hzjaice92129jysaonhul5gr21cei6mk', 'eyJ1c2VyX2F1dGhlbnRpY2F0ZWQiOm51bGx9:1p4Slt:lonVOJv1yCNwgyZG0kQoiQxd8eY2wQ1AoRg7aDA9B50', '2022-12-25 20:18:01.929161'),
('i1iwy7pki6lhbubp1ccl3xtgixlman6a', 'eyJ1c2VyX2F1dGhlbnRpY2F0ZWQiOm51bGx9:1pGziB:yt0LWYRcr_zOnevWHV3tBKMHTxMPmjiLsF3oD1as91A', '2023-01-29 09:53:59.339141'),
('i4f08cnur30gkfb755rmiafi4z7hm8jv', 'eyJ1c2VyX2F1dGhlbnRpY2F0ZWQiOm51bGx9:1p1FPF:U5lFp_5wkoz79OtRwuUbDB4mqU3Xvp0gnsKuadPCkM4', '2022-12-16 23:25:21.600166'),
('i92es7haoyvorohxzwabl63vvn34q4tk', 'eyJ1c2VyX2F1dGhlbnRpY2F0ZWQiOm51bGx9:1p17iT:XbRkrkd6fuH93LzO5yHf_9kMw9W8UacdH5bqZ_fSAio', '2022-12-16 15:12:41.377576'),
('idk6wwutcahgyb3y3i7h690m3tk5fb6t', 'eyJ1c2VyX2F1dGhlbnRpY2F0ZWQiOm51bGx9:1pBXZ8:vsm_ERGZYVty0YOT7x8wynpUtatwBgCkm17zMbOlhbI', '2023-01-14 08:50:06.838404'),
('idn9r1avrepoe6mu7f24vvq2j9sgoo69', 'e30:1owygh:Lu9E8kJyAsV9_H81_2o1GGwrOtnhCpkOABVYx8OWCXs', '2022-12-05 04:45:43.982138'),
('if4nj7sist94di0mnp84si9rnachkzeq', 'eyJ1c2VyX2F1dGhlbnRpY2F0ZWQiOm51bGx9:1pE17Y:c4hDcyiwS9RqDaxbbVPqVgsQd4Fe5L-6YvyILT6tbkw', '2023-01-21 04:47:52.309309'),
('ij7bp445h3nv3yg8clx1guclneqxlcsm', 'eyJ1c2VyX2F1dGhlbnRpY2F0ZWQiOm51bGx9:1p17iC:zCA-_I9-mu8kWU3c_n8kJpTTEGhCtmYImGXxVs3BQjs', '2022-12-16 15:12:24.243591'),
('imlyqe0pd5m4ctpdptgv75z6o7mhf3a7', 'eyJ1c2VyX2F1dGhlbnRpY2F0ZWQiOiJpbWx5cWUwcGQ1bTRjdHBkcHRndjc1ejZvN21oZjNhNyJ9:1pBOfn:-wAF74NvQ7N0CGQBAHvegk_FgSyGOnZL_r1uMsaobyk', '2023-01-13 23:20:23.872296'),
('io7gzpgq691wpe6f443uliqf02wkh582', 'eyJ1c2VyX2F1dGhlbnRpY2F0ZWQiOm51bGx9:1oypG7:aMeNOI6YhQ2lH3fPyRB_QPBuNyFpG3LdrMG_rJjaE2E', '2022-12-10 07:05:55.406907'),
('ioy7k1mfpzsrzuy7fhg1nkzh1pcnkcck', 'e30:1ovp2y:hvs2qhsNh9JUL6kZGog65x1aj9Rh_ERGurMk9m-fOQo', '2022-12-02 00:15:56.580902'),
('ip5orv1j02b4hye052rfso4f70bd7nnl', 'e30:1opVFr:bZ88gmihNkbo6LLLZ-dbrgycnbyUAF1MuvleiV7nrvc', '2022-11-14 13:55:07.841000'),
('iq1kgciu4quovesnbbn52xe0opam7i9e', 'e30:1opV4e:YFgqrsAzpcRI38xZlNCgGOXxJwsNm-QD3rHZ2dDTA00', '2022-11-14 13:43:32.196000'),
('iq39ngjs3mz1yo1dg1ug75kw4kms0xer', 'eyJ1c2VyX2F1dGhlbnRpY2F0ZWQiOm51bGx9:1p3KiN:ixVLQETowAAnEWBpC5aavo65BEcDShYik_tJ6sJynQM', '2022-12-22 17:29:43.384208'),
('iquziy9sel1rin4oe48qicj5kilocyqy', '.eJxVjMEOgyAQBf-Fc0NYUMSeGu_9BrPAorSKqeKp6b9XjRevb2bel60LzS2uuaeUo8NMnt3Z59GNGAfuppHd2IHbQ4w7BWOuq0X3prQj_8LUTVuX8hwt3xV-0oU_J09Dc7qXgx6XfquDQFv6gL6UhohqobzU2kJwRhUVKCgclFYqpynUAEKCCNpoXQmrCCCw3x-3WUST:1pGCky:z4bt8XIUx18DXwPg1qRAVMHboP94HQZGilsYs5x2nBM', '2023-01-27 05:37:36.771170'),
('irj9h85njppmvpsqxt8bdf75e562jsk3', 'eyJ1c2VyX2F1dGhlbnRpY2F0ZWQiOm51bGx9:1pImfJ:UBu35rq7w44oWE5uyg4sBBjfwi4S0t5ViAtUy7leRbU', '2023-02-03 08:22:25.620239'),
('ivrpvm83hh4cdkly8735ei7sc52bdglr', 'eyJ1c2VyX2F1dGhlbnRpY2F0ZWQiOiJpdnJwdm04M2hoNGNka2x5ODczNWVpN3NjNTJiZGdsciJ9:1pE0zx:IjgSVOC3_yGnA0ViLApDXcSzPu5_ka2kumNQJJQzaCo', '2023-01-21 04:40:01.740421'),
('ivsieikh65fx3439cb88vs97q2jiech4', 'eyJ1c2VyX2F1dGhlbnRpY2F0ZWQiOm51bGx9:1pBLGU:CF-ibSeF3b4fjuY9_P0ZZHivy2JZ4GnMFkJZ7G5xYR8', '2023-01-13 19:42:02.468935'),
('iy8tlkotjxo7knuzk69ebr12z4b846lq', 'eyJ1c2VyX2F1dGhlbnRpY2F0ZWQiOm51bGx9:1pBXZ9:fTgXUp9m65zOn8j_HrT63lEJoiTONy1XX71KGBXbb64', '2023-01-14 08:50:07.334143'),
('iz16u4tttss7hb8uli30911hm8t079lu', 'eyJ1c2VyX2F1dGhlbnRpY2F0ZWQiOm51bGx9:1p6zku:xQ1-z9RLRsoEUMOJKks7esUq7MzIM-RH08nQy4y7i58', '2023-01-01 19:55:28.548698'),
('j08i8jmc6nwxo8d0hn4oafaerv5cwqot', 'e30:1oprjn:EOlQ6XY9gu3IHVXCUhlqdnNG3SGApOZwW0z87ptu9q8', '2022-11-15 13:55:31.107323'),
('j0j2iefn5412r7o4a6m9n2zza5zxj5lm', 'eyJ1c2VyX2F1dGhlbnRpY2F0ZWQiOm51bGx9:1pASs2:bzOWwruN1TAyhEv-qu0DYk6R6u1b9OYur5ZL1mbX0Yw', '2023-01-11 09:37:10.027569'),
('j2ljw0oyndsim636qbjxt16vsyylc64h', 'eyJ1c2VyX2F1dGhlbnRpY2F0ZWQiOm51bGx9:1p3Kgx:71QWFaoeErsVdnv-Nf3UYvdmCPKqRMLPkJKyNe_f-OA', '2022-12-22 17:28:15.404620'),
('j2zz4kffxdy343z4y4weenvlrm2soii3', 'eyJ1c2VyX2F1dGhlbnRpY2F0ZWQiOm51bGx9:1pBXZ6:kC7wEVXi3Mn-aP30ZWzJclAQ6tqVYAh7gyBVE0fO7kM', '2023-01-14 08:50:04.311366'),
('j45e4gc5m7sibufnun45l2ecgp7hozfi', 'e30:1ox5Wi:tPrnP6UByIlmERfQX7huhCA5-lvBztwfkmlC14ZaZeI', '2022-12-05 12:03:52.479577'),
('j4wscrhjn3mh3kymyp4hmfx8t6uq4ncu', 'eyJ1c2VyX2F1dGhlbnRpY2F0ZWQiOm51bGx9:1p2FZm:T4waYFSfdRyLhqbUE8tHeAw25VOLdEr_uXqcodJ_VnQ', '2022-12-19 17:48:22.178840'),
('j74dq7agknpqh6ap4ezsztetu5aysql4', 'eyJ1c2VyX2F1dGhlbnRpY2F0ZWQiOm51bGx9:1p1FX5:xDm7ogGjiN_rG-rxVKKEEzQmPOtgeQcbvGV22lmRW8Q', '2022-12-16 23:33:27.560049'),
('j75h6gx1p5qtpjpm0atk3u1nvcmuueys', 'e30:1ovZnA:2WY4wdTtHSoSh_Svp9mCIo4hi4JUkTw3pMBWjSW2zDs', '2022-12-01 07:58:36.891236'),
('j7vgqfq1tfjmjht18zv9m9y4pyj6zfct', 'eyJ1c2VyX2F1dGhlbnRpY2F0ZWQiOiJqN3ZncWZxMXRmam1qaHQxOHp2OW05eTRweWo2emZjdCJ9:1oxPgU:Ul1LbW0RsdXEJyFpvQUPDw0K2m4_jnC9JFHPwy6Ia2o', '2022-12-06 09:35:18.526035'),
('j8npcq30s2wl44maeca5pqajh16ovyby', 'eyJ1c2VyX2F1dGhlbnRpY2F0ZWQiOm51bGx9:1p3JyJ:0J0hDIKWPB3QNY5cuph-54SRKDcpXkdprd7pyQG_8dk', '2022-12-22 16:42:07.598947'),
('jael2731qfv7jag2a2puyba2hj4qoh9s', 'e30:1opqjM:6cR1-3QsqrMJ-9bVI9Tn3DsJmzgtpf3s2AaR619-bdY', '2022-11-15 12:51:00.923072'),
('jan3d76zktrrco6eefff1q42vhfmp3zq', 'eyJ1c2VyX2F1dGhlbnRpY2F0ZWQiOm51bGx9:1p1nIb:2I_qyiglDvbyq1brQSqa7tPucEscUhkOffScmcTVjuk', '2022-12-18 11:36:45.618065'),
('jat7mqyn1tikk82hbo6usc8jtvfkjxhk', 'eyJ1c2VyX2F1dGhlbnRpY2F0ZWQiOm51bGx9:1pGziC:_czhTMwQWt2hUsonPrPecCHHMKkYWOrExQbJm-gPdWw', '2023-01-29 09:54:00.207538'),
('jb1e731z54c1epjz251drrwj74l0t2f9', 'eyJ1c2VyX2F1dGhlbnRpY2F0ZWQiOm51bGx9:1oypJz:QfGaBiJeY861HB7IWjlihEJQ2S9fyZZULHpq9SaKLBc', '2022-12-10 07:09:55.598916'),
('jbbs0ucn1udbqly7g44hfznwtvalcm8j', 'eyJ1c2VyX2F1dGhlbnRpY2F0ZWQiOm51bGx9:1oygNu:KnjmLiNRTXra3rzEbKk0JZNuYMR2KttRNwOReyBdZjs', '2022-12-09 21:37:22.155652'),
('jbfy49epcc2sxy1fuoa8jjqcyuuvguf4', 'eyJ1c2VyX2F1dGhlbnRpY2F0ZWQiOm51bGx9:1p7Z1a:FhSzFXPP_DbQBLyYeOFZbDfku3hCSdJDBhIegAhvTTE', '2023-01-03 09:35:02.717076'),
('jj078c88a32ru21fjw5vcqydy1kvzlna', 'eyJ1c2VyX2F1dGhlbnRpY2F0ZWQiOm51bGx9:1pE9vr:ZRYx0nhl6UUYItf2-0pijTA4cpm9EN_2-4TPkkaMeWE', '2023-01-21 14:12:23.962877'),
('jjukngidmwbzhxdwb7fcce7ykpj7gigw', 'eyJ1c2VyX2F1dGhlbnRpY2F0ZWQiOiJqanVrbmdpZG13YnpoeGR3YjdmY2NlN3lrcGo3Z2lndyJ9:1p2OlI:pIPj5yHxMXS3mtfnOEYNtk0OSNfpqrtDm_nPYN6faV4', '2022-12-20 03:36:52.602399'),
('jok69pp55yurmyu9vt9kcu7cmx8r16jn', 'eyJ1c2VyX2F1dGhlbnRpY2F0ZWQiOm51bGx9:1pBXZ9:fTgXUp9m65zOn8j_HrT63lEJoiTONy1XX71KGBXbb64', '2023-01-14 08:50:07.816376'),
('jpdpzb6t198s26y19vmb6qix38juv7rt', 'eyJ1c2VyX2F1dGhlbnRpY2F0ZWQiOiJqcGRwemI2dDE5OHMyNnkxOXZtYjZxaXgzOGp1djdydCJ9:1pBXYe:HEx3OBZCot1kKRmDemnRb_lEsAMYMnWHC8hGgFA8QCA', '2023-01-14 08:49:36.818484'),
('jppoyrml9uckt98iei0mn8il00gxf011', 'eyJ1c2VyX2F1dGhlbnRpY2F0ZWQiOm51bGx9:1p2b9H:NPVO6Dnzd4Rbg2VeNpnypMwQVeTqqzInfXzH4MZt8q4', '2022-12-20 16:50:27.052094'),
('jqbw4bvwer60g7dr5fsxc3zlr3r48aac', 'eyJ1c2VyX2F1dGhlbnRpY2F0ZWQiOm51bGx9:1oygNG:HmAdNugv1-gzkk3GubqSvU5y5FtEcNoYb-jjHAY11XU', '2022-12-09 21:36:42.314188'),
('jrq9ouxxyaarx8hr6lf30mimy9g9pl0h', 'eyJ1c2VyX2F1dGhlbnRpY2F0ZWQiOiJqcnE5b3V4eHlhYXJ4OGhyNmxmMzBtaW15OWc5cGwwaCJ9:1oxoi4:JTrNV9FBi-42GdADhE3uNVCVIuXnJtvinYlIgN2JYYs', '2022-12-07 12:18:36.183696'),
('jsnkc5al12ytr0cf8udp8d0wc42qnouy', 'e30:1omt1E:jJRvONcOZdvldoMHcT4ts7P1CFuh9VAGNH3pd2ui6nk', '2022-11-07 08:41:12.942000'),
('jtpqk580wz565kvprc5kvzvpvwwfr2jg', 'e30:1ovtO1:fbLxXg05s_HtGPQltba_2-Yz88vrSdsgi4Y05GFiius', '2022-12-02 04:53:57.938809'),
('jtzd5m2yohvjq8vgt810bntokv4qrg2j', 'eyJ1c2VyX2F1dGhlbnRpY2F0ZWQiOm51bGx9:1pGzi7:GHMmhRvIyUe2MMw2kw5XuThLcl_LSZk4d2pzHgrv81U', '2023-01-29 09:53:55.925435'),
('juffv081844zphsbzpwvnl7cyx1puxnx', 'eyJ1c2VyX2F1dGhlbnRpY2F0ZWQiOiJqdWZmdjA4MTg0NHpwaHNienB3dm5sN2N5eDFwdXhueCJ9:1pE3OC:sk0kYFCOfIZhLlDq_J7SBMXWEMmlUTKKg7xS6MCbRHE', '2023-01-21 07:13:12.068582'),
('jutaytt4lss57vfig6rm4drbunuyi1c9', 'eyJ1c2VyX2F1dGhlbnRpY2F0ZWQiOm51bGx9:1pHANS:cwN2MPE8pWEWaPNNvobBzazqM-u6dNl0UU2Z7Jwea-A', '2023-01-29 21:17:18.873325'),
('jvlh31e3kmur5sp4bz2cyzr3iu93p36t', 'eyJ1c2VyX2F1dGhlbnRpY2F0ZWQiOm51bGx9:1p3zY3:NbbI_alV3D8yh4icP_ckX22UGRuIXznOuFz6VTZgglg', '2022-12-24 13:05:47.390752'),
('jwkgi2sjec83ekpedtzy3jp3mr24n5gl', 'eyJ1c2VyX2F1dGhlbnRpY2F0ZWQiOm51bGx9:1oygNf:Xzyc0L1GoLk1N6tHsRIKajoyIi32YJ_2WHGJMvnVBwg', '2022-12-09 21:37:07.522971'),
('jxd5kgcup9ptizz1w7xp6fi3wxhdnzud', 'e30:1opVDa:qHij-vRJx8e0jj3SrvAhHE2152I-pJpL4FwKfakHmAs', '2022-11-14 13:52:46.230000'),
('jyjzj5h2ejlcfnkfupfpt9onmprjkwsp', 'eyJ1c2VyX2F1dGhlbnRpY2F0ZWQiOm51bGx9:1oy6mh:rk2OdpLYcMM7p5qwu6EWPg8MsAnLZi3hCzLkpNWnNKE', '2022-12-08 07:36:35.442450'),
('jyxl6yncv7kdas272ez8hs4n5mv6u8mq', 'eyJ1c2VyX2F1dGhlbnRpY2F0ZWQiOm51bGx9:1oxog2:s0dye5e4JFbNwp0iLBGWm6sHNJ7Yw2qN3UdMYHnX3ts', '2022-12-07 12:16:30.502533'),
('k0enffaycxnxzdyjug839vd8dmirygsq', 'e30:1okkHe:vapYnsc-ToOh_bK-k5o5Gd3s329GFEf4IJpzg7zkoFs', '2022-11-01 10:57:18.558000'),
('k0m7epaigndi0vyu0kdp67wa4hem3umx', 'eyJ1c2VyX2F1dGhlbnRpY2F0ZWQiOm51bGx9:1oypHo:Mi0DBX6D-Hh0-ny294MNWlGj1LCRu7vHZjiOAbLas3s', '2022-12-10 07:07:40.054021'),
('k90r2kwb6cn72xqavu0upazlri81qdjw', 'eyJ1c2VyX2F1dGhlbnRpY2F0ZWQiOm51bGx9:1pBDfE:rHY0m78N9W4GN9qLkh-WdYXLOzJODP2xLONnpOWCUGE', '2023-01-13 11:35:04.690554'),
('k9c9f9wgndqckutshb0t89dvthmdko8r', 'eyJ1c2VyX2F1dGhlbnRpY2F0ZWQiOm51bGx9:1p2OlH:M15oJ2BlXRSSVL1Ic4nJwxLe66kyKGqBH73GPxo2ID8', '2022-12-20 03:36:51.715509'),
('k9ixdutb1ulb19pqlzawftxpm14x1n5e', 'eyJ1c2VyX2F1dGhlbnRpY2F0ZWQiOm51bGx9:1oxogD:jRJIi3z4vk89K1EY97dPfDxBwFo_EWpRHdmvWEUtVCc', '2022-12-07 12:16:41.529626'),
('kavj7usm4i9e909izi81et2uraoohhy6', 'e30:1oq9rF:1D0vFn72abBYi2mbG9K1pTf6D_KbcZY7iysmimtLeHA', '2022-11-16 09:16:25.843794'),
('kb4zukbvnt2qza3mhqmbh21q9o843vwe', 'eyJ1c2VyX2F1dGhlbnRpY2F0ZWQiOm51bGx9:1pIIw0:IC8F-tNtnpxDxNnW09feF_TQJMh1oJ6uvDvg_AI5LhA', '2023-02-02 00:37:40.745299'),
('kb5bp9ygwz3trxx2948r6j9ggjjgi2xl', 'eyJ1c2VyX2F1dGhlbnRpY2F0ZWQiOiJrYjVicDl5Z3d6M3RyeHgyOTQ4cjZqOWdnampnaTJ4bCJ9:1oxCc5:KCZCM5XBXTMxuTOMhweNokUvZP95EZvMccjpdCZOk4M', '2022-12-05 19:37:53.864426'),
('kbynktm4b0ra9vz3mntw7cen7hpyqe90', 'e30:1owygz:1AK7MC8Klpp907sbR6O-Lpkbdf2HwWlDnuH0nZWkoSY', '2022-12-05 04:46:01.529001'),
('kcj3qos9a44p6prfx35oj6k1hb2k278o', 'eyJ1c2VyX2F1dGhlbnRpY2F0ZWQiOm51bGx9:1oxogu:YcLsKKyD_dTQSQiRQOZXFIqhrDKLP-4P4vv9k_FWpfw', '2022-12-07 12:17:24.667743'),
('kdnwyywe1qn4n97q71ftnem1cah2r2wx', 'eyJ1c2VyX2F1dGhlbnRpY2F0ZWQiOm51bGx9:1ozgZn:O9IxOw6XwprKKHRNJFtSwP5ye-NCZMtT2KRwDlODLFw', '2022-12-12 16:01:47.599718'),
('kf51g53gn1nnzqeg2z3mjlnb2c0d8ajn', 'eyJ1c2VyX2F1dGhlbnRpY2F0ZWQiOm51bGx9:1p0r3l:fa-vHZZePmlgDarZG-lbtZkdz1mGEzcuqSlstIFpdqU', '2022-12-15 21:25:33.130377'),
('kfkehsug6skxt4w72j5rx19r1bxjdrqq', 'eyJ1c2VyX2F1dGhlbnRpY2F0ZWQiOm51bGx9:1p3Khn:sBP5-vpOTD4GpTQzOi25kF4hVSW5G1hlRscE04fCbMc', '2022-12-22 17:29:07.568857'),
('kgq604sludrzxehgd3g5zs263frrxndf', 'eyJ1c2VyX2F1dGhlbnRpY2F0ZWQiOiJrZ3E2MDRzbHVkcnp4ZWhnZDNnNXpzMjYzZnJyeG5kZiJ9:1oxPsn:y5X_kEX5RUjczjZFHUDnfyVeK97JWKTR7rZRD6tmOKg', '2022-12-06 09:48:01.160526'),
('kirq88p0p5s8wtvbjuuz7r6g35xgekvr', 'e30:1ovkNz:m3kHVccaK5m_aFg1chiUMnJRHPKsV2j1kDybcMaHTS0', '2022-12-01 19:17:19.041255'),
('kjgeqjyhd42ec87jp9uodphfvctd8db9', 'eyJ1c2VyX2F1dGhlbnRpY2F0ZWQiOm51bGx9:1p2c0c:s_x4EjN56EcUoYqCSgDi9YJ0_VuHZ-NyCjFnQf0tntM', '2022-12-20 17:45:34.138482'),
('kjgye9l7g9z5k68rass2x2kns8npgh8z', 'eyJ1c2VyX2F1dGhlbnRpY2F0ZWQiOm51bGx9:1oyfHA:qCjNOKJ18lFW1BfoBVAk_hnljb836eYUnNbMXDqgM4E', '2022-12-09 20:26:20.798288'),
('kmn6nzrs99jixwdfhq40qnvou9leqtwb', 'eyJ1c2VyX2F1dGhlbnRpY2F0ZWQiOm51bGx9:1p4lIT:EZzWOfVGoPNwTPOlY27dlgWo9U80SZvweGUajf4lQws', '2022-12-26 16:04:53.106527'),
('knyf3qom0w7sxe2zgp1pqfslyauwfjo9', 'eyJ1c2VyX2F1dGhlbnRpY2F0ZWQiOm51bGx9:1pCCff:HPuOSKmyawuSkHp1vcMFkCNBuokKEsJNUhb0fSwMIas', '2023-01-16 04:43:35.146229'),
('kordhqe3u78qwi6hsv51a1dc7ro347mw', 'eyJ1c2VyX2F1dGhlbnRpY2F0ZWQiOiJrb3JkaHFlM3U3OHF3aTZoc3Y1MWExZGM3cm8zNDdtdyJ9:1oxohz:t0k0i4pRDGzj7b-YI-gm6MvBS82yjCM-aAo2FXwlr5U', '2022-12-07 12:18:31.787505'),
('kqg6czdx573afmxsu7a2ysol67axllpc', 'eyJ1c2VyX2F1dGhlbnRpY2F0ZWQiOm51bGx9:1ozgDc:WwY3HhmAMXQsheDkaAjL2BN0ZFNngyiHnbbdeAvpJeo', '2022-12-12 15:38:52.039921'),
('kruc25crbrsir9f9tl9hflwnwk379nt5', 'eyJ1c2VyX2F1dGhlbnRpY2F0ZWQiOm51bGx9:1pBXlG:RBEKg9EbnB6xoG7heqR1VDTeAAWJquZwmmU38enbYDA', '2023-01-14 09:02:38.575162'),
('kt5fwdfeynz99d7i18b6igmnta56mxna', 'eyJ1c2VyX2F1dGhlbnRpY2F0ZWQiOm51bGx9:1ozBjW:rk_wNiPAYeDvXF1KTVfi-VML33nLNkFXB3MOc-kcDmQ', '2022-12-11 07:05:46.612074'),
('kte72xmp6e9ldw95ojey8kcmnnovxaoc', 'eyJ1c2VyX2F1dGhlbnRpY2F0ZWQiOm51bGx9:1pIdAp:-wHKxq9_qg0m7VF1t5H1FAaRHrcb2BNNqYENvw10yQc', '2023-02-02 22:14:19.388351'),
('kvhdw2oebwu832qv1llz482b9bq0qp4o', 'eyJ1c2VyX2F1dGhlbnRpY2F0ZWQiOm51bGx9:1pEdhR:60n5XH1Tx5QkRHHuA2zSfozcj_cCCBSdlPUvcyGcYvw', '2023-01-22 21:59:29.753721'),
('kvm8q98uuvq57vgjo5112ampn96127j5', 'e30:1or1zN:LbS2mYOISSDcqbZV6QI96uv6vR8l9v9lquVGISIVMlQ', '2022-11-18 19:04:25.316128'),
('kwb5dd1hbm794nz2j74vob4g1adul15t', 'eyJ1c2VyX2F1dGhlbnRpY2F0ZWQiOm51bGx9:1p010h:Lyk_klF0Ut9KGUaoJ2No8murwp3j7AjVArESKq87FNs', '2022-12-13 13:50:55.864592'),
('kz8la93zi2kvr04v3j9qys7opiyd1113', 'e30:1opVBn:HonQLfSk5Py9AEDVYqkFhm0yBxPzv8BunB4phOGMCWs', '2022-11-14 13:50:55.646000'),
('kzv1q1e711dbbkh0zdetufhgmt25k0ki', 'eyJ1c2VyX2F1dGhlbnRpY2F0ZWQiOm51bGx9:1p2b8t:KJKZgQ0fgX22B1xjUa5IobWjRhrLQuW8O17Z4H1wCe8', '2022-12-20 16:50:03.707999'),
('l0e027rfp3135p8v1nky3ghv0w3b90t7', 'eyJ1c2VyX2F1dGhlbnRpY2F0ZWQiOiJsMGUwMjdyZnAzMTM1cDh2MW5reTNnaHYwdzNiOTB0NyJ9:1oxces:RDiR7UzSGi-JOU4u_zdAzV60ivT_X3BtFyxuHr1rTjM', '2022-12-06 23:26:30.731540'),
('l0iw9khzjoz86ij51bash76lkrp30mks', 'eyJ1c2VyX2F1dGhlbnRpY2F0ZWQiOm51bGx9:1pIQA1:XXLYaas-zb41G1QsfvN0LgQ90hP2uJkxHu0SyH7M1Dc', '2023-02-02 08:20:37.970944'),
('l59yw9poxass4byfw0mrlpoek6geaj8a', 'eyJ1c2VyX2F1dGhlbnRpY2F0ZWQiOm51bGx9:1oygN4:ciQOpiE8vQknbZa4SbSaL7xcTamLGlTC0LKqUesYFCk', '2022-12-09 21:36:30.016284'),
('l5wjnmuflquvlw5y12id033dmg31o87u', 'eyJ1c2VyX2F1dGhlbnRpY2F0ZWQiOm51bGx9:1oxohv:-ep4-OtSq2_0eHoDfUKbS1eZ_vewKMlMk6iPPZJST08', '2022-12-07 12:18:27.551671'),
('l7f6hl8hys3zvrobduam6kmofnnabodu', 'eyJ1c2VyX2F1dGhlbnRpY2F0ZWQiOm51bGx9:1oypJl:ShjpZFlfXbrvicCb2pZX2PV1_i3tUSbn0uyRpmA1N98', '2022-12-10 07:09:41.625594'),
('l86vw1pgzc8gzw02ajf80bz026ylnxoi', 'e30:1owqDR:N4Yv7blZ1ZndOjHsqRH8mCH102AgKA0ss1OB_T6Rs3U', '2022-12-04 19:42:57.724987'),
('l8the7wvs4rj2rmzq539sup11k9nrrat', 'eyJ1c2VyX2F1dGhlbnRpY2F0ZWQiOm51bGx9:1p17iN:nVQqZ_WbyjEBRfztjDI2GmY9CpzHo37Ks4JSp_zH8K0', '2022-12-16 15:12:35.049553'),
('l8xdfbwp0dbeb4xrkv3qi7payio35ot4', 'e30:1ol0Bt:3SLyMfUmk02o4B7tvibHBJkjaeUfNOijachfvCQ8YPc', '2022-11-02 03:56:25.857000'),
('l914hc108iwnrdv8zg85bhb7pwcyl7r8', 'eyJ1c2VyX2F1dGhlbnRpY2F0ZWQiOiJsOTE0aGMxMDhpd25yZHY4emc4NWJoYjdwd2N5bDdyOCJ9:1oxXHc:hMVEtKyr89PSKlV_fxxfM1EEsDkW9Dy7sjxLC9YKNoM', '2022-12-06 17:42:08.338933'),
('lasrxliarxsha3hy7eeokrpvyjo6aq84', 'eyJ1c2VyX2F1dGhlbnRpY2F0ZWQiOm51bGx9:1p8Sd0:qH0uY62XMLo3qc-BJo6SstkLFHhNTVD561kW0vGTqec', '2023-01-05 20:57:22.742742'),
('lby9kljfbzuh3d0x9yt4sb8p2kisorvg', 'eyJ1c2VyX2F1dGhlbnRpY2F0ZWQiOm51bGx9:1pFRgL:ZjIwHioc3HBfIRA58ONrSuTveho1Hj1lLNLqoeU-LCI', '2023-01-25 03:21:41.120466'),
('ldd874cgf0oh85lhvrp8ibimprhfwv30', 'eyJ1c2VyX2F1dGhlbnRpY2F0ZWQiOiJsZGQ4NzRjZ2Ywb2g4NWxodnJwOGliaW1wcmhmd3YzMCJ9:1pIQZS:MMOAIUlswjb_1CnUNjFBR8y0lKGBsp8g40f-4K0XkyE', '2023-02-02 08:46:54.748878'),
('ldsju2lk7d63cyz4vmac8jko82zpxm67', 'eyJ1c2VyX2F1dGhlbnRpY2F0ZWQiOm51bGx9:1p6b3A:IN29CalOWkiAU0-N6uhVSO165yu_QEZsGC7QxUILV0E', '2022-12-31 17:32:40.886282'),
('le224deiswa8bshs9acmgdog0xivvxp6', 'eyJ1c2VyX2F1dGhlbnRpY2F0ZWQiOiJsZTIyNGRlaXN3YThic2hzOWFjbWdkb2cweGl2dnhwNiJ9:1p28lu:MErfzIaj5KebqM-RPDyrR0Ax7gOVhupnNQwW6a7dKmg', '2022-12-19 10:32:26.076203'),
('lfj0v7tkdm8hgi9jrswihdn3vy3wxsm5', 'eyJ1c2VyX2F1dGhlbnRpY2F0ZWQiOm51bGx9:1oypGX:XFuN68RJdkTuFu6ndf5loQZiHEqFH4XBVptD5ShnWKY', '2022-12-10 07:06:21.721339'),
('lfjml5da5ujhw0pban1kzq5kmnpen660', 'eyJ1c2VyX2F1dGhlbnRpY2F0ZWQiOm51bGx9:1p9ndC:3viP0R7eeXcQlXdF5Mlr3IizTHZtJic3fZwQypjDAQI', '2023-01-09 13:35:06.451004'),
('lg72c2zlyqgmavpvzxn945srv9wf43hn', 'eyJ1c2VyX2F1dGhlbnRpY2F0ZWQiOm51bGx9:1oypHk:XgqjSnVQH9KQDf5MCIZCzCSJUeKAxJAvZES-KqEztEs', '2022-12-10 07:07:36.915168'),
('lhk62euhz55tr8kwiwtt6hu3h8c167rt', 'e30:1oo13C:4vFgK4Sx9LCBWn4h1H84vcQigmXWKpoVe27GgzxoKuU', '2022-11-10 11:27:54.280000'),
('lhzfj5n5xcvwk978fmgfbs23kqs9uihp', 'eyJ1c2VyX2F1dGhlbnRpY2F0ZWQiOiJsaHpmajVuNXhjdndrOTc4Zm1nZmJzMjNrcXM5dWlocCJ9:1oxClo:qGcwvgaTrgAaUwkONAfLY8v1e3NNLcVaKAuHAMK6-Yk', '2022-12-05 19:47:56.806122'),
('lis2hamjd9gw09dzp9f3crju4nh6v94c', 'eyJ1c2VyX2F1dGhlbnRpY2F0ZWQiOm51bGx9:1oypFy:S8QR5NeYmsUL5xb99aKTvFwOH_gj9NYundhHtWa5ufE', '2022-12-10 07:05:46.697750'),
('lj00rtutigvym75to9lnd6v5cab02n6k', 'e30:1oq7vV:hLNygZj4yq7ZHhs3iRQHxGg6e2wHIxu53xfPNq3VG54', '2022-11-16 07:12:41.265506'),
('lkg2wsim10rxot4bj59tuenrf9clc06x', '.eJxVjMEOgyAQBf-Fc0NEEaGnpvd-g1nYRakKieKhafrvVePF65uZ92XrQnMLa-4p5uAgE7I7m5MbPoWojHp0E4SRuzSxGzu89ijCronrZsENFHeAb4hd2qqY52D5rvCTLvyVkMbn6V4Oelj6rTZWGk_oAUphjSBArZAkai_R140sSTVWV0I0WoBwqCuHRtpKaW2Kmiz7_QG72EfM:1pDg3j:Ep0CrMb4Wro_InPQHCGw-911llYWqFYYQGaJwkyksFs', '2023-01-20 06:18:31.051876'),
('llg6dmwzvar8qrmh6h7wej6bgzjfytv5', 'eyJ1c2VyX2F1dGhlbnRpY2F0ZWQiOm51bGx9:1p4Qrj:mHUFQ9oBW8m5oFWoD3rTQGPrll4NfCwEZ6wCUwfZdxc', '2022-12-25 18:15:55.039350'),
('ln71amchz1g4l0lyu8amv7uz0a32c9a3', 'eyJ1c2VyX2F1dGhlbnRpY2F0ZWQiOiJsbjcxYW1jaHoxZzRsMGx5dThhbXY3dXowYTMyYzlhMyJ9:1p5RvF:u2JnZUYmYmj2fZzS1ySSe9ltPoxdTWO7fG2O4GhsYEQ', '2022-12-28 13:35:45.106202'),
('lr13u3qttslvuwluh78b5zqc7agu3frh', 'eyJ1c2VyX2F1dGhlbnRpY2F0ZWQiOiJscjEzdTNxdHRzbHZ1d2x1aDc4YjV6cWM3YWd1M2ZyaCJ9:1pDmGG:V1fJpl6ZFWKqXpM2kuuLAqmuPFdYcXLAPzo2PE69tDg', '2023-01-20 12:55:52.408470'),
('lrefof9ct1otc0uxq6m9cclp0zecit7n', 'eyJ1c2VyX2F1dGhlbnRpY2F0ZWQiOm51bGx9:1oypGL:NTYV3j4zCKH5_MOpG7lySmYaPlWggLTeCENpLDTbKdg', '2022-12-10 07:06:09.843796'),
('lrngcbw2408toucpzch81ilo2htb48ff', 'eyJ1c2VyX2F1dGhlbnRpY2F0ZWQiOm51bGx9:1oypGH:6kmgH18Qb4lSH9a39mqW2zgRjaKoonPEytJfHGx8crA', '2022-12-10 07:06:05.145437'),
('lswy2szghtx8zs2ehb63dkl3jjw8dpui', '.eJxVjkEOgyAURO_CuiGiiNBV033PYD78j1ItJIqLpundK42Ldjtv5mVerIctj_220tIHZGcm2Ok3s-AmigXgHeKQuEsxL8HyUuEHXfktIc3Xo_snGGEd97Wx0nhCD1ALawQBaoUkUXuJvu1kTaqzuhGi0wKEQ904NNI2SmtTtWR36VdXxBRzcJCpvFqSm56VaIy6DA8I8_7vwd4fIfZHzA:1oxPuF:kZNzKjqDWs5OrMPU4h0vGiGhgzaXVD70GvuaDiN0Ak8', '2022-12-06 09:49:31.055437'),
('luflgf1k2u6l51kgx5rlyfofajzbxnl6', 'eyJ1c2VyX2F1dGhlbnRpY2F0ZWQiOm51bGx9:1pGrSp:Y_6-y3UxyS-zXfm6FqyZ90D119aHUc0KZiEGWDFmm9o', '2023-01-29 01:05:35.134879'),
('lvibicb928nhf89tfy4g8wagbttxz77f', 'eyJ1c2VyX2F1dGhlbnRpY2F0ZWQiOm51bGx9:1pHETK:P7TW9KdS-ark7gewKlZCUxG_l5FRSCe943E5CL035gk', '2023-01-30 01:39:38.984399'),
('lypwi5xkhz2hvwbls5gtmy9t179yj1qb', 'eyJ1c2VyX2F1dGhlbnRpY2F0ZWQiOiJseXB3aTV4a2h6Mmh2d2JsczVndG15OXQxNzl5ajFxYiJ9:1oxCon:uJ8K1_xIQoEwmGgRqZQZ-hGcDLU8CGMOx0b9YUX9K6Q', '2022-12-05 19:51:01.751307'),
('lyz87cysr05zm243qrdee29e4uphz1c5', 'eyJ1c2VyX2F1dGhlbnRpY2F0ZWQiOiJseXo4N2N5c3IwNXptMjQzcXJkZWUyOWU0dXBoejFjNSJ9:1pIUw4:aG5er_hn8FCcbRCQVY2-WuK9IO6TqWYBv0Rvkx29Yek', '2023-02-02 13:26:32.068122'),
('lz5xrlplsqzwqk08954lgimj15xmghhq', 'eyJ1c2VyX2F1dGhlbnRpY2F0ZWQiOm51bGx9:1oypET:PEb-so5o8QmW6d_t1TvzLa_86F1eMGgwojZydanl8sc', '2022-12-10 07:04:13.110829'),
('m0mm0dx1j70c67qojxmdctx0xscr53qg', 'e30:1ovtNN:AHhTgfiss9EpgvUjWoFh_b9wbKL5ZFw3B3DJeqqCpoY', '2022-12-02 04:53:17.522831'),
('m2jp0lgehn6w5y991kgbq8s8bcryq0pq', 'eyJ1c2VyX2F1dGhlbnRpY2F0ZWQiOiJtMmpwMGxnZWhuNnc1eTk5MWtnYnE4czhiY3J5cTBwcSJ9:1p6Q3O:TA4AM0dSKc21F4NZhWORng2CtFWfVcaCGq2A2B9ELQ8', '2022-12-31 05:48:10.662106'),
('m4048oka68qvu9245j89kjquexnbe8vq', 'eyJ1c2VyX2F1dGhlbnRpY2F0ZWQiOm51bGx9:1pCYEB:ua9C8Vu-y-_SI_u3xnuSbfiLBU4I599FJNH7B_WmLwI', '2023-01-17 03:44:39.276909'),
('m4317cssn9hna4bo5pjog2m28dsuukei', 'eyJ1c2VyX2F1dGhlbnRpY2F0ZWQiOiJtNDMxN2Nzc245aG5hNGJvNXBqb2cybTI4ZHN1dWtlaSJ9:1pBZPo:27D4RZfFPJv9vctv5QXNDNurRk5NpoRtL045mlQz5bo', '2023-01-14 10:48:36.598240'),
('m546kuyo2bmbsts4o3cm7o9heckd0931', 'eyJ1c2VyX2F1dGhlbnRpY2F0ZWQiOm51bGx9:1pBXZ6:kC7wEVXi3Mn-aP30ZWzJclAQ6tqVYAh7gyBVE0fO7kM', '2023-01-14 08:50:04.073175'),
('m7ovvuwgvqu85wzp0ofgccavobuzza5w', 'eyJ1c2VyX2F1dGhlbnRpY2F0ZWQiOm51bGx9:1pImfN:g_HOWPp7i_keyrNQcXuORVHMXNWLpwrcy9L8y2UfXt0', '2023-02-03 08:22:29.906938'),
('mbl146x0ur6nx848bgjlej4k2e5w9ktk', 'eyJ1c2VyX2F1dGhlbnRpY2F0ZWQiOiJtYmwxNDZ4MHVyNm54ODQ4YmdqbGVqNGsyZTV3OWt0ayJ9:1p2bzT:hc6lxnZmBX1Zn32cpJiVtouazIjsq1-pOSYt59msjRM', '2022-12-20 17:44:23.942867'),
('mcxqo140kzbcp2l2jvfaqe7rfsn3jlsj', 'eyJ1c2VyX2F1dGhlbnRpY2F0ZWQiOm51bGx9:1pBqSi:aoYTLa7xl3YlMaC4z2n2VhmXw7anjmcFKJgICBuKNrg', '2023-01-15 05:00:44.192341'),
('md4aazit8egn8k6if9tlokp8x7q69qxs', 'eyJ1c2VyX2F1dGhlbnRpY2F0ZWQiOm51bGx9:1p8RuN:Kk78tf4nXzJ9s0ZiOG6ulOha--CItBlGyTFnbTWXwPw', '2023-01-05 20:11:15.127044'),
('mddw7zpazcu76mp194ru805fiy2wu5um', '.eJxVjMEOgyAQBf-Fc0NYUMSeGu_9BrPAorSKqeKp6b9XjRevb2bel60LzS2uuaeUo8NMnt3Z59GNGAfuppHd2IHbQ4w7BWOuq0X3prQj_8LUTVuX8hwt3xV-0oU_J09Dc7qXgx6XfquDQFv6gL6UhohqobzU2kJwRhUVKCgclFYqpynUAEKCCNpoXQmrCCCw3x-3WUST:1pF9to:pM_ljoUY9c3lLZ6j2nME1vBZ64dC6Rdy2KVt6Pa9AXc', '2023-01-24 08:22:24.690806'),
('mgd4pb1b0v7ca2c66zkh7ufsmdrpjq1w', 'eyJ1c2VyX2F1dGhlbnRpY2F0ZWQiOm51bGx9:1pHz43:5L2iDAgNLKQYQqaMYHCtcWbNA9mIszJnQ3XdZ28bidY', '2023-02-01 03:24:39.454455'),
('mgqso8dc7on7myomlux6avckaidruyzr', 'eyJ1c2VyX2F1dGhlbnRpY2F0ZWQiOm51bGx9:1pIQA2:Gp_sy3OdYG6o9BBum9-FgMLXkS2NAxd8qEPWNWP9mpk', '2023-02-02 08:20:38.131128'),
('mmsonymlfyxu8gh08l7itoyiaysfpptl', 'eyJ1c2VyX2F1dGhlbnRpY2F0ZWQiOm51bGx9:1pBXZ8:vsm_ERGZYVty0YOT7x8wynpUtatwBgCkm17zMbOlhbI', '2023-01-14 08:50:06.997628');
INSERT INTO `django_session` (`session_key`, `session_data`, `expire_date`) VALUES
('mncebfsde72dem23drb267nyegpa4h1c', 'eyJ1c2VyX2F1dGhlbnRpY2F0ZWQiOm51bGx9:1oypEP:iEMUCelHCZfFRv8KUC-T8ipVofA33IMf6Nl5yYYj400', '2022-12-10 07:04:09.616859'),
('mo5mg3pht8lmcza2bmpueli77x0q9iaq', 'eyJ1c2VyX2F1dGhlbnRpY2F0ZWQiOm51bGx9:1pBLEt:C5v23ISmJF_Vta5R-GJ99pWdU8hJWvcvfOjaNj58jSk', '2023-01-13 19:40:23.377139'),
('mrawuthj2mju1xbcyyrer0nv1pg5n677', 'eyJ1c2VyX2F1dGhlbnRpY2F0ZWQiOm51bGx9:1p6b32:35cFjUBAN8j6l9_lJteUucfuERsWs7Vos0t-RiTCXTU', '2022-12-31 17:32:32.651855'),
('msv92r0me6g7onaw6ovn4p1vq6ty9imm', 'eyJ1c2VyX2F1dGhlbnRpY2F0ZWQiOm51bGx9:1oyT6H:wN9NRBY7iU3FdGhxCyhbVbydkjRzfYm3IoL4FKx_PRs', '2022-12-09 07:26:17.339192'),
('mtj822if66uzq0ez9qp9byaqvhuqyohg', 'e30:1ovF1N:_avZbhi5lBiKc0JbsYpo1ldrcKo-j_Lbblw9jCi8txA', '2022-11-30 09:47:53.863572'),
('mucr4we6eegg69a5v0lgz1etx0d1hco5', 'eyJ1c2VyX2F1dGhlbnRpY2F0ZWQiOiJtdWNyNHdlNmVlZ2c2OWE1djBsZ3oxZXR4MGQxaGNvNSJ9:1oxoid:zZ3WaNGJv6R7BqIsdQH3ulSwwxVdI8ijGl3wxOm3Ves', '2022-12-07 12:19:11.679286'),
('mwtkoucfgpdq7t729rjsagjil5myrg9c', 'eyJ1c2VyX2F1dGhlbnRpY2F0ZWQiOm51bGx9:1pBppB:g44CnYmir5gc2YA4c_DfU2wIkm9M64DU20nqZq7a7-0', '2023-01-15 04:19:53.102080'),
('my6y0f414cku5jk370ewngqdzgchgg9i', 'eyJ1c2VyX2F1dGhlbnRpY2F0ZWQiOm51bGx9:1pDr9Y:uV8ARM_mzPBBh6FaXrTN9HKSYFFIPHPEt4uGXqVGx8E', '2023-01-20 18:09:16.524239'),
('n0ojsjqgdc3cgkd4wtguf15mmyo0qe6i', 'eyJ1c2VyX2F1dGhlbnRpY2F0ZWQiOm51bGx9:1p8NQo:CFFS6TXg9-5AEVS8B2NZTgtTbUUYBULKjPkC0YzT16o', '2023-01-05 15:24:26.589762'),
('n3mkszmcdgcyhgxqwrkj0ypowjoad6bv', 'eyJ1c2VyX2F1dGhlbnRpY2F0ZWQiOiJuM21rc3ptY2RnY3loZ3hxd3JrajB5cG93am9hZDZidiJ9:1pEdhY:u1vkn0QVEHwjiGDbzg7Fq6a9j8tuYK3ce9LhprjiPLQ', '2023-01-22 21:59:36.387795'),
('n43lo076kf6cey6qcfbf6wt8woeua91k', 'eyJ1c2VyX2F1dGhlbnRpY2F0ZWQiOiJuNDNsbzA3NmtmNmNleTZxY2ZiZjZ3dDh3b2V1YTkxayJ9:1pBXYe:bsE0CL_tG23E1DoT-LdCCphseSUqyNZNxvBjF2RHom4', '2023-01-14 08:49:36.524359'),
('n50zcxmoxmqga030ifyid2n5wpj63ej1', 'eyJ1c2VyX2F1dGhlbnRpY2F0ZWQiOm51bGx9:1oygM6:jaw64YPPrzEq0h_XyCt_XatL_tfA9PqQxZmMQ8LXvcU', '2022-12-09 21:35:30.826744'),
('n5be46al7hdmqvvnjvq9hwq2pqbmwpz7', 'eyJ1c2VyX2F1dGhlbnRpY2F0ZWQiOiJuNWJlNDZhbDdoZG1xdnZuanZxOWh3cTJwcWJtd3B6NyJ9:1p6RyC:6ruk77tPd9yg_3B9ufPDJk2Ud6XAdooxCo6hYhno0Sw', '2022-12-31 07:50:56.382615'),
('n5ya290slx7gjekp6omspbrc2i6sn8uk', 'eyJ1c2VyX2F1dGhlbnRpY2F0ZWQiOm51bGx9:1p1ler:lXZT4nVjOcGU0j-BY225DvhCilI6M3ioVGLEHa3TnnQ', '2022-12-18 09:51:37.024708'),
('n6gq6pavxgq91yasbetw2jfyoorlvqcy', 'eyJ1c2VyX2F1dGhlbnRpY2F0ZWQiOm51bGx9:1p17i8:LNXyklbGe8XJTEi-ce_T6c_hrOZfU1ZJwNhZZxbv_LA', '2022-12-16 15:12:20.503269'),
('n6j40dhpe2wdxyuwdof3uilkbn44feue', 'eyJ1c2VyX2F1dGhlbnRpY2F0ZWQiOiJuNmo0MGRocGUyd2R4eXV3ZG9mM3VpbGtibjQ0ZmV1ZSJ9:1pIS0f:uCpBqWykYr5p4AF7vYQgWhblLWNy5iTTxx8YDP6uDk8', '2023-02-02 10:19:05.804340'),
('ncryr1lrxwx1flpdd421cmgfulxhn04z', 'eyJ1c2VyX2F1dGhlbnRpY2F0ZWQiOm51bGx9:1oygNO:p2tKH5Jz1BK_imCE0zOwu3D8wfD356hFD4rBij-GYM0', '2022-12-09 21:36:50.850095'),
('ner3vwj7syygc307h7fiuf6eqylbrpo8', 'eyJ1c2VyX2F1dGhlbnRpY2F0ZWQiOm51bGx9:1pIUj7:gICt7IBoIaKPhHJAB0LpVkXJ4Lhssk3oF5lh99b7huQ', '2023-02-02 13:13:09.717424'),
('nfzhxtezhrw5cfykfszmnfn5n8ws7fwl', 'eyJ1c2VyX2F1dGhlbnRpY2F0ZWQiOm51bGx9:1p2b8u:8UepN7c8DE-eIhtGexE069MxPSsxfppI5ZYwpMcakZw', '2022-12-20 16:50:04.239307'),
('ng9qpsqimnqywi8b23rb5icst3jihjtw', 'eyJ1c2VyX2F1dGhlbnRpY2F0ZWQiOiJuZzlxcHNxaW1ucXl3aThiMjNyYjVpY3N0M2ppaGp0dyJ9:1p4znU:o_DFsvcYhmvdxJS2eDzULaYi1upv4QxYoOO94sKVqKI', '2022-12-27 07:33:52.057157'),
('ngdmyi23wrxeihj83knqbj6ptzimukza', 'eyJ1c2VyX2F1dGhlbnRpY2F0ZWQiOiJuZ2RteWkyM3dyeGVpaGo4M2tucWJqNnB0emltdWt6YSJ9:1pIQoi:kVWY6Btm6_8VZ2siXxY8daSwRG3QGvwSUfAJdrI-8yw', '2023-02-02 09:02:40.355251'),
('niffg1vaw7bf08ph6dtizeq4x8ve9xdt', 'eyJ1c2VyX2F1dGhlbnRpY2F0ZWQiOm51bGx9:1p3zY3:NbbI_alV3D8yh4icP_ckX22UGRuIXznOuFz6VTZgglg', '2022-12-24 13:05:47.665849'),
('nihiw5xnm5pzt0hernhz5ucatxl8x9j1', 'eyJ1c2VyX2F1dGhlbnRpY2F0ZWQiOm51bGx9:1p1ydG:J5zxoLsmuEQWjbrWpk_Vp4TB175SEuiKb1fimqGZ6Xg', '2022-12-18 23:42:50.013657'),
('nmkqu756lzd2btsrz7udm6478lnpwkq4', 'eyJ1c2VyX2F1dGhlbnRpY2F0ZWQiOm51bGx9:1oxXFj:4qdfUfP6_UgbVy9dan91wZclsfJxqEll4C-Abf3JnGw', '2022-12-06 17:40:11.421929'),
('nr63fg2pjpkzvip01b6nhlyvg98nag8q', '.eJxVjEEOgjAQRe_StWkcWmDq0j1naGY6U0ENTSisjHdXEha6_e-9_zKRtnWMW9UlTmIuBszpd2NKD513IHeab8WmMq_LxHZX7EGrHYro83q4fwcj1fFbB_Yhq2SiBjiAkmAn6gWzl9z2vtGuZ3QAPQJBEnRJgmfXIYZzq2zeHw7BOHs:1oprXq:2tyr-dP9LgSmcR-SygmzJKA-mPj125a_K32fQht5aAc', '2022-11-15 13:43:10.437993'),
('nryk0kyxgk65ko9y96nr5gjttb7knfwv', 'eyJ1c2VyX2F1dGhlbnRpY2F0ZWQiOm51bGx9:1oygNZ:8Brm802Hiwuw_JvK1u3LAyx8CwU9FLy8Nag6fVUwEwE', '2022-12-09 21:37:01.915358'),
('ntkk5v30wgky5s046ktx03do4nco5pi1', 'e30:1ox7Lk:XvnaP5qoFW2Lg-B0A61LJqxx-udmPizJSHnmwr4d0RM', '2022-12-05 14:00:40.265415'),
('nvzzw6mzyjlvbwsprdicv5zqrtpz74g0', 'eyJ1c2VyX2F1dGhlbnRpY2F0ZWQiOm51bGx9:1pIsAd:xC2skpDp7d62wxitkC-dnur0UJxCx1U2RYxfflKgV_4', '2023-02-03 14:15:07.945681'),
('o077hqh4fu6b3cdtavs8pd77duyb7e25', 'eyJ1c2VyX2F1dGhlbnRpY2F0ZWQiOiJvMDc3aHFoNGZ1NmIzY2R0YXZzOHBkNzdkdXliN2UyNSJ9:1p1nIT:QARFD8qQ3peDWzyo4ecYGn0pCIf6qreA6yDUcPGPje4', '2022-12-18 11:36:37.684623'),
('o08c8hem1js3bar6shmrphohy5spqeci', 'e30:1ol0H9:YuwodWNGR0AuLcgEDjnjo-oRUgSfxEQcdwQDmFHGfSw', '2022-11-02 04:01:51.748000'),
('o23s7s8tmkb28fkhzcsgn3bc4ndqek01', 'eyJ1c2VyX2F1dGhlbnRpY2F0ZWQiOm51bGx9:1pDKSb:_tltVZdo7pnvZnC8FXLBEevM_4HcycTfvWGUnBLKGh4', '2023-01-19 07:14:45.578127'),
('o4t4afq09i0negn79ncwvdi76w3q1rzv', 'e30:1otbxi:8vGwpPyDGAWldx5UT022EoWQTEW9uk8aq8uzvYfGFZY', '2022-11-25 21:53:22.379167'),
('o4zrr2dob74pmk5cd2wr9kbpgm5v1sqd', 'eyJ1c2VyX2F1dGhlbnRpY2F0ZWQiOm51bGx9:1p010f:9NuiBi8pgTftLCnt7vDYO_uyYNwXirGrvbXekkw54vc', '2022-12-13 13:50:53.646710'),
('o5zripz10xo0n2arx95zey9qoalst4w9', 'eyJ1c2VyX2F1dGhlbnRpY2F0ZWQiOiJvNXpyaXB6MTB4bzBuMmFyeDk1emV5OXFvYWxzdDR3OSJ9:1oxofq:jbc9nFuIU30VdZ3T1K5dCIL5hAlGQVmhJcXPvu4NcgU', '2022-12-07 12:16:18.507190'),
('o6bglp96hzh1sa1p7hf0qtwg2etksiok', 'eyJ1c2VyX2F1dGhlbnRpY2F0ZWQiOm51bGx9:1oygN7:82GZ0T2oR83mlRxL9PnPaffbG0JhXFmOYx3QyoU7uVw', '2022-12-09 21:36:33.330867'),
('o6ejn55fn56j25v7pqxbg4fj9o3dueps', 'eyJ1c2VyX2F1dGhlbnRpY2F0ZWQiOm51bGx9:1oxofc:wlnAqDa1ZA7sr2SeYZPk9ANLDrD_TKqZ_eobhscM6LU', '2022-12-07 12:16:04.471087'),
('o8mlhm2xqbp2my1gtsa41pkthz8ppmrj', 'eyJ1c2VyX2F1dGhlbnRpY2F0ZWQiOm51bGx9:1p32Id:DnmoIvM2hrHumV5gtneloF8tAF0_gVv9DgRBuR678wk', '2022-12-21 21:49:55.913384'),
('oa7jbryhmqjd396ekf9efieqn7ghy9as', 'eyJ1c2VyX2F1dGhlbnRpY2F0ZWQiOm51bGx9:1p8RuF:AmGpL5wP16-gY-0H_HsAKlfseLLbGt2URfEn4hiCf1w', '2023-01-05 20:11:07.809635'),
('obczf5oyweo38n0u1aqeb0fh8u95v00k', 'eyJ1c2VyX2F1dGhlbnRpY2F0ZWQiOm51bGx9:1p17iJ:d6LF4_u3wq8neRpze3tgg0EUUk1OfbrO3bVo0WTUYlA', '2022-12-16 15:12:31.882168'),
('ocdlyw8h7scj5c66d1yo0431j0tbb743', 'eyJ1c2VyX2F1dGhlbnRpY2F0ZWQiOm51bGx9:1pIXCp:1cwFfpQkchkdt4SFdLo-_yvDa67QNSUdtW9_zEYDbgQ', '2023-02-02 15:51:59.466662'),
('oessmve5i86tdngv0njuy0tg2rzw7cx0', 'eyJ1c2VyX2F1dGhlbnRpY2F0ZWQiOm51bGx9:1pBYhG:9Y0oV68mm2Cj0Ppy8Bd15g_g4aUgPXQWf43z7h5hoOA', '2023-01-14 10:02:34.552729'),
('ofrp9xbezyciecsvp408yq76m0kg5vp5', 'eyJ1c2VyX2F1dGhlbnRpY2F0ZWQiOiJvZnJwOXhiZXp5Y2llY3N2cDQwOHlxNzZtMGtnNXZwNSJ9:1p1ydH:ulukXBhom2RlKWahRYkFMByDi9Em81FIMhmQ1UQ1aSA', '2022-12-18 23:42:51.169336'),
('oggko2q2qpjzzo86595q7yw85t99d6cy', 'eyJ1c2VyX2F1dGhlbnRpY2F0ZWQiOm51bGx9:1pGOHw:k_un5TwNpJ7-Sdf0wOF5VuJRbj_zCb3h4VUNpjisQXU', '2023-01-27 17:56:24.134447'),
('ogh5r5xgt7z1jwy5zd06frpmay6goqow', 'eyJ1c2VyX2F1dGhlbnRpY2F0ZWQiOm51bGx9:1pDeLD:vw7ej5hOX3DJge6f6eFRCK4HV239UVh5WW7LA06rANE', '2023-01-20 04:28:27.595783'),
('okxpqgh0xsvhfc1qkvyfwk3ebwohtqlf', 'eyJ1c2VyX2F1dGhlbnRpY2F0ZWQiOm51bGx9:1pIQA2:Gp_sy3OdYG6o9BBum9-FgMLXkS2NAxd8qEPWNWP9mpk', '2023-02-02 08:20:38.283076'),
('omj5vwakshntv8oxsettys0of1zwyer7', 'eyJ1c2VyX2F1dGhlbnRpY2F0ZWQiOm51bGx9:1p4zYV:5gueAeM9VWfP9PJ-r6VyXuxMkuGaCBpDi2xn1d_kInY', '2022-12-27 07:18:23.119859'),
('onah1h0fh589cs4vatu11t93tqowlcrr', 'eyJ1c2VyX2F1dGhlbnRpY2F0ZWQiOm51bGx9:1pGOfr:uBpZ3hjwz054mm9SdQef3nt8pNCRNecW1rFwU7_bDQQ', '2023-01-27 18:21:07.753834'),
('oppvbg8j8zvy7iyt6shm862pgxqtk8gg', 'eyJ1c2VyX2F1dGhlbnRpY2F0ZWQiOm51bGx9:1p8NQq:mX6Adr2JcbvdBwO0sVb-TJNxCG2MYAE_0Hs5gu5ADJ8', '2023-01-05 15:24:28.922093'),
('orgnfqjrens3j0iu8cbylfcoc0z5o4dd', 'eyJ1c2VyX2F1dGhlbnRpY2F0ZWQiOm51bGx9:1pBXZ4:nLbO3L80w04izWuP1C0ua6iaEP8wq_wJr9lOCS0E4tc', '2023-01-14 08:50:02.086270'),
('os7q3hom1t3rkt0s91udvfkzaabzfc8w', 'eyJ1c2VyX2F1dGhlbnRpY2F0ZWQiOm51bGx9:1p3KiQ:RSZb3TouZxFZQ30qO14-nJCemGP13wXt2TZaWtOvkz4', '2022-12-22 17:29:46.669319'),
('oyyi2cjnyhok4tq3kfqewx0ppo2mdvjz', 'eyJ1c2VyX2F1dGhlbnRpY2F0ZWQiOm51bGx9:1p44PK:htRejvsstSil0YONU1RwmwN5GNeUlPd9iRAXaSSmj-Y', '2022-12-24 18:17:06.851276'),
('p5j13xwxmgzncrl3335uvbnpf9e1tvod', 'eyJ1c2VyX2F1dGhlbnRpY2F0ZWQiOm51bGx9:1oxcei:eEAFJ8j_UGWa9Imvrr2Xt2TTUOYv_xHqhYf2iJOPREI', '2022-12-06 23:26:20.051494'),
('p68e2q6mn38om147hjftwus86q2dny1v', 'eyJ1c2VyX2F1dGhlbnRpY2F0ZWQiOm51bGx9:1p6AGI:KhgEN9Zvj0M0xayGjqdd9axg-4X5V1B0OPPa9HRB0gg', '2022-12-30 12:56:26.481607'),
('p7j6x81i8ws4j5xrvo8elu9ydftzi1hs', 'eyJ1c2VyX2F1dGhlbnRpY2F0ZWQiOm51bGx9:1pIIw4:w7bJ4_SRstjesndSsm3BS6--MWcW8kDJVthVep1COAU', '2023-02-02 00:37:44.641901'),
('pcd50yt82e4t7x56008237e7i3krcs4w', 'eyJ1c2VyX2F1dGhlbnRpY2F0ZWQiOm51bGx9:1pCOA8:MqJT4Y8O7iQgAZHqC0hbDwzxHwcUnSKXjt2wzRHBY3I', '2023-01-16 16:59:48.449876'),
('pdoftkewgyuk16nxhkmingczsci1h69w', 'eyJ1c2VyX2F1dGhlbnRpY2F0ZWQiOm51bGx9:1p2b9O:y9mku_Hne8E25EnIPmPZt-qOYj9oV159Cvhrb9CuHj8', '2022-12-20 16:50:34.657084'),
('pdtsaewimg4qzdz32seghpg8qzh643x9', 'eyJ1c2VyX2F1dGhlbnRpY2F0ZWQiOm51bGx9:1pDHDT:gymO6EVnxG4oZmf6uavFkvwFMNZiNQXksOgmDQtUg48', '2023-01-19 03:46:55.422815'),
('pe1leoo28s3j6s5p0wnaq7pqbyusj0qw', 'eyJ1c2VyX2F1dGhlbnRpY2F0ZWQiOm51bGx9:1p6zl7:7If2JGLUGvPuUg9bHzd3c2BAzNj823fl4SB0ythw6DY', '2023-01-01 19:55:41.051601'),
('pgb6kjrg726vl2s8hmrgnqpwcik7pbqg', 'eyJ1c2VyX2F1dGhlbnRpY2F0ZWQiOm51bGx9:1p3KiE:PB7g6H7x4c620F0jw94LNZMAAkQj_93Ekto0WxBEU0g', '2022-12-22 17:29:34.886432'),
('pglpqbefsrb448ipr0nn5eow7bm5xpdv', 'eyJ1c2VyX2F1dGhlbnRpY2F0ZWQiOm51bGx9:1pDOfr:5ifHD8a3HdO9m1ru2EnynhCtNc57aUGt0eEl54exPNo', '2023-01-19 11:44:43.580472'),
('pgq8pm6icjbzrjwo9ldflnotrwr0lqca', 'eyJ1c2VyX2F1dGhlbnRpY2F0ZWQiOm51bGx9:1pIQ8c:E_u5poDHi7ERwG44y6pXxlRlBjBzqGQAafNztMEPRpk', '2023-02-02 08:19:10.317089'),
('pi7os6w1gw2amoszt3oo0ns6zdkvuc6m', 'e30:1owRHO:gWdDqtlDn8woqH0mAzV6NLdks-0jt6zM7YuNgiK_B1Y', '2022-12-03 17:05:22.348225'),
('pk5iur69m05ehajvkx64x1fllqecugq9', 'eyJ1c2VyX2F1dGhlbnRpY2F0ZWQiOm51bGx9:1p3Khm:xQk-FFRICXGk1FPDcjSsycUrrlkg3xrgLWCQP55--0E', '2022-12-22 17:29:06.420517'),
('pkw3qlldz1i7rd88unu1zuu6mjsej0uo', 'e30:1opoQv:SaQFQV8uQ8Yuc_11t9-9tV4-9mnxAwK4rVKNJfeg7-8', '2022-11-15 10:23:49.688268'),
('pl0u42ormfdww1ppivxn0a60207ebpup', 'eyJ1c2VyX2F1dGhlbnRpY2F0ZWQiOm51bGx9:1p1FXl:uoSYePVQTWss7aFF4E0FIrDRamqMUCCaqteCpsXwgFo', '2022-12-16 23:34:09.086409'),
('pmithgdsn9cecnsw3ziyzu01xic8w1wt', 'eyJ1c2VyX2F1dGhlbnRpY2F0ZWQiOm51bGx9:1oygMC:Jdh2hpQ63QhnfuWHb_oFCrUt3opCL6IuGod_tOi3ZZY', '2022-12-09 21:35:36.803050'),
('pmrjx0122431es060gi004p35zbuv4bs', 'eyJ1c2VyX2F1dGhlbnRpY2F0ZWQiOm51bGx9:1p3Ki7:JXK2Mneic-MJvR7PQHW8bZYsyrDxr1rQcUYXIAyCTdI', '2022-12-22 17:29:27.364471'),
('pnmv90pu3asevlkru648svdesup7q031', 'eyJ1c2VyX2F1dGhlbnRpY2F0ZWQiOm51bGx9:1pIhCO:5JYD8Bwr-s-S_di2yw7XEw0196yOLVLAA4TjndUDOL8', '2023-02-03 02:32:12.924936'),
('pnvav677a7uvqvt95o7u8pqwpv6tl5iv', 'eyJ1c2VyX2F1dGhlbnRpY2F0ZWQiOm51bGx9:1p3Khx:_W-cMlqmxcba9i6g6h6UUXsy-1dgwIIEH9aqAP64jA0', '2022-12-22 17:29:17.351308'),
('po73hc2ttjw8k865tlhwx21wpsum2m0q', 'eyJ1c2VyX2F1dGhlbnRpY2F0ZWQiOm51bGx9:1pIQA1:XXLYaas-zb41G1QsfvN0LgQ90hP2uJkxHu0SyH7M1Dc', '2023-02-02 08:20:37.787108'),
('ppi73ns483f8zcmoqjtxwl7g3pv8xh8t', 'e30:1ovtO2:c9AJVp7XD_hHDoVoaWbaB6phMsE6EmUVcylOKg-yEb4', '2022-12-02 04:53:58.170314'),
('ppr7n7g0en7afypsq7osx7vnikuzxs1o', 'eyJ1c2VyX2F1dGhlbnRpY2F0ZWQiOm51bGx9:1oxog5:47NfY7xRGeeX0HfbsEQi_L_NNqPLYNySd6NZqxqL1kw', '2022-12-07 12:16:33.303650'),
('pr76uecd2if7m9pqyz39m8bpj6z9yqey', 'eyJ1c2VyX2F1dGhlbnRpY2F0ZWQiOm51bGx9:1p7Ukg:6ssDBYSkNv3Bdf5fuCYBC1cfUeuwy4tWsj0Zzm9JZ44', '2023-01-03 05:01:18.711252'),
('pt504c1ehslez4cj968bsg7bifktorke', 'eyJ1c2VyX2F1dGhlbnRpY2F0ZWQiOm51bGx9:1pFog5:No2cnZm9-R8qRuQEUIl5MLmT0nM3fM1v2iXsbXvP5Ds', '2023-01-26 03:54:57.471422'),
('pte3m36up93w9l8974tfe045wbl34cuh', 'eyJ1c2VyX2F1dGhlbnRpY2F0ZWQiOm51bGx9:1pEgdd:jW_HBVxvkzgbU6nedPshxS4j-p3nVRURJs216Sn37Cw', '2023-01-23 01:07:45.583898'),
('pwd5d2qz23r8knblklw2ezydjjabzjvk', 'e30:1oqAH4:EP8RiCYI3lqsJELBg5owl4G852qDW3KN6JB181HvFkg', '2022-11-16 09:43:06.396807'),
('pxkl5t1j6vucsfy8z5hc5vni2n5ogyr6', 'eyJ1c2VyX2F1dGhlbnRpY2F0ZWQiOm51bGx9:1p3JyS:Wxysr_suW7Qkbr-i3A848bgJSGFpDLsDJwkbJpAYDi0', '2022-12-22 16:42:16.265883'),
('q1m7w9yzw3f4uhbrukqvtxjfjbmjsmc3', 'eyJ1c2VyX2F1dGhlbnRpY2F0ZWQiOm51bGx9:1pE3GR:1X_bunHwMSQM4acAkhnbH_QPEejHklpxQ-YuMBqsWRI', '2023-01-21 07:05:11.158766'),
('q1nnv67prytbf38io78lgybhct4ic6o7', 'eyJ1c2VyX2F1dGhlbnRpY2F0ZWQiOm51bGx9:1pI6Lc:c-byjqiMPfY9b2D_YzXMfMoq-fAWfKvBwIBsnJyYNRo', '2023-02-01 11:11:16.303091'),
('q3p0hsc14x1ixa5xxyrg03kqf7di6qro', 'eyJ1c2VyX2F1dGhlbnRpY2F0ZWQiOm51bGx9:1ozB8V:rTD0nD4axtoZBeTvmLMST4XVAh1W0qSSFev8s5IpHvM', '2022-12-11 06:27:31.876432'),
('q42ej0ts941w1jlym7k3b6spmf3rv1t9', 'eyJ1c2VyX2F1dGhlbnRpY2F0ZWQiOiJxNDJlajB0czk0MXcxamx5bTdrM2I2c3BtZjNydjF0OSJ9:1p7elN:QJtJK3lP7yhG_sHh1UrCtCCgRJowZlRu-m1S9S8WX1w', '2023-01-03 15:42:41.420618'),
('q4h33lb55c7o573as3c93d6khgrkg0qm', 'eyJ1c2VyX2F1dGhlbnRpY2F0ZWQiOm51bGx9:1oxohg:lxMGqrygghLemKIl5hGP9PdRAWECX_IjIllfQszS6lA', '2022-12-07 12:18:12.768451'),
('q653dk1yd27zxhw9ynzhgz9ajyav1c3u', 'eyJ1c2VyX2F1dGhlbnRpY2F0ZWQiOm51bGx9:1pGW4e:ZA45pUrvteYDfFvD1K6uKrz8rD5SLEus677PkpofqqA', '2023-01-28 02:15:12.023820'),
('q83s69byjuaslzkoxc10f6k52s6j1eou', 'eyJ1c2VyX2F1dGhlbnRpY2F0ZWQiOm51bGx9:1oy4hw:Bngyr6keALS6W5DXnXk2p-74xFQl7Z7BGT3RY5tVf9c', '2022-12-08 05:23:32.724296'),
('q8mwbzsmd151fn95cutet9ff2kid8480', 'eyJ1c2VyX2F1dGhlbnRpY2F0ZWQiOiJxOG13YnpzbWQxNTFmbjk1Y3V0ZXQ5ZmYya2lkODQ4MCJ9:1pEt59:BkFk_PFnnkDxz10KW7W1W2srpknb16lsrzcPTzm6_gM', '2023-01-23 14:24:59.667125'),
('qa0rk80vifcpikfppgio47ewq7f256ky', 'e30:1osgCz:DW0LKaRLFDkbjvsRY1hOVwHQNgV9THTvtNLR7HL4KVI', '2022-11-23 08:13:17.551069'),
('qa1jigec2vk996xoecaxc8dkqynlc1ge', 'eyJ1c2VyX2F1dGhlbnRpY2F0ZWQiOm51bGx9:1oypJA:VIPGQcbxsyiYylFH6I4fNYmBBBM8gMYKwPuICkslUqs', '2022-12-10 07:09:04.260458'),
('qekfgk2dgx58ciie9dwit5sv1n41jtc3', 'eyJ1c2VyX2F1dGhlbnRpY2F0ZWQiOiJxZWtmZ2syZGd4NThjaWllOWR3aXQ1c3YxbjQxanRjMyJ9:1p6Ytw:jhFSFN-r3Dqc9pNC2Dt3ZcqnAyDTPRsbninhFn2jdF4', '2022-12-31 15:15:00.671844'),
('qgcv2pxpm751iqq2wqpboljq6larbe55', 'eyJ1c2VyX2F1dGhlbnRpY2F0ZWQiOm51bGx9:1p6S4q:I_J3a9Ga4Pp5RqTN1iDclWx6tiKBvDAtJN5yEAQI6Vs', '2022-12-31 07:57:48.903755'),
('qgjl23n4qssi423881kugbjdxr16948d', 'eyJ1c2VyX2F1dGhlbnRpY2F0ZWQiOm51bGx9:1p972A:VAMdJGgFbWCwXzz5OmAAJbTHrvjM0ARDLMc6OizrbjI', '2023-01-07 16:06:02.483354'),
('qisdagr31m2va6kcd5azd2gpwuw1qbgc', 'eyJ1c2VyX2F1dGhlbnRpY2F0ZWQiOm51bGx9:1pBRf5:EYtLRPH3v3gYt9P7ZAGup4Rp-G_mAmWA37DiVecvCsA', '2023-01-14 02:31:51.909811'),
('qjk1dnevgbizvevm2btznakahstwb9hs', '.eJxVjMEOgyAQBf-Fc0NEEaGnpvd-g1nYRakKieKhafrvVePF65uZ92XrQnMLa-4p5uAgE7I7m5MbPoWojHp0E4SRuzSxGzu89ijCronrZsENFHeAb4hd2qqY52D5rvCTLvyVkMbn6V4Oelj6rTZWGk_oAUphjSBArZAkai_R140sSTVWV0I0WoBwqCuHRtpKaW2Kmiz7_QG72EfM:1oyaDt:jP0sJ-kFSjzSbLC5niAxKDylX9AMTiVOAiaLAL1P7Wo', '2022-12-09 15:02:37.600466'),
('ql3uuv213d5duy9708kym93hkbicp5u4', 'e30:1opoQo:M1H7UXsEVcF1wLGSQRm7BoLiPH3r9CrvsL87g2WPT7c', '2022-11-15 10:23:42.376432'),
('qmzi6hud5dn5no3vt4jra0ljhyewhucq', 'eyJ1c2VyX2F1dGhlbnRpY2F0ZWQiOm51bGx9:1p4zYa:-6bOA_EaVhtprlamsxHuUELLKfgxsPGRyt3cSubvA5U', '2022-12-27 07:18:28.188140'),
('qppyo2ie4h6t5mnft42mgpulysawp35q', 'eyJ1c2VyX2F1dGhlbnRpY2F0ZWQiOm51bGx9:1p4hju:oppKUrLgCq1sJoKjBjjhwWKJ0NvO_zhE5MhC6Q2eOlo', '2022-12-26 12:16:58.063954'),
('qqlitwqw4d1ziczatt685kvcw6xrpqph', 'eyJ1c2VyX2F1dGhlbnRpY2F0ZWQiOm51bGx9:1p2b9O:y9mku_Hne8E25EnIPmPZt-qOYj9oV159Cvhrb9CuHj8', '2022-12-20 16:50:34.433360'),
('qqrscep6nmn2hbbesojt6uprg9067qx5', 'eyJ1c2VyX2F1dGhlbnRpY2F0ZWQiOm51bGx9:1p8NQm:oveCU4FYIgJiwAntFsv0yDGBRpmgcVQprTcdfz5-yPU', '2023-01-05 15:24:24.323519'),
('qqx1m6z7nm8unqvb4z5e5rlc6awoq0an', 'eyJ1c2VyX2F1dGhlbnRpY2F0ZWQiOm51bGx9:1p3Khj:OL3ZjkBPJBzNj-ZsTnQ0-QmefTy91IoFtGxsSTrsVj0', '2022-12-22 17:29:03.918757'),
('qr3a71kov21v80zib80l4ivdu8y2nre7', 'eyJ1c2VyX2F1dGhlbnRpY2F0ZWQiOm51bGx9:1pAP7t:qy5yQZXtq9SvHCbEamzJVQcW_A97gylEaexylyeVR4Y', '2023-01-11 05:37:17.446629'),
('qrhc4rm0mki9lcal3rf1az8dqbi7f6tg', 'eyJ1c2VyX2F1dGhlbnRpY2F0ZWQiOm51bGx9:1pCYEE:X8VLm8Et7Rp-bntECXa2Wqds-UDqP_y07Go1IOhohhg', '2023-01-17 03:44:42.502574'),
('qsw7hpz4lfw61hmlkie0gu2narqg2pjc', 'eyJ1c2VyX2F1dGhlbnRpY2F0ZWQiOm51bGx9:1oypHm:TKqATUauihVeLsFz1viq4yAoiixn39_bG6JDxwaAz2k', '2022-12-10 07:07:38.969067'),
('qtq177l3zix2afeyiv7z2axgrzxdgmxh', 'eyJ1c2VyX2F1dGhlbnRpY2F0ZWQiOm51bGx9:1oypGW:Zi3i8cIACJ5ugzJtT7J1Muin0xmPKCN_MarabrHKiJI', '2022-12-10 07:06:20.201982'),
('qv5z1gjvufq1rom8dayv7onjdkquoyln', 'eyJ1c2VyX2F1dGhlbnRpY2F0ZWQiOm51bGx9:1pIIw0:IC8F-tNtnpxDxNnW09feF_TQJMh1oJ6uvDvg_AI5LhA', '2023-02-02 00:37:40.219301'),
('qvroscefiafd9v3tu6cv4iz0oxg0cqd7', 'eyJ1c2VyX2F1dGhlbnRpY2F0ZWQiOm51bGx9:1p3KiF:RuYfe-EkrUTMkmTfgmvFDMTbVbIqi_q5LHlAqIS762k', '2022-12-22 17:29:35.885046'),
('qxqe4wi96hg71p3b9tp9lg2vn4px6lp8', 'eyJ1c2VyX2F1dGhlbnRpY2F0ZWQiOm51bGx9:1p5m7D:CzQi8s-p44yhwdVGPOmWI_t0UXzuhpQ36BSg-pv7ocQ', '2022-12-29 11:09:27.801075'),
('r1lpgm9stsdcxaef2s71cqcsck281k17', 'eyJ1c2VyX2F1dGhlbnRpY2F0ZWQiOiJyMWxwZ205c3RzZGN4YWVmMnM3MWNxY3NjazI4MWsxNyJ9:1oygOR:sSyMeCz5svetwWT329k9_vgWfh6mdnSQUJpOlW4x5gU', '2022-12-09 21:37:55.482223'),
('r1oll5smkf6bh5k0wf85tjckq7vkcs75', 'eyJ1c2VyX2F1dGhlbnRpY2F0ZWQiOm51bGx9:1oxXHQ:ZUHXk7sG45PJUAsNF-Z6LKtm0SBzW5SJVqnE9XdxEVk', '2022-12-06 17:41:56.948459'),
('r1t5w90y6mk8x3wwl7y0wravmp6h9qwz', 'e30:1opUs3:5-ldfUwYoPTdBVvUqyLmC4Z7Zukh4V0Br8_i6Ee56NY', '2022-11-14 13:30:31.461000'),
('r2t8n0jfdl58pywmvmvunhvgi27lieha', 'eyJ1c2VyX2F1dGhlbnRpY2F0ZWQiOm51bGx9:1pBXZ8:vsm_ERGZYVty0YOT7x8wynpUtatwBgCkm17zMbOlhbI', '2023-01-14 08:50:06.926455'),
('r454cbkdm3dfzwrntf6nx85kvvg526f8', 'eyJ1c2VyX2F1dGhlbnRpY2F0ZWQiOm51bGx9:1pIIw2:wvS7Tkko815ZGUZO54KsKsr_cyF0dzIZM-S5Hd3WVro', '2023-02-02 00:37:42.646205'),
('r49y4kq7ldhvy67j3tih7ftqs3vofor2', 'eyJ1c2VyX2F1dGhlbnRpY2F0ZWQiOm51bGx9:1oys1F:etCtBsg_PDU3u_zkbBQD_jT2ZuVONC9Jm-zig6a3RTM', '2022-12-10 10:02:45.735690'),
('r4i1yhh1g9kscd5db7qju2pqxu7q47qj', 'eyJ1c2VyX2F1dGhlbnRpY2F0ZWQiOm51bGx9:1pAP7q:BgJVEYAB_NhTm-OJDx3gF74dkTwL3wWcMvsZeP2nbaQ', '2023-01-11 05:37:14.328337'),
('r5vieccaocuzp3kz5gmoxvgtmjxkpgow', 'e30:1oqAHX:cxt5WaHq-zA4mZUzNQcB-KjvJ8mKbpRsdZxysdhWxjA', '2022-11-16 09:43:35.821814'),
('r5wm2v88y0sat6v5yg4fmp3c78y8i6nu', 'e30:1owtiC:Cjv6i2V_6kDQMR-hXU-FecCCX3cPOe38DspV-goBv0A', '2022-12-04 23:26:56.918501'),
('r8536z0hp57g0fdt9rx6xogtf18bs91c', 'eyJ1c2VyX2F1dGhlbnRpY2F0ZWQiOm51bGx9:1p7aPJ:sDGKfxUhhVmxjEy5cqmtXAC6cCsp9PqBRsxpr8FjvVk', '2023-01-03 11:03:37.641313'),
('r96opu4h33isyj6cjy0ghfpffa1qk2gk', 'eyJ1c2VyX2F1dGhlbnRpY2F0ZWQiOm51bGx9:1oxohL:sThB0Aj0DLl54bk8yUlBBLDpltItyJsIgz2eIj6vxbs', '2022-12-07 12:17:51.093895'),
('raa1kei17v0bofdflthfcd1mtkz98mlk', 'eyJ1c2VyX2F1dGhlbnRpY2F0ZWQiOm51bGx9:1p8Y0x:kyWdzc1W3f1t2t9uCpuhT20FME9zGujvUUITyECLzPM', '2023-01-06 02:42:27.495238'),
('rbwug9xya98gwabh5k4e1eszargh9m6h', '.eJxVjMEOgyAQBf-Fc0NYUMSeGu_9BrPAorSKqeKp6b9XjRevb2bel60LzS2uuaeUo8NMnt3Z59GNGAfuppHd2IHbQ4w7BWOuq0X3prQj_8LUTVuX8hwt3xV-0oU_J09Dc7qXgx6XfquDQFv6gL6UhohqobzU2kJwRhUVKCgclFYqpynUAEKCCNpoXQmrCCCw3x-3WUST:1pDhLh:K6AakK6THfmKLGRFz2J0s07GGSWDYD69VzY3eVLrtUw', '2023-01-20 07:41:09.767525'),
('rg32v6lcxqalck9cn3wci4salfaxpem9', 'eyJ1c2VyX2F1dGhlbnRpY2F0ZWQiOm51bGx9:1p4j0f:lumAb1MZzYZ4XgbMDWyovYgY2OhExAw2pFzcu1pC_2w', '2022-12-26 13:38:21.079206'),
('rhlyneaskdeltyqp0abu9v8hztieyfh4', 'eyJ1c2VyX2F1dGhlbnRpY2F0ZWQiOm51bGx9:1oxjGB:K-WSD0Njk6k0Kw1RlO-4kFOkXM60OikEHGyYwkWiXxM', '2022-12-07 06:29:27.484331'),
('rj8a7p8mh20dlkjtik9a1igijqoj2ovk', 'eyJ1c2VyX2F1dGhlbnRpY2F0ZWQiOm51bGx9:1p7GMg:9n8hhAiGgx7JJ70k1RdcwJW5uvg2ESoRFyD6JoLLJtw', '2023-01-02 13:39:34.061654'),
('rkvhj1t1grm2zb48v4q7r9oz9zsjjj8v', 'eyJ1c2VyX2F1dGhlbnRpY2F0ZWQiOiJya3ZoajF0MWdybTJ6YjQ4djRxN3I5b3o5enNqamo4diJ9:1pBZPo:0TI7a5uyphp7kqmOn6U0vzPoHglGUs5YS9YJQX5Ir0A', '2023-01-14 10:48:36.246545'),
('rl21v2fupmgmky4ummeas0wbnacbyre6', 'e30:1ol0Mc:aCsEcUDp9NvJ6MXGC4bvmkEnpRtGheBcsVjAL51tt5g', '2022-11-02 04:07:30.075000'),
('row3enlt1puxko2rucbh285ne01zcodv', 'eyJ1c2VyX2F1dGhlbnRpY2F0ZWQiOm51bGx9:1p6AGD:XEGYL9GBSmvkOylQUNy2M3rSph4HPdwWJCB4rSOQzNg', '2022-12-30 12:56:21.885162'),
('rqgh7y8a52fmb7gdxw3cjn0iphmygiwb', 'eyJ1c2VyX2F1dGhlbnRpY2F0ZWQiOm51bGx9:1oxohp:w-QbcJpjlCQhvfFVqjPf_nIF5jAC0nbE5gkW6kAFnbo', '2022-12-07 12:18:21.014402'),
('rrbtq5uxfrni3whce9860w0gfb7bsojc', 'eyJ1c2VyX2F1dGhlbnRpY2F0ZWQiOiJycmJ0cTV1eGZybmkzd2hjZTk4NjB3MGdmYjdic29qYyJ9:1pIQLs:6eb3gm2Vyr0TIrHkq4C7Flb7eHJNcqkJQ3OxPfh-hWU', '2023-02-02 08:32:52.540324'),
('rs9cuv79qd0e1s65a6pgzwl719vs7chm', 'eyJ1c2VyX2F1dGhlbnRpY2F0ZWQiOm51bGx9:1ozYCx:4Sggf5lDsnf9yBEDZeZWVYn1arTFYY6jOUt7wn0Lkns', '2022-12-12 07:05:39.568551'),
('rtuw0g2smdamdohpji4bi1p0db2sbyuz', 'e30:1ovp3P:vHlh47wOvUgs247lSmTJ87hS6GYl6jAQXfUyoU63EAo', '2022-12-02 00:16:23.009073'),
('rw4l4k0qiigv0k9yj78k9ihixl7lt50r', 'eyJ1c2VyX2F1dGhlbnRpY2F0ZWQiOm51bGx9:1oypKx:XCRPeP9y5UDitu9wl6GshDYfO1kUlKaxfsGTftvAGtk', '2022-12-10 07:10:55.710844'),
('ryc2qxwikbecn5grpgbatm9lam04xiis', 'eyJ1c2VyX2F1dGhlbnRpY2F0ZWQiOm51bGx9:1p1nIb:2I_qyiglDvbyq1brQSqa7tPucEscUhkOffScmcTVjuk', '2022-12-18 11:36:45.809440'),
('rzntmq0lpq9jzaqle9wydr6vua20lgh3', 'e30:1ox0ut:x9Y9h04RB8hrcmpJmP2XFbenes84p1QROECwIQp8qDM', '2022-12-05 07:08:31.475698'),
('s0h6ku0su5egbpvc7p5x686jgpi3triu', 'eyJ1c2VyX2F1dGhlbnRpY2F0ZWQiOm51bGx9:1pIsBO:gdsXGycyvKawN6bP7fNgAlJnijqO6VIPDJZ6cNNLQHQ', '2023-02-03 14:15:54.112853'),
('s5kzuty6jb8riptguiptx6lxbse6l8k6', 'e30:1ol0Kb:w1uUaw1ave2rtnFUSm2q8wE7X6Dc8SROUPpnqruCE4M', '2022-11-02 04:05:25.943000'),
('s6t1qt5wck2498935e77a4ur50nxdg52', 'eyJ1c2VyX2F1dGhlbnRpY2F0ZWQiOm51bGx9:1oypGq:9LcIhL-NLCLbwQatIFLpqNpKWIy3RC735OeHFSAy-tE', '2022-12-10 07:06:40.889612'),
('sagzmt10yf2u4ys9x0eakkzi3mpos17o', 'e30:1opqjQ:O925mQM1L8x1I_12arQmz2QBPUIAi6wFx35nU6t290Y', '2022-11-15 12:51:04.479185'),
('sbvkaxw3dacodv3ns7fp3tbjtg8iuny0', 'eyJ1c2VyX2F1dGhlbnRpY2F0ZWQiOm51bGx9:1p9ndF:fvBRNkrcmlqZvDdfbF5zhLzm0Su1GgP17GdJHM2O6nk', '2023-01-09 13:35:09.793064'),
('sdhs3xz53qlt4liye24bzzpef35vitxk', 'eyJ1c2VyX2F1dGhlbnRpY2F0ZWQiOm51bGx9:1p3Khr:fz0ZoNZZZQeD0HTDffHo0wwU9JSnUBoBokGKWcMlPe0', '2022-12-22 17:29:11.782207'),
('sdn18j3xvq60vx6h0l6dkxgex5atbsf6', 'eyJ1c2VyX2F1dGhlbnRpY2F0ZWQiOm51bGx9:1pCYE8:CZXlzE3SPUkIMz99v6Hh2S5kT7PcpjHXb6fkFpITNrA', '2023-01-17 03:44:36.758873'),
('sdsmotuh2hyu8r6hfz3lw9cotqrsxjna', 'eyJ1c2VyX2F1dGhlbnRpY2F0ZWQiOm51bGx9:1oxx9j:5QZChIvYtovamFvEdKgFLsuWb_jZ8qNMWe8YbCjF2ek', '2022-12-07 21:19:43.046700'),
('se1i3s112vlyzexcnib8d5hjsil48g99', 'eyJ1c2VyX2F1dGhlbnRpY2F0ZWQiOm51bGx9:1pBXZ6:kC7wEVXi3Mn-aP30ZWzJclAQ6tqVYAh7gyBVE0fO7kM', '2023-01-14 08:50:04.115587'),
('sgc0huull9cnen17xfp7z003u0bwd8n3', 'eyJ1c2VyX2F1dGhlbnRpY2F0ZWQiOiJzZ2MwaHV1bGw5Y25lbjE3eGZwN3owMDN1MGJ3ZDhuMyJ9:1pFPHu:MZroLHjU-FDL308GOnZz6Q22QLtA580L-XVNhdEat6M', '2023-01-25 00:48:18.320045'),
('sk6ig9ch84bimbbl42n3ls9zcfcwvk5b', 'eyJ1c2VyX2F1dGhlbnRpY2F0ZWQiOiJzazZpZzljaDg0YmltYmJsNDJuM2xzOXpjZmN3dms1YiJ9:1pHiJr:FdynzYvNeQwkJn0W1inuTngu63Gcq3edk3XXlqgrx_Y', '2023-01-31 09:31:51.782272'),
('sq820u966xrvfx5hxdfjjb1qycrxjyj8', 'eyJ1c2VyX2F1dGhlbnRpY2F0ZWQiOm51bGx9:1pAAUH:4QHpP4xEFnCyvU-9Bery5OTHw1MthUrcFciZXzV1A-I', '2023-01-10 13:59:25.851600'),
('sskd4w5idlq8qrogyaezqfprta8vxc2j', 'eyJ1c2VyX2F1dGhlbnRpY2F0ZWQiOm51bGx9:1p3Khs:H0K2Ak-LkV725Z-T04wArq1WqA-_wXI3icPMY-UI4rA', '2022-12-22 17:29:12.618876'),
('ssnrs36df5dxge2zra2a26nifojaakrb', 'eyJ1c2VyX2F1dGhlbnRpY2F0ZWQiOm51bGx9:1oypJT:Dn9SXMrTx_YzoxfPIS2UJeHLOCGMyPsQ6UnVHoohBnA', '2022-12-10 07:09:23.783458'),
('ssun5p3dvkzzetmeod8x89vv4g0gp3ux', 'e30:1ox5Wi:tPrnP6UByIlmERfQX7huhCA5-lvBztwfkmlC14ZaZeI', '2022-12-05 12:03:52.642935'),
('su7h9sa61mx5dhpx0tt0y88ur2rfk29l', 'eyJ1c2VyX2F1dGhlbnRpY2F0ZWQiOm51bGx9:1pDpOr:-_ZiJ6uhkVmwTVfqavmChuPBHZtechOSHKkyDxOe75M', '2023-01-20 16:16:57.711620'),
('sur03kcyyfj3pr1ugndgax583d8mbggd', 'eyJ1c2VyX2F1dGhlbnRpY2F0ZWQiOiJzdXIwM2tjeXlmajNwcjF1Z25kZ2F4NTgzZDhtYmdnZCJ9:1oxPza:zOnyZwyBbMge_uoG2oFOEzxTLI0HdSM9YUpYxn1yXho', '2022-12-06 09:55:02.128699'),
('sv9vgkrhwzw8ki143b6zyoxc5w9kdtv3', 'eyJ1c2VyX2F1dGhlbnRpY2F0ZWQiOm51bGx9:1oypJE:4dyNqBWxSAdj1kCe-MpbC85XuJgztWwX7UvXWeEtv5M', '2022-12-10 07:09:08.623892'),
('sw1tkvci4vqxgzl73qe7hwx7f193tlhz', 'eyJ1c2VyX2F1dGhlbnRpY2F0ZWQiOm51bGx9:1p1FTG:9oQGA46eS3ThfV1mlzW5kH0Wwk8KjyFw39DUsWvEQUs', '2022-12-16 23:29:30.097208'),
('swnvihqxfujpaz4h9dlablge4cm600th', 'eyJ1c2VyX2F1dGhlbnRpY2F0ZWQiOm51bGx9:1pGziB:yt0LWYRcr_zOnevWHV3tBKMHTxMPmjiLsF3oD1as91A', '2023-01-29 09:53:59.506745'),
('syotiqogg60f7vpa1pemouz4ae0zdpb9', 'e30:1opqkb:Grd8jGra2jLIF09pLuFL_f_oQ-aGKY7YirvTAt5OLrY', '2022-11-15 12:52:17.046492'),
('sz6fmd49hysy6myzjvirq489rw73335s', 'e30:1opVBy:c307AKDBbi7CzlHgGjgL5gvtDZQk0UeXdwyw1qsbP-8', '2022-11-14 13:51:06.895000'),
('t0l9lv2h88to24vt4cuy3s3lfu9ifi3m', 'eyJ1c2VyX2F1dGhlbnRpY2F0ZWQiOm51bGx9:1p8fkz:-1dSvuX_mHByqxpCTSND7vp4aNSb0BSYQie-iqGhXtU', '2023-01-06 10:58:29.565418'),
('t2pm8se5orwxh939oqj3jxu2693auppi', 'eyJ1c2VyX2F1dGhlbnRpY2F0ZWQiOm51bGx9:1p1leq:-OYm1KCuFMsTw-5yDJ1JBFSn3E7qdwNUYf9vPtecipw', '2022-12-18 09:51:36.059987'),
('t2pnob2gl25ojgex806b205om9r2ne43', 'eyJ1c2VyX2F1dGhlbnRpY2F0ZWQiOm51bGx9:1pIIw2:wvS7Tkko815ZGUZO54KsKsr_cyF0dzIZM-S5Hd3WVro', '2023-02-02 00:37:42.077919'),
('t3x8spk16k9ltdgkw55xrefotgf02s8f', 'e30:1opUsb:dgnJusXDz6ToM1aA6IoSTyZ6B3QhogyFq113RdiwsNw', '2022-11-14 13:31:05.605000'),
('t4jqynt1sycp01n974d0ji2riuneiihf', 'eyJ1c2VyX2F1dGhlbnRpY2F0ZWQiOm51bGx9:1oypHj:IAqIeqmmVKKIxwoMziVF-v_Od1hNcX3cG_bDVzMUORc', '2022-12-10 07:07:35.837760'),
('t5xjts0oxuoewkcnctgh7jfp8cict2jr', 'eyJ1c2VyX2F1dGhlbnRpY2F0ZWQiOm51bGx9:1pEBkx:Khp8b--NEhBrpW489EkTIFCg7phqLIFdQu5dBwaVr_o', '2023-01-21 16:09:15.348231'),
('t85v6xi1enka1z3do3kmjdupj7fpuqrd', 'eyJ1c2VyX2F1dGhlbnRpY2F0ZWQiOm51bGx9:1ozppG:BT7t8t5Paa8u0qWGoFLETPCnARlo4a8Z6nb6A5eDbl8', '2022-12-13 01:54:22.515470'),
('t8ihiiwcqzuu1q1a56ughafxpr6s9z5s', 'eyJ1c2VyX2F1dGhlbnRpY2F0ZWQiOm51bGx9:1p4zYY:iAHsIxMsltOZkIl_0QTQmAf5Hc4Ban2WEE3pz0Z67uc', '2022-12-27 07:18:26.379098'),
('t9g0w7x9g50qilu0jjbl9s8k6fn5i14b', 'eyJ1c2VyX2F1dGhlbnRpY2F0ZWQiOm51bGx9:1oygMH:_B1igrUvm4vpG_IEU69TY9DSfUIeV_TPUz26YSyDfoE', '2022-12-09 21:35:41.521069'),
('tabdfcwvrvkbtido69wajr8t7s58hwqp', 'eyJ1c2VyX2F1dGhlbnRpY2F0ZWQiOm51bGx9:1oygND:IvgwQylZEIyh65WsrCBL6-5woXSU0G00GSHfhgwmFwY', '2022-12-09 21:36:39.487295'),
('tauenbibefv8dqavq6kuqrci7fslarwq', 'eyJ1c2VyX2F1dGhlbnRpY2F0ZWQiOm51bGx9:1pIQ8V:tNaaRSFzLwognXxp8qLyt2cDOZ2mSt4N7D7GRdbw9EY', '2023-02-02 08:19:03.581893'),
('tb12qk8f0hzpjrntu76ub230n9pf3z3v', 'eyJ1c2VyX2F1dGhlbnRpY2F0ZWQiOm51bGx9:1p6AGH:qNx_MydNMXLRGrEcOxE3sOXyUnC731YffTl7EyWgF4I', '2022-12-30 12:56:25.530320'),
('tdwqri18b3bvnbvkmece59e7bmf95dut', 'eyJ1c2VyX2F1dGhlbnRpY2F0ZWQiOm51bGx9:1pCC1C:K5HkjTenhGaJJScVMR7J5oHV39f64UcSnE0H85Lcs0w', '2023-01-16 04:01:46.563662'),
('teudbx6yn72jjtap51c7ypry3ikxm116', 'e30:1ovpNl:zi7Etlr5cHkemtHLJ-_9i88dcgTFmMlpJMhOedP1cqU', '2022-12-02 00:37:25.134719'),
('tff8bzyrd3nf0s5m1t8u1i7qfk3t7rvu', 'e30:1okk7N:Q8S5R7FGwLxsxNwpLyylF9cBcDjs7Sg6WJEginVp7g0', '2022-11-01 10:46:41.553000'),
('th74fwxsjzvjldkx5gi2plenv6ugzj4d', 'eyJ1c2VyX2F1dGhlbnRpY2F0ZWQiOiJ0aDc0Znd4c2p6dmpsZGt4NWdpMnBsZW52NnVnemo0ZCJ9:1pI6LG:FJHjooo7tBAEc57Wggx5OxZN72EXQnjcK5V8_SdsV0U', '2023-02-01 11:10:54.465981'),
('thrhglmswfp7nxvgxmg4wvlqqjgpjqbj', 'eyJ1c2VyX2F1dGhlbnRpY2F0ZWQiOm51bGx9:1pAP7c:XEi-AqlMGx6CUjiRGmSNcWYNjjcl-E8n1XuS5okvfa0', '2023-01-11 05:37:00.488484'),
('ti5hfakn3gl4aktquht5ojogxtrxp1x5', 'eyJ1c2VyX2F1dGhlbnRpY2F0ZWQiOm51bGx9:1p4zYW:z8q7F5Or04vSjnkbawECOh2oTW9t80Pq9m99yury3uM', '2022-12-27 07:18:24.954928'),
('tjfol90sl9n31zympld2n0em64u58nrl', 'eyJ1c2VyX2F1dGhlbnRpY2F0ZWQiOiJ0amZvbDkwc2w5bjMxenltcGxkMm4wZW02NHU1OG5ybCJ9:1p7rxW:HGwXchWCLiI8AYQSIlKTIgHvRfIg_f-n_wdGVp0Ajvs', '2023-01-04 05:48:06.430657'),
('tn603c1inzfj5esck8axjhkjx1ihn1do', 'eyJ1c2VyX2F1dGhlbnRpY2F0ZWQiOm51bGx9:1p9o6c:0YUPdjo8O4W7pz1lff2FgYIDpdoVr_TiSZyDlHCiYPE', '2023-01-09 14:05:30.909597'),
('tobpd6c11648kgl2fime1vfl89lmr6tz', 'eyJ1c2VyX2F1dGhlbnRpY2F0ZWQiOm51bGx9:1oypGT:sS-qjOaPs1VZwljYtywAjGbUolvvMhJCGSW2sQmIO8M', '2022-12-10 07:06:17.339299'),
('tp8xq2y2qkukej6ujv7ohlfo4tykvcg3', 'e30:1oqB8W:usZjsZhUwwujr3LSxnDbyq8J00hDd9Epnaxtt5vWZog', '2022-11-16 10:38:20.939096'),
('tph8zjx5y97kc7zfcgb1er6qgp3v77pf', 'eyJ1c2VyX2F1dGhlbnRpY2F0ZWQiOm51bGx9:1pIQA1:XXLYaas-zb41G1QsfvN0LgQ90hP2uJkxHu0SyH7M1Dc', '2023-02-02 08:20:37.990617'),
('trx5kcjehu5tc7mn53lfc586l8hox1aa', 'eyJ1c2VyX2F1dGhlbnRpY2F0ZWQiOm51bGx9:1oypGR:x-HiSFRpYjGl2QTswyInlwSp9IWT3eJ_7m2Yrho9P4Y', '2022-12-10 07:06:15.778733'),
('ttlry8biwh28adghqmu6rttdd1uwh47t', 'eyJ1c2VyX2F1dGhlbnRpY2F0ZWQiOm51bGx9:1pIQA1:XXLYaas-zb41G1QsfvN0LgQ90hP2uJkxHu0SyH7M1Dc', '2023-02-02 08:20:37.991731'),
('txadkmnskh461pkwwgmkua9igl8awd9y', 'eyJ1c2VyX2F1dGhlbnRpY2F0ZWQiOm51bGx9:1oxD7I:oAT4IuJfS6NhUwG7Zx4OApEw90yQMUsOygK3WIkfu6s', '2022-12-05 20:10:08.369316'),
('tykj52nszfxh5w7nevoz6rq0ws7pbrxx', 'eyJ1c2VyX2F1dGhlbnRpY2F0ZWQiOiJ0eWtqNTJuc3pmeGg1dzduZXZvejZycTB3czdwYnJ4eCJ9:1p2wlL:Na9No4rlKCxM1Fg8LvQ_nXwVFYce2Vt4kFCum6rxPuw', '2022-12-21 15:55:11.112313'),
('tzeyvaz2i5pzhtnnpu9zkfz6pe3itfxv', 'eyJ1c2VyX2F1dGhlbnRpY2F0ZWQiOm51bGx9:1pI0p1:E7VezI2eYtkfnx5bIBz5QRauiRUhGclq-wei2Z8NBZY', '2023-02-01 05:17:15.903180'),
('tzwxu3lxmjus4qho5dxs9c90epc0ussg', 'e30:1okk6k:3WrOsSjC_B9TJeMZrC6O-ZeJ1gnQAwaw_vz8D47qOAc', '2022-11-01 10:46:02.627000'),
('u5d9l2vr3sz993xce9d03nt90ua5isqr', 'eyJ1c2VyX2F1dGhlbnRpY2F0ZWQiOm51bGx9:1pIdtd:KjY8ywSqPCP0qtHOluTjhZKnDXXdZcBScAob0r2bMIY', '2023-02-02 23:00:37.008049'),
('u5w1fs2pqf90yjqqgucjy6tui5lbdjay', 'e30:1opU74:dMXrSd76iCaZf4EtMLEa1ewEZXCuWDdH0C9TvSLUl0g', '2022-11-14 12:41:58.535000'),
('u60rdi1khuld7btcae7hfm74jld5uziy', 'eyJ1c2VyX2F1dGhlbnRpY2F0ZWQiOm51bGx9:1oypG5:AsCx6HnrKSkdZTL60ftKN0CTNv6UIyjn7thKVN_kJKM', '2022-12-10 07:05:53.695365'),
('uaa7bdeoyth2aq64q3j905q2q1gelxbn', 'eyJ1c2VyX2F1dGhlbnRpY2F0ZWQiOm51bGx9:1oypGb:sYFMEbbKJog0IrfhLKLsQ8NR9iLLn0sfT344fjdY_cU', '2022-12-10 07:06:25.852535'),
('uab6wx36c1c2oivxv68ia0ov9waa2apy', 'eyJ1c2VyX2F1dGhlbnRpY2F0ZWQiOm51bGx9:1p2OlH:M15oJ2BlXRSSVL1Ic4nJwxLe66kyKGqBH73GPxo2ID8', '2022-12-20 03:36:51.093741'),
('ub23uzz9rznljk2zkgta5dyrlfz5puh1', 'eyJ1c2VyX2F1dGhlbnRpY2F0ZWQiOm51bGx9:1p8cRK:dx_Otga4LmLGvwUR2MGFmvbInfU6A9RLgWgEkfiZjpk', '2023-01-06 07:25:58.293009'),
('uc28ok2gisfs71bzp2rndy35sdyiapy6', 'e30:1okkGg:Fkhv40ftH4KAN_nWEKfFCeXVvBSAdXvkHxWZtYuFPbs', '2022-11-01 10:56:18.519000'),
('ucl3655gvlr9oovkgqhgbnymwbs5yn1k', 'e30:1opqzh:GSfghjKBoXQhYkt8z5LKVXDtCZhuzg9XdkiiGbE8p1Q', '2022-11-15 13:07:53.302622'),
('ucv7su7a74r7hgwzrwoqbylpi3elzg4p', 'eyJ1c2VyX2F1dGhlbnRpY2F0ZWQiOm51bGx9:1pCYtK:Y2OVke-KsH9NNm4iZBKMMh65cW7YmzTQM1VHJPk-V78', '2023-01-17 04:27:10.595145'),
('udrh2aph48bzrj5851g5jkiha8qz9zf4', 'e30:1ow7tW:mScPaWGQwYSq3t1W6ryh7AbJ5Eu693KRZOABEN1LS08', '2022-12-02 20:23:26.962498'),
('ue14i04ahi7894snq9dy836e7cteiiqy', 'e30:1opqdl:tTYEPeVYoiOVlZBcoUtBb89P-QV1JBM73Aw64iLpSks', '2022-11-15 12:45:13.342407'),
('ueugh9051zc2shfq8ggvsmedp9g5mfk5', 'e30:1oq7z6:usCFoBRJD9KWCfJ7BGh1NP_shfGhThSZLac9Q_a4htg', '2022-11-16 07:16:24.822897'),
('ugca1poe0mknt1ub68qgy0dsoqrm5n6n', 'eyJ1c2VyX2F1dGhlbnRpY2F0ZWQiOm51bGx9:1oygLx:BVNxPl1WQm8EgBQMr35dT6wrkhmnovZCSqmojoKujng', '2022-12-09 21:35:21.498075'),
('uhnm1uzm5eup2qq1gxoq4ro973l1zm4z', 'eyJ1c2VyX2F1dGhlbnRpY2F0ZWQiOm51bGx9:1pIQAt:BHvysNFv0teCinlR7Zl6eUS7XUOid015XFMzNr4cdN0', '2023-02-02 08:21:31.750967'),
('ujf67p6gwikxnvutklne00fr5rdbqmru', 'eyJ1c2VyX2F1dGhlbnRpY2F0ZWQiOiJ1amY2N3A2Z3dpa3hudnV0a2xuZTAwZnI1cmRicW1ydSJ9:1oy5Ci:BxDvW7ZYOSPhhucmAcNG2sgWcWH5m-psJ7wEup7Bq9Q', '2022-12-08 05:55:20.315078'),
('ukgbpai6kzaby1b9slrdtyiznb306ns0', 'eyJ1c2VyX2F1dGhlbnRpY2F0ZWQiOm51bGx9:1pCYtQ:x24hH-WCUi42ZypNEYnu5mQ6n_GEgqTNwvXjxqYmOYM', '2023-01-17 04:27:16.931762'),
('ulu23faxevx5o8nlchcrnb7h492k1m43', 'e30:1oskwZ:Kx0WYHS-2cwRLBFloplWXGSm4PGcSAwkVO4Q4RbKrZc', '2022-11-23 13:16:39.641633'),
('ulxjcw09azf15e1xlv5rfsjcrjb5neow', 'eyJ1c2VyX2F1dGhlbnRpY2F0ZWQiOiJ1bHhqY3cwOWF6ZjE1ZTF4bHY1cmZzamNyamI1bmVvdyJ9:1pDOfq:0PfbbHX-YWtEqWvE0yeVZ3itqPkULxTGmcVOGwqmc2w', '2023-01-19 11:44:42.490302'),
('uormgvz7ia8yghhfiw2pg7fqay9tv29m', 'eyJ1c2VyX2F1dGhlbnRpY2F0ZWQiOm51bGx9:1oypGN:-yCw10he3iyf841vu9Q2Qyd1NrfYDKjHx9jRhIiaJuI', '2022-12-10 07:06:11.401152'),
('uottyygctmeod76yhqx2iicd7mlsbvy9', 'eyJ1c2VyX2F1dGhlbnRpY2F0ZWQiOm51bGx9:1p6AGE:a-xBDBPQ2L2RU7cIyNOpvroVtbhGiwxS6yF7NHruyOM', '2022-12-30 12:56:22.522387'),
('urhk5j6t6x5egszuth5bkp7ej8op1f7x', 'eyJ1c2VyX2F1dGhlbnRpY2F0ZWQiOm51bGx9:1pAovr:bnQJWcecSTXkD19QmI0_NOSlLPrEyZlRzkknutWKwAY', '2023-01-12 09:10:35.169784'),
('usqvqugmofh2hn4vw871y15l70mupvkw', 'eyJ1c2VyX2F1dGhlbnRpY2F0ZWQiOm51bGx9:1pBYhG:9Y0oV68mm2Cj0Ppy8Bd15g_g4aUgPXQWf43z7h5hoOA', '2023-01-14 10:02:34.246376'),
('utzf1b2pfvaonxx9b1alyu4e92q68sq3', 'eyJ1c2VyX2F1dGhlbnRpY2F0ZWQiOm51bGx9:1p9ndF:fvBRNkrcmlqZvDdfbF5zhLzm0Su1GgP17GdJHM2O6nk', '2023-01-09 13:35:09.050457'),
('uu1eu6bjpb86x1aihi0dli7k3pec6l0x', 'e30:1otXAH:aoFIXg5KnoWpNmdT6EJ0uB8_SXDYBnSOvixMzEM4VN8', '2022-11-25 16:46:01.842244'),
('uvulcumb14m8fgot27hslqraw6vjqp0g', 'eyJ1c2VyX2F1dGhlbnRpY2F0ZWQiOm51bGx9:1pIiRV:QIwmU7M6YejK-YqFHN2y_fKcd523WQxdxwSNnSBmwcI', '2023-02-03 03:51:53.554417'),
('uz4afsj3xasm2lyrfvhgoj6nakwsnr6x', 'eyJ1c2VyX2F1dGhlbnRpY2F0ZWQiOm51bGx9:1p5kQJ:ItZ2D1ZsgG9wazCFWaUjnq3Wv_kjuuFxEN8TOH4FZoI', '2022-12-29 09:21:03.250715'),
('uzupmgwujpm4xxcmntb61eqilg03f4ub', 'eyJ1c2VyX2F1dGhlbnRpY2F0ZWQiOm51bGx9:1oxjpV:EF-NnAVfoILLc1_IAmnqTZfKcL3vTiw1t5NRaWUh-eo', '2022-12-07 07:05:57.776765'),
('v23dmpluh01fuhd3mzy8y2814jzgmwd4', 'eyJ1c2VyX2F1dGhlbnRpY2F0ZWQiOm51bGx9:1oyQbU:5AKdHiQN-QjPNWUA18JJ0bJlT25hIloirFMuVUHnk40', '2022-12-09 04:46:20.898143'),
('v2ewplautv0yt5cjpmeaep0vop9cu4ec', 'eyJ1c2VyX2F1dGhlbnRpY2F0ZWQiOm51bGx9:1p3KiP:rAS40-byE-9vuM2kPL5E3-jmrFuULg2ok6P5BNGVM_Q', '2022-12-22 17:29:45.665419'),
('v5vn4j593rp2ttg67dwxp9q2weli96ns', 'eyJ1c2VyX2F1dGhlbnRpY2F0ZWQiOm51bGx9:1pGW4d:I39aZUoqJ9fielgUCAiWEoUWf_F0KOcNZuyoB52OgHE', '2023-01-28 02:15:11.705245'),
('v7ukhslz3qr6r99kkvx1e9ky7912m6a2', 'eyJ1c2VyX2F1dGhlbnRpY2F0ZWQiOm51bGx9:1oxXHQ:ZUHXk7sG45PJUAsNF-Z6LKtm0SBzW5SJVqnE9XdxEVk', '2022-12-06 17:41:56.029339'),
('vbmuzv9eu305cqeoalc9ss51nlx4vvou', 'eyJ1c2VyX2F1dGhlbnRpY2F0ZWQiOm51bGx9:1p5gNb:zvKvwx3mDj_KjMPvbuju7N1lDP3-FQga_bkk1I3PEY8', '2022-12-29 05:01:59.101412'),
('vc4ka0danc2sy283769mm73x63vxtvqn', 'eyJ1c2VyX2F1dGhlbnRpY2F0ZWQiOm51bGx9:1oypGC:_xEtSbtidzGKemj5P35CuQoZmrOMWer_lGrFQVx4K3k', '2022-12-10 07:06:00.383758'),
('vev0hx8515i2pyvbazqilkr4kb0jo8qb', 'eyJ1c2VyX2F1dGhlbnRpY2F0ZWQiOm51bGx9:1oygNj:mNpJwPWBOWBq9xY4YR9PTwWFQmUnT-baa9NrRSAuzLY', '2022-12-09 21:37:11.371589'),
('vispug4o4f4gl2ud22qydi6e1moz52tv', 'eyJ1c2VyX2F1dGhlbnRpY2F0ZWQiOm51bGx9:1pGzi9:SnYzPzqJ8P6ZG854SZxwB6bbM44klRtdVTGEpR5N5nA', '2023-01-29 09:53:57.032667'),
('vjd84y1h4xxhqmc8uk5m9fmq47fh1qke', 'eyJ1c2VyX2F1dGhlbnRpY2F0ZWQiOm51bGx9:1pAYyn:BrdjppwH51x3jZbdjqhg2oqxji_MpJOGwag2JJBS_Ac', '2023-01-11 16:08:33.349539'),
('vjkl1u9s01g9gd7xvz1tt0vvkkusmqwd', 'eyJ1c2VyX2F1dGhlbnRpY2F0ZWQiOm51bGx9:1oypGK:jCYrH5MOgrVTOPVfOTuNJlGhx1RqIVfZv111fo4lmPw', '2022-12-10 07:06:08.334848'),
('vma3j1atv5g1ivnw114b5tfq6u5c4omu', 'e30:1ol0HU:GS2JQQfR7o_mNW4uYosCA2G_KOjq6BKi9G6t8YKCvPo', '2022-11-02 04:02:12.759000'),
('vmft0e068ewegoi29fp23qeqgaiggg37', 'eyJ1c2VyX2F1dGhlbnRpY2F0ZWQiOm51bGx9:1p3KhA:jgkfv7vyfYPvuE80oWORoFZB0YmcW1hJZggtd-AMF4s', '2022-12-22 17:28:28.927277'),
('vmpzqsopvbux468t2hdi4fib3qrzqlf8', 'eyJ1c2VyX2F1dGhlbnRpY2F0ZWQiOm51bGx9:1p5giK:PM4dG6CoBsMdkh3DDOjhxn_jerW_ZM7dSxSTP7Sl_wE', '2022-12-29 05:23:24.904113'),
('vnhrfwfyjxaz77hoy4f0nov31s29kwpw', 'eyJ1c2VyX2F1dGhlbnRpY2F0ZWQiOiJ2bmhyZndmeWp4YXo3N2hveTRmMG5vdjMxczI5a3dwdyJ9:1oxCkv:okD95YcaXSpnl9bDLNpA9n3KC0K3H7Rih_Mw7M8RJrQ', '2022-12-05 19:47:01.712212'),
('vor7m36wkch0woy12qzpdq35eye2dcjq', 'eyJ1c2VyX2F1dGhlbnRpY2F0ZWQiOm51bGx9:1pE9vw:f8HSkZD7Wf-lWxZsMsAc5uj-FPumlIoHkMoIAb12iyM', '2023-01-21 14:12:28.408548'),
('voxzkbpcmb8aq4vpawtf3diefkw22be1', 'eyJ1c2VyX2F1dGhlbnRpY2F0ZWQiOm51bGx9:1p28h0:jM_eVe4GPO-2OcCrx-5Vygd8bm87RMa0mvUtowb_9jA', '2022-12-19 10:27:22.962195'),
('vpmhfmwjenxwfgqslhmfduryer0l53nj', 'eyJ1c2VyX2F1dGhlbnRpY2F0ZWQiOm51bGx9:1p6b38:gA5xjTX1C37APOnN_whOXfS8TG_sV7Q15kSxhMHJI2M', '2022-12-31 17:32:38.872409'),
('vq39o54bd27o9grl15ypqqejjvnh3k6w', 'eyJ1c2VyX2F1dGhlbnRpY2F0ZWQiOm51bGx9:1oxoh8:4SnAXW48Y_eOK4LCXtEOx4xdVlpvPSN3c3C-XGnb690', '2022-12-07 12:17:38.722943'),
('vqlaebum1uorinnilooi90vkorzd7xhx', 'eyJ1c2VyX2F1dGhlbnRpY2F0ZWQiOiJ2cWxhZWJ1bTF1b3Jpbm5pbG9vaTkwdmtvcnpkN3hoeCJ9:1oxCVL:MMXjI6Zb8JT1E0YaENZSYWRsuQtkgIU0NNLs2R3lv6s', '2022-12-05 19:30:55.870740'),
('vqtkkzzrkk7ku9unpqfd1gz3mwpexs4f', 'eyJ1c2VyX2F1dGhlbnRpY2F0ZWQiOm51bGx9:1oygLr:_V52cTqyYwHCNUbzxTGWVNOBDBiu5cHhKo6BciRooQk', '2022-12-09 21:35:15.803287'),
('vslt9y5v6zjwsognq8ux2jeu1foy38ay', 'eyJ1c2VyX2F1dGhlbnRpY2F0ZWQiOiJ2c2x0OXk1djZ6andzb2ducTh1eDJqZXUxZm95MzhheSJ9:1p6b1y:yr7ReW-X_H5yRY7ZfeEhFKsOOSf0jeqpEb--KWe7sT8', '2022-12-31 17:31:26.115403'),
('vte4cjev7flp9ywcposerm9doic58mep', 'eyJ1c2VyX2F1dGhlbnRpY2F0ZWQiOm51bGx9:1oygM2:KKdjDtu3F5KMcoxC7XeoCyf_02Lu4JngCqP1JKIQ4Yk', '2022-12-09 21:35:26.222233'),
('vvz5siyeih8jkvswl779763chgp0hjjf', 'eyJ1c2VyX2F1dGhlbnRpY2F0ZWQiOm51bGx9:1oxCbq:iU_f3N-lwazIDS0UaMG834MY5jD8SjnQV28CBCFaD2E', '2022-12-05 19:37:38.853049'),
('w1othky96uwts4dhodxh080py7s1gk26', 'eyJ1c2VyX2F1dGhlbnRpY2F0ZWQiOm51bGx9:1oxD7R:Bw9AEUbRR7Wn5ludD-fAnqsn6wqWlF2XyV-yjM9-hmw', '2022-12-05 20:10:17.844613'),
('w3313u50x2yk7vljwrltsv6svq5op6ki', 'eyJ1c2VyX2F1dGhlbnRpY2F0ZWQiOm51bGx9:1p8RuH:Tj1Zbvmz51CdtH2m4_v8yMSo_8k3FA1QwZLiqft4-cg', '2023-01-05 20:11:09.571111'),
('w4bvgdglpwutuwe8cjuix3yii6pgpqeg', 'eyJ1c2VyX2F1dGhlbnRpY2F0ZWQiOm51bGx9:1pAP7j:4y7HFOiWrnXH1xixe1LpvVkSVx6vpK0JLmnf8uHZmUY', '2023-01-11 05:37:07.930960'),
('w529empgccxr14iixliva0l3bnmh915k', 'eyJ1c2VyX2F1dGhlbnRpY2F0ZWQiOm51bGx9:1oxjGC:SjepxxT3FF7lOct-7jkR8jJxMRvgxrwblltTaGgZkf8', '2022-12-07 06:29:28.377006'),
('w5bacyjh0ow73unraae4zqpfhvmj2kek', 'e30:1owyVf:ihhLD3BIt9X8MFNssyR7MwtqkWsH5xIWguqiigb8YDI', '2022-12-05 04:34:19.088621'),
('w8epujxvuh4r7hjox4ddc85y4vqxw5p3', 'e30:1opqct:leCb0kCPoHCZmSenP7Q22ia2lSEyfeKmoLxbIWVmX7A', '2022-11-15 12:44:19.988127'),
('w8s7p1tvredkpcdhsfxt2z0svy5749j7', 'e30:1opqkN:0HrExKJ4GAq6UfUqpMUg0m00WCFlWuVixuSrSe9zYqE', '2022-11-15 12:52:03.620140'),
('wadu3tx27rlgtfh0c94uq1phlb08u1dk', 'eyJ1c2VyX2F1dGhlbnRpY2F0ZWQiOm51bGx9:1oypGF:gZ7JnPK9ntVDBJeYZPNrHLKzt6qKjMZwoGjqmnjpBz8', '2022-12-10 07:06:03.641061'),
('wd0fz5xyrjr3znq0wc5d9zdb02sktp25', 'e30:1opqhL:pkYVSi4hxrsRzhZMsRaIIhJwKEg5qS1phCq3Rx6gko8', '2022-11-15 12:48:55.862563'),
('wefvdtcu66nwqee9lujiogh3nvirqx72', 'eyJ1c2VyX2F1dGhlbnRpY2F0ZWQiOm51bGx9:1oypHJ:_T72MnZZE2VJaCk5vplyg2n3R1wPUhVwAhG_OgayNOs', '2022-12-10 07:07:09.983256'),
('wfuj8x11d2puxeb1m1mk9ln0vhoohl3z', 'eyJ1c2VyX2F1dGhlbnRpY2F0ZWQiOm51bGx9:1oxD7S:XL2-hcjNWbxUqusxE3K-srPLekzQoy0ibm1xp_E_adg', '2022-12-05 20:10:18.968068'),
('wg0bhk54g9jlhcp7zaz82mi6pxcjyqz7', 'eyJ1c2VyX2F1dGhlbnRpY2F0ZWQiOm51bGx9:1pBXYh:GglfmwW4zrDax3aHrt35_Nu9XzdO3TtuLqNs_EWK86I', '2023-01-14 08:49:39.064119'),
('wkjuh7y40whgs4f59rodmp9ddybdsxu7', 'eyJ1c2VyX2F1dGhlbnRpY2F0ZWQiOm51bGx9:1pIQA2:Gp_sy3OdYG6o9BBum9-FgMLXkS2NAxd8qEPWNWP9mpk', '2023-02-02 08:20:38.311015'),
('wlqlrzb4z6nwoz34gw29kzsctjaexybg', 'eyJ1c2VyX2F1dGhlbnRpY2F0ZWQiOm51bGx9:1p3Khz:MMKDVMOqkFpH39Zv98CuYAwaG--b04btAynhi3Q8oG0', '2022-12-22 17:29:19.929720'),
('wnzhtvag9anw7716h3nr3rdszgsf23qw', 'eyJ1c2VyX2F1dGhlbnRpY2F0ZWQiOm51bGx9:1oxoh5:a7GcBrHi-VWD3moScKqvTSvETadXpotLzdBYs90LOBE', '2022-12-07 12:17:35.181536'),
('wq1uou4wqppftbmpequinpiwqzae79xl', 'eyJ1c2VyX2F1dGhlbnRpY2F0ZWQiOm51bGx9:1p7gOx:dglHLKk3fuQysvsd6e87PQhFRCxqao-RF302Vriuge8', '2023-01-03 17:27:39.975002'),
('wra7kqts40hrjwd1irdrljs0h7r7mrxy', 'eyJ1c2VyX2F1dGhlbnRpY2F0ZWQiOm51bGx9:1p1FVA:txD19Lq6hEzNEJOidrF883aNCBC2d_mo1RBMa73Rsjo', '2022-12-16 23:31:28.535015'),
('wtq7vzl7yfoxtcmla22ab82b0pqoasmq', 'eyJ1c2VyX2F1dGhlbnRpY2F0ZWQiOm51bGx9:1pFPLR:HU3DMnsmSntlAG3lvTF2RUMbl7kSKRR0mFHqxaFL7l8', '2023-01-25 00:51:57.939545'),
('wuaojswosujwzp6stdwxs3dpdz05imr3', 'eyJ1c2VyX2F1dGhlbnRpY2F0ZWQiOiJ3dWFvanN3b3N1and6cDZzdGR3eHMzZHBkejA1aW1yMyJ9:1oys1G:MMQfZ53IzIfEZ_q3hFTiUMkBsDZPeHYoEqCBCDQ0Oh4', '2022-12-10 10:02:46.542820'),
('wvdxhl4alwouvm5unps45r9gkidep5vm', 'eyJ1c2VyX2F1dGhlbnRpY2F0ZWQiOiJ3dmR4aGw0YWx3b3V2bTV1bnBzNDVyOWdraWRlcDV2bSJ9:1pISCq:ZTr6cI8WjngPYMx02PvFPJS3neIULFMUJSWOloZldcc', '2023-02-02 10:31:40.655701'),
('ww17pkxoy3mkxp5ykisbeako3ktg2lxr', 'eyJ1c2VyX2F1dGhlbnRpY2F0ZWQiOm51bGx9:1oygLT:EIKYDYmptorYkXyXAOBAkeBGzKumAmCVKUQo3sQdQ4A', '2022-12-09 21:34:51.356518'),
('x0cf7rdaacg06c40xkyagmjbkz8yjacl', 'e30:1ovtX5:mcVkdjEC-vldquibkPy1a4dsnnaM3T_xOJQhuVYjuGg', '2022-12-02 05:03:19.171257'),
('x1alp1hdtsb1dfamdm1djarn2zn3ymfr', 'eyJ1c2VyX2F1dGhlbnRpY2F0ZWQiOm51bGx9:1p4Sls:jn5he3S5yPPnUqpplLJ31-iCVJOKpCU_ZET_DzZLmS0', '2022-12-25 20:18:00.877370'),
('x34v4y1wli36asar12ntyua0phqw0sl4', 'eyJ1c2VyX2F1dGhlbnRpY2F0ZWQiOm51bGx9:1p1FRq:_rFJ71-N6P9oEeTClhRUYuNeRzvRdH82S0eCkdDsoKc', '2022-12-16 23:28:02.465754'),
('x3jqiymware3rizuignlat9nrd8e5oxj', 'eyJ1c2VyX2F1dGhlbnRpY2F0ZWQiOm51bGx9:1p3KiD:CSd3EQru8DW6m0HTXwWc_XUnG0aHLGRdXn7GrTvAcAQ', '2022-12-22 17:29:33.682695'),
('x3n47jz4n54binj14o34y3mzn64cvb5j', 'eyJ1c2VyX2F1dGhlbnRpY2F0ZWQiOm51bGx9:1pIdAo:ikAUKVO5cfWw504BDyl9FwOmVrApF_Rv6BHmzhk_1Vg', '2023-02-02 22:14:18.817153'),
('x3r73fml61oej6p3yb965ld8mgvsiofl', 'eyJ1c2VyX2F1dGhlbnRpY2F0ZWQiOm51bGx9:1p44PL:V9TmHQIDxM08TE8zKkXs2E-9uQZlfAseXxLt405QIzg', '2022-12-24 18:17:07.119461'),
('x74vg9zus6ptbpm4h0e5b5e34whrivql', 'eyJ1c2VyX2F1dGhlbnRpY2F0ZWQiOiJ4NzR2Zzl6dXM2cHRicG00aDBlNWI1ZTM0d2hyaXZxbCJ9:1pIWAv:Wrldu2N5JBf7E1rCuN1-Wbrhj0iAL8YGfjXYwZL4Vlo', '2023-02-02 14:45:57.339604'),
('xa78elry2cul46qvkj8wajdvfhdwkcmx', 'e30:1orymc:VTOqp1hXFwlEXzQm3HRaihUo7cpEszmMpVGzWBjZOwA', '2022-11-21 09:51:10.499014'),
('xan6j15m1pl0siv96eiqk18oxdqb1cib', 'eyJ1c2VyX2F1dGhlbnRpY2F0ZWQiOm51bGx9:1pA8vl:NfW6QdHGKOWDmZDRGdg-yuDc5lYWnNPJF6UfWwGyLJU', '2023-01-10 12:19:41.210584'),
('xb0bv8zk46l0bnyh3g0qt4xgqxdqimsp', 'eyJ1c2VyX2F1dGhlbnRpY2F0ZWQiOm51bGx9:1pCC1D:_z7XWgV9Y3Ouzc4rpfKCfnC4WWJsrs7zrmdPiK5XPt4', '2023-01-16 04:01:47.245907'),
('xdhb4whbff544ancsmewkn4ozojnfqdo', 'eyJ1c2VyX2F1dGhlbnRpY2F0ZWQiOm51bGx9:1oygN9:yfPo-4-O8aSooV60LPdT_kEqa-oNOjrXQ9MXPWvMdIE', '2022-12-09 21:36:35.801585'),
('xe7794krf3loc68q085c9am7wp3e7jhd', 'eyJ1c2VyX2F1dGhlbnRpY2F0ZWQiOm51bGx9:1p6oMB:Z2ptXoq_CH6p33T7n4dGYVx5xZJwy7rdPVOMZ7nNYxo', '2023-01-01 07:45:11.982924'),
('xf406hrhfpniilpam5cwsh1u5x7w2vyi', 'eyJ1c2VyX2F1dGhlbnRpY2F0ZWQiOm51bGx9:1pIQ8W:Okgs8OzoDVIHEegh7sbidbfwbsBRbPByMxpZsn0IAfI', '2023-02-02 08:19:04.195061'),
('xfvzl6tcrgh29n8u0yhj71mkb88uecti', 'eyJ1c2VyX2F1dGhlbnRpY2F0ZWQiOm51bGx9:1oypEZ:SB3A_drmS_cMyE93wdvEcRdWbOCRZ8YnzANIsxq-_N8', '2022-12-10 07:04:19.548362'),
('xh1543s9hhhbyp52byzorfh2qfailouv', 'eyJ1c2VyX2F1dGhlbnRpY2F0ZWQiOm51bGx9:1oxogL:_kr53Gb3t3vmVHFuy1bb2bBbUZBfIPD7BZ4B2uiLVv0', '2022-12-07 12:16:49.228760'),
('xiu5ro9f70nmhz5bihsfqs8wxiekiahl', 'eyJ1c2VyX2F1dGhlbnRpY2F0ZWQiOm51bGx9:1pEN6C:ZvCRx1MqNA-Ofh33bIP2CLVBEwVNw---BtrpxsTI-AQ', '2023-01-22 04:15:56.727122'),
('xjanrl6j5anav5tghvu9fdmcwn3m0upt', 'eyJ1c2VyX2F1dGhlbnRpY2F0ZWQiOm51bGx9:1p010h:Lyk_klF0Ut9KGUaoJ2No8murwp3j7AjVArESKq87FNs', '2022-12-13 13:50:55.173560'),
('xl702rg5bngaa2xhjq4hlb4xezuna7co', 'eyJ1c2VyX2F1dGhlbnRpY2F0ZWQiOm51bGx9:1p1nIN:xQmWpscqCidQF4fNgRCuSG9C9Le2JBxipQJWEFKmUO0', '2022-12-18 11:36:31.282467'),
('xlodkrchh9970low33bwg9g4gccj25mo', 'eyJ1c2VyX2F1dGhlbnRpY2F0ZWQiOm51bGx9:1pGF4N:O9VHHrT6OYZjFrhXlpGuG2YfAUx1-8kKGtvepWZb-50', '2023-01-27 08:05:47.203043'),
('xmnc3bqszjdo6wbepr0p0599atcxlxcj', 'eyJ1c2VyX2F1dGhlbnRpY2F0ZWQiOiJ4bW5jM2Jxc3pqZG82d2JlcHIwcDA1OTlhdGN4bHhjaiJ9:1oxCXZ:7y0HsXilRP0c4rsYBRO4cRfZ_pNA3hWUJVX1vwH4eqU', '2022-12-05 19:33:13.243553'),
('xn9h7iloeta2e5ahdqun9l8gg67s4h52', 'eyJ1c2VyX2F1dGhlbnRpY2F0ZWQiOiJ4bjloN2lsb2V0YTJlNWFoZHF1bjlsOGdnNjdzNGg1MiJ9:1oy4hx:cxuhYTyDgykVAu8f4oEPUdVxHJYmkzEvRJ7R_2kxSCU', '2022-12-08 05:23:33.679617'),
('xngayacb52qkelyqi8y8vd57903p5rui', 'eyJ1c2VyX2F1dGhlbnRpY2F0ZWQiOiJ4bmdheWFjYjUycWtlbHlxaTh5OHZkNTc5MDNwNXJ1aSJ9:1oygLi:SsLAcPIATRFaOhBbVlJKEMhTXLbWf9pSJ9D9A4FqyVQ', '2022-12-09 21:35:06.825116'),
('xqhpsp9vy6fnz5z3xuqih18mu8166h5r', 'eyJ1c2VyX2F1dGhlbnRpY2F0ZWQiOiJ4cWhwc3A5dnk2Zm56NXozeHVxaWgxOG11ODE2Nmg1ciJ9:1pHwMv:M8N_weHaEYvjE5JIBZcYtOI5QvXEIelcrAclb0oS4AA', '2023-02-01 00:31:57.026143'),
('xun8nw2n6dok9fz9tmsqr6gd7qkw86r0', 'eyJ1c2VyX2F1dGhlbnRpY2F0ZWQiOm51bGx9:1oxGWe:79ZsJ4smyuaKloBefvNb1wMZnH33l1A_IaUnqWNMADU', '2022-12-05 23:48:32.155447'),
('xuzghyt19b2ymxjai6s4q790xlsrozwj', 'eyJ1c2VyX2F1dGhlbnRpY2F0ZWQiOm51bGx9:1p3KhC:ppkdzl0LenWiNj4CrPZkBquomKroHTCrQVnKSEw_P_s', '2022-12-22 17:28:30.954688'),
('xwcdroiodn7g47c8ergfkkkxktzfg52j', 'eyJ1c2VyX2F1dGhlbnRpY2F0ZWQiOm51bGx9:1pIAVa:WoiRf6wQBflQyB_67hOc0NJxQiES2G9iKAka3-qSKUE', '2023-02-01 15:37:50.107961'),
('xytgycw64gau4o85ac8nxli4hwo81vqm', 'eyJ1c2VyX2F1dGhlbnRpY2F0ZWQiOm51bGx9:1p3KhE:axvyMJ3LpT8EbbWAB7g1yCtHo3AtklxAn5pohglD1xc', '2022-12-22 17:28:32.448383'),
('xzslpfi3eio7xjzci6unnxx1ok9kd998', 'e30:1opVEl:TDf7EjUEaOMkg00ReEN9r2nR3YGXhVYcy74lXuGLkhE', '2022-11-14 13:53:59.113000'),
('y3lrrggubqsolsk9ucl1rz15ahvll38y', 'e30:1oqAH3:jVXlUaY4e7BqT07znl8XA0svuZo-eju5SLD7QdKitIU', '2022-11-16 09:43:05.417068'),
('y5ogykejefws5ac3jkyipivwqo7krwua', 'eyJ1c2VyX2F1dGhlbnRpY2F0ZWQiOm51bGx9:1pAATb:YnQe-2anUVEoZVeViA1WSh_9rW0c-tWbjAknNB6ZagE', '2023-01-10 13:58:43.932575'),
('yb0qxwwa78jwwesbguubtfqvk4armcr1', 'eyJ1c2VyX2F1dGhlbnRpY2F0ZWQiOm51bGx9:1pAtA2:8rWrTfzxQeTqhSkZXHMc4zwXBZoA4DogcaSZuINeEQM', '2023-01-12 13:41:30.839580'),
('ybacppahet8caa33quo388l1k9eddja8', 'eyJ1c2VyX2F1dGhlbnRpY2F0ZWQiOm51bGx9:1pIQ8b:kBVHZh8Y0jAvyQdmBZTRWR-Z5W-Io9gEijcbL38Wctg', '2023-02-02 08:19:09.076225'),
('ybp4zxud2ku16f8zeyutohxf10mk6v48', 'eyJ1c2VyX2F1dGhlbnRpY2F0ZWQiOm51bGx9:1pDXcb:SoKnOzEOROsZdw-qQFeV44BUju6rq73q4rWgOWyLC9o', '2023-01-19 21:17:57.646899'),
('ycbqzxih3bdw8kxxucqy2t6huqef68ye', 'eyJ1c2VyX2F1dGhlbnRpY2F0ZWQiOm51bGx9:1oygMz:5hfhS5W5_BorpoC-G5NgJQauLSxVQDrw6PUI_LpyIrg', '2022-12-09 21:36:25.779562'),
('ye3dgt0h46m8bk55cixerhmbpwg4vfeb', 'eyJ1c2VyX2F1dGhlbnRpY2F0ZWQiOm51bGx9:1ozgDb:hIPkttOsyjzFL7InZq_EwxVCUcjlLtozKne3UhRSDoo', '2022-12-12 15:38:51.284108'),
('yf4fv6od99mpcaqbdx80chdh8i3rmnjl', 'eyJ1c2VyX2F1dGhlbnRpY2F0ZWQiOm51bGx9:1oygNK:rPAtA9QDJoFga2wol2GtCbKKa7-zU9VJQSRX48KJEJE', '2022-12-09 21:36:46.064671'),
('yg1pb2uyg2kq7ryk4yhawn0vr1mtgo8p', 'eyJ1c2VyX2F1dGhlbnRpY2F0ZWQiOiJ5ZzFwYjJ1eWcya3E3cnlrNHloYXduMHZyMW10Z284cCJ9:1p2c0k:2dbqrJQdDjqi3xImIYLC2lJzt5EJbfbfSkn8I7knkcQ', '2022-12-20 17:45:42.924641'),
('yi6e7foda0wkl2gipzb63e3pz4iyneqy', 'e30:1opUts:XufrASCSCTtNakjAPgR2tIbKXrlQeCFj7v6CUqxR35k', '2022-11-14 13:32:24.174000'),
('yifyv5w5qfkmty6x3w4xg38dy8b2e24m', 'eyJ1c2VyX2F1dGhlbnRpY2F0ZWQiOm51bGx9:1oxD7S:XL2-hcjNWbxUqusxE3K-srPLekzQoy0ibm1xp_E_adg', '2022-12-05 20:10:18.877227'),
('ylm91z83vq43zi2rvl9cp2mcigwfzsd0', 'eyJ1c2VyX2F1dGhlbnRpY2F0ZWQiOm51bGx9:1pIhCL:EJDk7rz46ByAGfVJZpNf_xRWdgZyG9jfzTVeF9yCyak', '2023-02-03 02:32:09.263543'),
('yp5f7e095lmkc52eb6yenflqf0aq4x8m', 'e30:1oqxLF:pVU7GXxM5RGpkm70bV_5bKYFnVjHOc_Ta0ycPEug0Bk', '2022-11-18 14:06:41.910538'),
('yq9tb1a3sb9nfprcxqosmaywmj0b8sb7', 'eyJ1c2VyX2F1dGhlbnRpY2F0ZWQiOm51bGx9:1p17iG:3I-JX_C68ZSfEPMVD5TJtFK0oNR6NntBWzCnIgij0b0', '2022-12-16 15:12:28.227980'),
('yqdg2w28y37utr4ncbc4uk7x663q5tn7', 'eyJ1c2VyX2F1dGhlbnRpY2F0ZWQiOm51bGx9:1pBXZ6:kC7wEVXi3Mn-aP30ZWzJclAQ6tqVYAh7gyBVE0fO7kM', '2023-01-14 08:50:04.330871'),
('yqo0txhypanr8tdxkumduir8tfn4516l', 'eyJ1c2VyX2F1dGhlbnRpY2F0ZWQiOm51bGx9:1pAtBm:DohlmliO89OC2EfaDdahS8bnR-BMax1TwNqftwxduzM', '2023-01-12 13:43:18.798397'),
('ywrmp50huj06jdrkbl3p3u9fg0dqgs9c', 'eyJ1c2VyX2F1dGhlbnRpY2F0ZWQiOm51bGx9:1p1nIO:SSS4tMPETDWQ0k52c_TO1jCF2pTVLW5C6sIRsjYWisk', '2022-12-18 11:36:32.113930'),
('yyv5itx5iytck5snxnlj0jgm0sokfk8m', 'eyJ1c2VyX2F1dGhlbnRpY2F0ZWQiOm51bGx9:1pCCfY:UxSUao9KXD1z5ZTQMugbPdasrx0RY7fcYiJfdeLDbAk', '2023-01-16 04:43:28.747555'),
('yzc67abn7gesm0bd849pbraxrqgqo645', 'eyJ1c2VyX2F1dGhlbnRpY2F0ZWQiOm51bGx9:1pIQKq:8SX0TnTKeqQGhIJ0QUJug9HWRyw6nWzs5o574FDMKDA', '2023-02-02 08:31:48.343841'),
('z01coybrwhfm91m4v420wizf0ap6h60s', 'eyJ1c2VyX2F1dGhlbnRpY2F0ZWQiOm51bGx9:1pAATq:yM2Nc_-2l3AFYJkQl5VSjYoZZH02XE5Tjbn9ftiZYqQ', '2023-01-10 13:58:58.009757'),
('z0nbbduzwpxagwwukgs2rbg9x62q9sxl', 'eyJ1c2VyX2F1dGhlbnRpY2F0ZWQiOm51bGx9:1pIrNs:NYp0N-Wj5aW2qSuq27Ouym_Ur4q7G0lIwXXQ5Bsd46Y', '2023-02-03 13:24:44.054050'),
('z1exs851fnlh10na3qh4yrilsdmeul82', 'e30:1ox5Ye:nx0GLtvp0-qqkFhhu57MXsK3xXKUPAMyaC3QuMf962E', '2022-12-05 12:05:52.148220'),
('z1hgyg0mf353a4ojt2gwq87kgakonaln', 'eyJ1c2VyX2lzX2F1dGhlbnRpY2F0ZWQiOiJ6MWhneWcwbWYzNTNhNG9qdDJnd3E4N2tnYWtvbmFsbiJ9:1owyt2:yCDNfTXqocd4t8FkWa1C8Hv9tLuxE1cUjjL7ViYJNH4', '2022-12-05 04:58:28.752958'),
('z2l8vz00s81ikkux0kar2l4gnlqszhsi', 'eyJ1c2VyX2F1dGhlbnRpY2F0ZWQiOm51bGx9:1pIw4u:YKr_fBnO6XB1rvGm6jQxgdQfKgeFkeFJ97zVezufhjQ', '2023-02-03 18:25:28.169487'),
('z3xyaocb2grni9k3kgflr3fj7p28olji', 'eyJ1c2VyX2F1dGhlbnRpY2F0ZWQiOm51bGx9:1pIQKp:0q16nVJwTOzwQfki3knqZnAVREJqnOYqhFKPWX-x230', '2023-02-02 08:31:47.870901'),
('z4h1w51clcm6rhg1v4atq9d4kfnly4pe', 'eyJ1c2VyX2F1dGhlbnRpY2F0ZWQiOm51bGx9:1p3KiB:wCrkW8qEkjI1BoV6Loc7t6qzK-5dageNssmx1nikvBk', '2022-12-22 17:29:31.067375'),
('z6grftqtl6y47prbwedhqy1rwcczw37n', 'eyJ1c2VyX2F1dGhlbnRpY2F0ZWQiOm51bGx9:1oypH5:2kqaMCtXpeUH_WrP3pmNuwMuDlIVXam44boBzUwhmn4', '2022-12-10 07:06:55.899436'),
('z6t4u8zrgsarsgy8zcgvfeaiei8c9q4c', '.eJxVjMEOgyAQBf-Fc0NEEaGnpvd-g1nYRakKieKhafrvVePF65uZ92XrQnMLa-4p5uAgE7I7m5MbPoWojHp0E4SRuzSxGzu89ijCronrZsENFHeAb4hd2qqY52D5rvCTLvyVkMbn6V4Oelj6rTZWGk_oAUphjSBArZAkai_R140sSTVWV0I0WoBwqCuHRtpKaW2Kmiz7_QG72EfM:1p5S8x:QXoJjgu0HRPiKmNSyj1-zCMLF0mB3pBSM2VAq5qQ_gM', '2022-12-28 13:49:55.445084'),
('z7hzx11vvdkblpfqfq5ni312vuwgwhn4', 'eyJ1c2VyX2F1dGhlbnRpY2F0ZWQiOm51bGx9:1p3KiC:mTsh6EqK-JlL03DXs8aOZfQ79hQcWZ8VkgIGhAd0vJ0', '2022-12-22 17:29:32.345252'),
('z888h4u8ble1xvld24um4qinyxlta84z', 'eyJ1c2VyX2F1dGhlbnRpY2F0ZWQiOm51bGx9:1p3KiB:wCrkW8qEkjI1BoV6Loc7t6qzK-5dageNssmx1nikvBk', '2022-12-22 17:29:31.717440'),
('z93ho1mbmk5kskdbwe1gbgsweld14hdr', 'eyJ1c2VyX2F1dGhlbnRpY2F0ZWQiOm51bGx9:1pEBkx:Khp8b--NEhBrpW489EkTIFCg7phqLIFdQu5dBwaVr_o', '2023-01-21 16:09:15.670877'),
('z9qgzgpqj1pnkzxu693ybu47ny71odxf', 'e30:1otDZr:EZ1HonLIsLtnC4hNg2wuHvRi9cYGTzzJd74xVGI8aCs', '2022-11-24 19:51:07.658456'),
('z9svihnwhke3a0etv9ujtjzn1a4n3ybr', 'eyJ1c2VyX2F1dGhlbnRpY2F0ZWQiOiJ6OXN2aWhud2hrZTNhMGV0djl1anRqem4xYTRuM3liciJ9:1oxPjA:KQpug9CGgyA2k8O_kV5NMLbxTb7A3gsqTV1mSjNkgYE', '2022-12-06 09:38:04.960217');
INSERT INTO `django_session` (`session_key`, `session_data`, `expire_date`) VALUES
('za98xv5jdy5epnfic8ht9h6ojqqevaq9', 'eyJ1c2VyX2F1dGhlbnRpY2F0ZWQiOm51bGx9:1oypGI:0hD2X3KR77byiyJHiRtFXaPlEvH26B28y-gDngZYEbo', '2022-12-10 07:06:06.772452'),
('zaug9h6ipr9bh26zx8cbsx2ugftb3j76', 'eyJ1c2VyX2F1dGhlbnRpY2F0ZWQiOiJ6YXVnOWg2aXByOWJoMjZ6eDhjYnN4MnVnZnRiM2o3NiJ9:1p3hSW:xc0qPit5XdPpvLqggls_kF4sVEBOOlNcOv2YzLdbFHU', '2022-12-23 17:46:52.868531'),
('zaw8mpfxxq99vxxw08odddsx53d27l8a', 'eyJ1c2VyX2F1dGhlbnRpY2F0ZWQiOm51bGx9:1oypIR:fHmBMsRY1e_p1mCImK9FTKL3Aax0ue-xSNZRZfa4iC4', '2022-12-10 07:08:19.701569'),
('zbek1j0dbyfnpo0z8vxuapy3ftsm3t5x', 'eyJ1c2VyX2F1dGhlbnRpY2F0ZWQiOm51bGx9:1p6AGJ:vrGlNTQcXcGtCIvz0Jp4tsV3Tb922mf_KOvs8Jk9V34', '2022-12-30 12:56:27.319123'),
('zbo3cdxl45ijwua05xc6ucn3lbd96iju', 'eyJ1c2VyX2F1dGhlbnRpY2F0ZWQiOm51bGx9:1p3x5U:itfqbHLRBZf6IIYpmMz6zlRAQ1H0Pu0CCFETVTNYmnE', '2022-12-24 10:28:08.786514'),
('zcsk54zhagtnhcvjlyyk22o4yiyrfzuv', 'eyJ1c2VyX2F1dGhlbnRpY2F0ZWQiOm51bGx9:1oxogr:3DnHmTFTB7FmC0-Ao41Wk69rIMjyjfsdR9d4iFNR8Po', '2022-12-07 12:17:21.273341'),
('ze1yxhwdbw283nnhthw2p7s4y1hs439m', 'eyJ1c2VyX2F1dGhlbnRpY2F0ZWQiOm51bGx9:1pCOA8:MqJT4Y8O7iQgAZHqC0hbDwzxHwcUnSKXjt2wzRHBY3I', '2023-01-16 16:59:48.431903'),
('zemh9l4242icge52rlm62uzazozycpo3', 'e30:1ovtO4:Uoo49CmW8IglECWyySdVI9H10w9BBdkx6OZ5u5_XOrs', '2022-12-02 04:54:00.937843'),
('zgkv8358g9n7ejq437pg96n868xz4v6s', 'eyJ1c2VyX2F1dGhlbnRpY2F0ZWQiOm51bGx9:1pASs0:EfRJO0ECTGNq_FeVI6GS5BK2rrqQRcngbPWBJi70D8A', '2023-01-11 09:37:08.881421'),
('zkrgf4eyd9lgccupysrj2itoen697zsa', 'eyJ1c2VyX2F1dGhlbnRpY2F0ZWQiOm51bGx9:1pBXZ6:kC7wEVXi3Mn-aP30ZWzJclAQ6tqVYAh7gyBVE0fO7kM', '2023-01-14 08:50:04.226572'),
('zl4qo2kpjr3q4urytgzdk2b8fm269zdl', 'e30:1ol3Nd:pK2twD8Tupb740koXhNWog-CdzP9RHsiOmV0PpEsVxc', '2022-11-02 07:20:45.972000'),
('zlt1ipybynunt69majpul0aj6dngfk32', 'eyJ1c2VyX2F1dGhlbnRpY2F0ZWQiOm51bGx9:1pIAVZ:xTI_fWfET5WOGP7SRvtRkeANi4TWZPFIOUE_gwWPZuE', '2023-02-01 15:37:49.937629'),
('zlzslj9lkc6w5afhvhtecetgg389lt0y', 'e30:1oqgcs:CNXspueAPJx5U592ZBkYCrTXWRufZdk8ZHroMIsARj4', '2022-11-17 20:15:46.740936'),
('zn0e0sv4t7w3qtdf32in1x7z95w0ia76', 'eyJ1c2VyX2F1dGhlbnRpY2F0ZWQiOiJ6bjBlMHN2NHQ3dzNxdGRmMzJpbjF4N3o5NXcwaWE3NiJ9:1p9OHi:5i8gCW0yun9FBx6Ruf4hj0SK2ElXPhTjgv2JtAZ4-u0', '2023-01-08 10:31:14.590007'),
('zplulllpjwule9mcjaj2006wv205gvph', 'eyJ1c2VyX2F1dGhlbnRpY2F0ZWQiOm51bGx9:1oygNh:cqPMEDGZMR2mgrDl8DTV58eCPvRpgUMxYd3P7jINfXc', '2022-12-09 21:37:09.527030'),
('zpxke5oxotcyhlab8vr64gq88opf92r4', 'eyJ1c2VyX2F1dGhlbnRpY2F0ZWQiOm51bGx9:1oygLV:Xsd-X9uu9gAKnNkPmwAOVS5WcE0GkyD9DbrLbeQPnA4', '2022-12-09 21:34:53.709257'),
('zpy7zlcko4gu0v7cqul3beigkga8noyi', 'eyJ1c2VyX2F1dGhlbnRpY2F0ZWQiOm51bGx9:1pDHDc:j78aKl3k1ZJ3R-Byn-fkeS3R2YHwP0VUmgn5Vkx-AUk', '2023-01-19 03:47:04.182122'),
('zrmrb89vl2rnejvhtgx1jh3hfxiet084', 'eyJ1c2VyX2F1dGhlbnRpY2F0ZWQiOm51bGx9:1pI6LN:SyDrGXOzvR4mrBNy8MgcxcbLmy0nXWpLQG_ZYplndoU', '2023-02-01 11:11:01.399843'),
('zrumu3wc7je610siygg8j71fqcz0to8w', 'eyJ1c2VyX2F1dGhlbnRpY2F0ZWQiOm51bGx9:1pASs3:4_do0dvXIE8gMn4RSd0ecZC4hJMZZxAaYouwB-_plSA', '2023-01-11 09:37:11.231829'),
('zwz6usbrcwu187wqnityg65qx5pnphs9', 'eyJ1c2VyX2F1dGhlbnRpY2F0ZWQiOm51bGx9:1pIQA2:Gp_sy3OdYG6o9BBum9-FgMLXkS2NAxd8qEPWNWP9mpk', '2023-02-02 08:20:38.054141'),
('zya746cbhvsy5b2g63rab41y0cddl0xw', 'eyJ1c2VyX2F1dGhlbnRpY2F0ZWQiOm51bGx9:1pIhCR:Jie-6mvowRXJLPg3dIzYFqq07nYmrgI-pMK4CbQ9FoI', '2023-02-03 02:32:15.757119'),
('zyerr29l5q9ococoim59jitqlb7a8x3s', 'e30:1owz5L:3PW8kVEr0Zti70W0U_RB4I0PXiFkEclU49nelL8ACfc', '2022-12-05 05:11:11.573945'),
('zyi9s2nwutgrccsq3654atmev0qxjs66', 'eyJ1c2VyX2F1dGhlbnRpY2F0ZWQiOm51bGx9:1pEdhW:SpjEhg6a8LWTN2NkPwLEUAuDV5z7GnmD1K_kG2wwSRM', '2023-01-22 21:59:34.556671');

-- --------------------------------------------------------

--
-- Table structure for table `favorite_favorite`
--
-- Creation: Nov 21, 2022 at 05:33 AM
-- Last update: Jan 20, 2023 at 04:29 PM
--

DROP TABLE IF EXISTS `favorite_favorite`;
CREATE TABLE `favorite_favorite` (
  `id` bigint(20) NOT NULL,
  `user_authenticated` varchar(128) DEFAULT NULL,
  `price_per_item` decimal(10,0) NOT NULL,
  `is_active` tinyint(1) NOT NULL,
  `created` datetime(6) NOT NULL,
  `updated` datetime(6) NOT NULL,
  `color_id` bigint(20) DEFAULT NULL,
  `product_id` bigint(20) DEFAULT NULL,
  `size_id` bigint(20) DEFAULT NULL
) ENGINE=InnoDB DEFAULT CHARSET=utf8;

--
-- Dumping data for table `favorite_favorite`
--

INSERT INTO `favorite_favorite` (`id`, `user_authenticated`, `price_per_item`, `is_active`, `created`, `updated`, `color_id`, `product_id`, `size_id`) VALUES
(1, '9qr35lu8ptvxv43wvyp0n3mncq6s8h4d', '0', 1, '2022-10-16 14:00:38.884000', '2022-10-16 14:00:38.884000', 17, 13, 53),
(2, '6u1b7d1ct9325ksysyei1kjcgbh3og94', '0', 1, '2022-10-18 09:29:16.663000', '2022-10-18 09:29:16.663000', 36, 23, 99),
(3, '53zc2p5oo60d9zhw5072z37y42ycj6l9', '0', 1, '2022-10-18 11:16:09.171000', '2022-10-18 11:16:09.171000', 25, 19, 71),
(4, 'ouavzreftnvmfzv7ed87yw38qhlsubws', '0', 1, '2022-10-18 11:25:07.540000', '2022-10-18 11:25:07.541000', 18, 14, 135),
(5, 'ouavzreftnvmfzv7ed87yw38qhlsubws', '0', 1, '2022-10-18 11:25:10.517000', '2022-10-18 11:25:10.517000', 16, 13, 49),
(9, 'e9fo5ldpc35sv9sks56g236u68b20buj', '0', 1, '2022-10-19 03:57:57.373000', '2022-10-19 03:57:57.373000', 16, 13, 49),
(14, 'uwqd8n8l908ml4pk77dg5kt5fhsgn6qg', '0', 1, '2022-10-21 06:32:58.364000', '2022-10-21 06:32:58.364000', 28, 20, 80),
(15, 'rocky01397@gmail.com', '0', 1, '2022-10-21 06:35:53.350000', '2022-10-21 06:35:53.350000', 16, 13, 49),
(16, 'rocky013969@gmail.com', '0', 1, '2022-10-21 06:36:03.959000', '2022-10-21 06:36:03.959000', 28, 20, 80),
(52, 'rocky01396@gmail.com', '0', 1, '2022-12-17 15:09:42.989205', '2022-12-17 15:09:42.989242', 18, 14, 135),
(53, 'rocky01396@gmail.com', '0', 1, '2022-12-17 15:24:52.630745', '2022-12-17 15:24:52.630778', 16, 13, 49),
(54, 'rocky01396@gmail.com', '0', 1, '2022-12-17 15:24:55.364685', '2022-12-17 15:24:55.364724', 35, 23, 97),
(56, 'q@gmail.com', '0', 1, '2023-01-10 07:26:16.708498', '2023-01-10 07:26:16.708498', 18, 14, 135),
(57, 'r62oadwrrnoxuaezaq5di3zm8rbp1hxe', '0', 1, '2023-01-11 19:39:35.504450', '2023-01-11 19:39:35.504450', 45, 29, 172),
(58, 'q@gmail.com', '0', 1, '2023-01-20 16:28:54.908670', '2023-01-20 16:28:54.908713', 40, 25, 122);

-- --------------------------------------------------------

--
-- Table structure for table `news_category`
--
-- Creation: Nov 01, 2022 at 09:44 AM
--

DROP TABLE IF EXISTS `news_category`;
CREATE TABLE `news_category` (
  `id` bigint(20) NOT NULL,
  `title` varchar(100) NOT NULL,
  `slug` varchar(50) NOT NULL,
  `title_en` varchar(100) DEFAULT NULL,
  `title_uk` varchar(100) DEFAULT NULL
) ENGINE=InnoDB DEFAULT CHARSET=utf8;

--
-- Dumping data for table `news_category`
--

INSERT INTO `news_category` (`id`, `title`, `slug`, `title_en`, `title_uk`) VALUES
(1, 'Стиль', 'styl', 'Style', 'Стиль'),
(2, 'Новини чоловічого стилю', 'men_style', 'Men\'s Style News', 'Новини чоловічого стилю'),
(3, 'Новини жіночого стилю', 'novini-zhinochogo-stily', 'Women\'s style news', 'Новини жіночого стилю');

-- --------------------------------------------------------

--
-- Table structure for table `news_news`
--
-- Creation: Nov 01, 2022 at 09:44 AM
--

DROP TABLE IF EXISTS `news_news`;
CREATE TABLE `news_news` (
  `id` bigint(20) NOT NULL,
  `title` varchar(100) NOT NULL,
  `content` longtext NOT NULL,
  `created_at` datetime(6) NOT NULL,
  `updated_at` datetime(6) NOT NULL,
  `photo` varchar(100) NOT NULL,
  `is_published` tinyint(1) NOT NULL,
  `slug` varchar(50) NOT NULL,
  `category_id` bigint(20) DEFAULT NULL,
  `content_en` longtext,
  `content_uk` longtext,
  `title_en` varchar(100) DEFAULT NULL,
  `title_uk` varchar(100) DEFAULT NULL
) ENGINE=InnoDB DEFAULT CHARSET=utf8;

--
-- Dumping data for table `news_news`
--

INSERT INTO `news_news` (`id`, `title`, `content`, `created_at`, `updated_at`, `photo`, `is_published`, `slug`, `category_id`, `content_en`, `content_uk`, `title_en`, `title_uk`) VALUES
(1, 'ZARA STUDIO ЖІНОЧИЙ/ЧОЛОВІЧИЙ: ПРОСВІТЛЕННЯ КОЖНОГО ОДЯГУ', 'Створення гармонії через дослідження явних протиріч - між прогресивним і класичним, між жіночим і чоловічим, між поверхнею і глибиною - лежить в основі останньої колекції Zara Studio. Результатом є винятковий набір\r\n\r\nодяг для жінок і чоловіків, який можна носити універсально, водночас виступаючи в якості потужної призми для передачі чіткої особистості та ідентичності окремого власника.\r\n\r\nКолекція охоплює всі фундаментальні архетипи в каноні сучасного одягу - від морського до спортивного одягу, пошиття одягу та вечірнього одягу - щоб перепрофілювати їхню функцію в 2022 році та надалі. Це досягається шляхом пом\'якшення їх архітектурного штампу\r\n\r\nархетипи, м’яко посилюючи їхні типові обсяги. За винятком мінімалістичного лінійного принта, колекція повністю позбавлена ​​будь-яких сторонніх поверхневих прикрас, а гудзики та застібки зазвичай прикриті. Натомість візуальна глибина забезпечується тканиною та\r\n\r\nматеріал, властивий їхнім дослідженим нейтральним кольорам і патині текстури в’язаних виробів і спеціально обробленої вовни.\r\n\r\nЗвільнена від застарілого контексту, колекція призначена для носіння відповідно до настрою власника, а не до вимог події. М’який, плавний пошив і точно мінімалістичний спортивний одяг виходять за межі своїх початкових функцій, що базуються на обслуговуванні, і стають шаблонами\r\n\r\nособисте вираження. Вечірній одяг для жінок з криміналістичним кроєм має делікатно відтворені деталі з рюшами, а штани покроєні з квадратною складкою на всю довжину для створення потоку та об’єму.\r\n\r\nТрикотажні вироби, як правило, розділені на горловині або подолу, щоб звільнити рухи. Уявна простота та притаманна витонченість поєднуються в колекції, яка поєднує в собі вищу елегантність і незрівнянну практичність: Zara Studio може носити будь-де.\r\n\r\nКолекція Studio, створена командою дизайнерів Zara у партнерстві з відомим креативним директором і стилістом Карлом Темплером, є найвищим вираженням спрямованого дизайну одягу, досконалості матеріалів і високої майстерності Zara. Спільна кампанія цього видання містить 26 із\r\n\r\nнайбільш захоплюючі та інтригуючі молоді моделі, що працюють сьогодні (повний список акторів нижче). Одягнені в Zara Studio, їх сфотографував Стівен Мейзел, а зняв Фаб’єн Барон – два найвидатніших у світі представники мистецького іміджмейкінгу.', '2022-10-25 09:24:04.509000', '2022-10-27 07:44:52.400000', 'photo/2022/10/25/0a67e60f43598ca9602ec44b0685.jpg', 1, 'zara-studio-womensmens-enlightenment-everywear', 1, 'The creation of harmony through the exploration of apparent contradictions - between the Progressive and that Classic, between the Feminine and Masculine, and between Surface and  Depth - is at the core of Zara’s latest Studio collection. The result is an exceptional suite of\r\n\r\nclothing for women and men that is universally wearable while also acting as a powerful prism for transmitting the distinct personality and identity of the individual wearer.\r\n\r\nThe collection embraces all of the fundamental archetypes in the canon of contemporary clothing - from maritime to sportswear via tailoring and evening - in order to repurpose their  function for 2022 and beyond. This is achieved by softening the architectural stamp of these\r\n\r\narchetypes while gently amplifying their typical volumes. With the exception of a minimalist linear print, the collection is entirely stripped of any extraneous surface decoration while buttons and fastenings are typically covered. Visual depth is instead provided via fabric and\r\n\r\nmaterial, inherent in their studiedly neutral colorways and the patina of texture in knits and specially treated wool.\r\n\r\nLiberated from outdated context, the collection is intended to be worn according to the wearer’s mood rather than the demands of an occasion. Soft, fluid tailoring and precisely minimalist sportswear transcend their original service-based functions to become templates of\r\n\r\npersonal expression. Forensically cut evening wear for women features delicately rendered ruching details while pants are cut with a full-length box pleat to create flow and volume.\r\n\r\nKnitwear is typically split at the neck or hem to liberate movement. Apparent simplicity and inherent sophistication combine in a collection that combines supreme elegance and peerless utility: Zara Studio can be worn everywhere by everyone.\r\n\r\nCreated by the Zara design team in partnership with the renowned creative director and stylist Karl Templer, the Studio collection is Zara’s highest expression of directional fashion design, material excellence and quality craftsmanship. This edition’s co-ed campaign features 26 of\r\n\r\nthe most exciting and intriguing young models working today (full cast list below). Wearing Zara Studio, they are photographed by Steven Meisel and filmed by Fabien Baron - two of the world’s greatest exponents of artistic image-making.', 'Створення гармонії через дослідження явних протиріч - між прогресивним і класичним, між жіночим і чоловічим, між поверхнею і глибиною - лежить в основі останньої колекції Zara Studio. Результатом є винятковий набір\r\n\r\nодяг для жінок і чоловіків, який можна носити універсально, водночас виступаючи в якості потужної призми для передачі чіткої особистості та ідентичності окремого власника.\r\n\r\nКолекція охоплює всі фундаментальні архетипи в каноні сучасного одягу - від морського до спортивного одягу, пошиття одягу та вечірнього одягу - щоб перепрофілювати їхню функцію в 2022 році та надалі. Це досягається шляхом пом\'якшення їх архітектурного штампу\r\n\r\nархетипи, м’яко посилюючи їхні типові обсяги. За винятком мінімалістичного лінійного принта, колекція повністю позбавлена ​​будь-яких сторонніх поверхневих прикрас, а гудзики та застібки зазвичай прикриті. Натомість візуальна глибина забезпечується тканиною та\r\n\r\nматеріал, властивий їхнім дослідженим нейтральним кольорам і патині текстури в’язаних виробів і спеціально обробленої вовни.\r\n\r\nЗвільнена від застарілого контексту, колекція призначена для носіння відповідно до настрою власника, а не до вимог події. М’який, плавний пошив і точно мінімалістичний спортивний одяг виходять за межі своїх початкових функцій, що базуються на обслуговуванні, і стають шаблонами\r\n\r\nособисте вираження. Вечірній одяг для жінок з криміналістичним кроєм має делікатно відтворені деталі з рюшами, а штани покроєні з квадратною складкою на всю довжину для створення потоку та об’єму.\r\n\r\nТрикотажні вироби, як правило, розділені на горловині або подолу, щоб звільнити рухи. Уявна простота та притаманна витонченість поєднуються в колекції, яка поєднує в собі вищу елегантність і незрівнянну практичність: Zara Studio може носити будь-де.\r\n\r\nКолекція Studio, створена командою дизайнерів Zara у партнерстві з відомим креативним директором і стилістом Карлом Темплером, є найвищим вираженням спрямованого дизайну одягу, досконалості матеріалів і високої майстерності Zara. Спільна кампанія цього видання містить 26 із\r\n\r\nнайбільш захоплюючі та інтригуючі молоді моделі, що працюють сьогодні (повний список акторів нижче). Одягнені в Zara Studio, їх сфотографував Стівен Мейзел, а зняв Фаб’єн Барон – два найвидатніших у світі представники мистецького іміджмейкінгу.', 'ZARA STUDIO WOMENS/MENS: ENLIGHTENMENT EVERYWEAR', 'ZARA STUDIO ЖІНОЧИЙ/ЧОЛОВІЧИЙ: ПРОСВІТЛЕННЯ КОЖНОГО ОДЯГУ'),
(2, 'Zara оголошує про початок співпраці зі світовою моделлю Каєю Гербер', 'З кампанією, розробленою Карлом Темплером і знятою французьким іміджмейкером Фаб’єном Бароном, колекція доступна на Zara.com і в окремих магазинах.\r\n\r\n4 жовтня під час Тижня моди в Парижі супермодель Кайя Гербер представила свою першу колекцію для Zara.\r\n\r\n«Моєю відправною точкою для цієї співпраці із Zara було запитання, чи можливо створити колекцію, у якій буде все, що вам знадобиться у вашій шафі. Якби ви подорожували й зібрали цілу колекцію, чи могла б вона задовольнити всі можливі ваші потреби? Думаю, ми цього досягли». Гербер сказав про колекцію.\r\n\r\nМістить понад 30 предметів, включаючи одяг, взуття та аксесуари, це гардероб «нової класики», що складається з позачасових силуетів і ключових предметів, перероблених, перероблених і переосмислених, щоб відповідати покупцям теперішнього часу. Гербер, яка розуміє, що її стиль узгоджується з Zara, наполягає, що вона хотіла бути інклюзивною, коли розробляла цю колекцію з брендом.\r\n\r\n«Під час розробки я думав не лише про себе. Я думав про свою маму, своїх друзів і всіх, кого я бачу навколо. Мій стиль взято з багатьох різних місць, і я не хотів створювати щось, що нікого виключає». – додав Гербер.\r\n\r\nЧерпаючи натхнення в кодах стилю 1990-х років, колекція випромінює дизайнерську впевненість, якою було проголошено це десятиліття. Хоча приглушена колірна палітра сірого, темно-синього, білого, чорного та темно-коричневого кольорів займає центральне місце, спалах кольору з подвійного деніму знімає капелюх перед Americana – із ковбойськими черевиками любовний лист до країни, де народився та виріс Гербер.\r\n\r\nКолекція також оновлює ідею «гарності» для 21 століття, те, що Гербер прагнув дослідити.\r\n\r\nЦе «нова класика», але підійдіть ближче, і ви побачите, що колекція також є розповіддю про об’єднані крайнощі, про відсутність необхідності вибирати між комфортом і відвертістю. Ви можете мати обидва.\r\n\r\nЧуттєвість тут зустрічається в нових і несподіваних місцях. Чоловіча біла сорочка оверсайз повністю відкривається ззаду, оголюючи тіло від потилиці до низу спини. Чорно-чорний атласний бюстгальтер і м’які, як хмари, шовкові піжеми підкреслюють одне одного. Кремова шовкова сукня в стилі героя має розріз до верхньої частини стегна, низька спина, а відкриті витончені бретелі сидять трохи нижче плечей. Ще одна розплавлена ​​біло-біла шовкова сукня пропонує альтернативу з довгими рукавами та приляганням до стегон із незвичайним вирізом на шиї.\r\n\r\nПара мікрошортів розрізана на поясі, підкреслюючи верхню частину стегна. Нижня частина спини проглядається крізь низько звисаючий пояс вощеної джинсової куртки – оновлений поворот до мінімалістичних кодів епохи. Дух карапуза, яким Гербер так добре відомий, відчувається в утилітарних робочих штанах кольору верблюжого кольору, а також у двобортному костюмі-двійці та чоловічих брюках, які Гербер назвав «ідеальними чорними штанами».', '2022-10-25 10:04:42.293000', '2022-10-27 07:44:19.250000', 'photo/2022/10/25/Screenshot_30_XYpERML.png', 1, 'zara-announces-launch-of-collaboration-with-global', 1, 'With a campaign styled by Karl Templer and shot by French image-maker Fabien Baron, the collection is available on Zara.com and selected stores.\r\n\r\nLaunching on 4th October, during Paris Fashion Week, supermodel Kaia Gerber debuts her first collection for Zara.\r\n\r\n“My starting point for this collaboration with Zara was to ask if it is possible to do a collection that has everything you would ever need in your closet. If you were traveling and packed an entire collection, could it cover every possible need that you had? I think we’ve achieved that.” Gerber said of the collection.\r\n\r\nFeaturing more than 30 pieces, including garments, shoes and accessories, it is a wardrobe of ‘new classics’, comprising timeless silhouettes and key pieces reworked, remodeled and reimagined to fit the customer of the now. Gerber, who recognises how her style aligns with Zara’s, insists she wanted to be inclusive when designing this collection with the brand.\r\n\r\n“I wasn\'t just thinking about myself when designing. I was thinking about my mom, my friends and everyone I see around me. My style is pulled from a lot of different places and I didn’t want to design something that excludes anyone.” Gerber added.\r\n\r\nDrawing inspiration from style codes of the 1990s, the collection emits the design confidence that decade was heralded for. Although a muted colour palette of grey, navy, white, black, and camel takes centre stage, a flash of colour from the double denim doffs its hat to Americana – with cowboy boots a love letter to the land where Gerber was born and bred.\r\n\r\nThe collection also updates the idea of ‘prettiness’ for the 21st century, something Gerber was keen to explore.\r\n\r\nThese are ‘new classics’, but step closer and you’ll see the collection is also a tale of united extremes, of not having to choose between comfort and revealing. You can have both.\r\n\r\nSensuality here is found in new and unexpected places. An oversized men’s white shirt opens completely at the back, exposing the body from the nape to the bottom of the back. A jet black satin bralette and cloud-soft silk PJs play off one another. A hero-piece cream silk dress is slit to the top of the thigh, its back falls low and open and delicate straps sit subtly below the shoulders. Another molten off-white, silk dress offers a long sleeved and thigh skimming alternative, with an unusual cut-out detail at the back of the neck.\r\n\r\nA pair of micro shorts are slashed open on the waistband, emphasising the top of the hip. The small of the back is seen through the low-hanging waistbelt of the waxed denim jacket – an updated twist on the era’s minimalist codes. The tomboy spirit for which Gerber is so well known is all over the utilitarian camel work pants, but also in the double-breasted two-piece suit and the men’s-fit slacks dubbed by Gerber “the perfect black trouser”.', 'З кампанією, розробленою Карлом Темплером і знятою французьким іміджмейкером Фаб’єном Бароном, колекція доступна на Zara.com і в окремих магазинах.\r\n\r\n4 жовтня під час Тижня моди в Парижі супермодель Кайя Гербер представила свою першу колекцію для Zara.\r\n\r\n«Моєю відправною точкою для цієї співпраці із Zara було запитання, чи можливо створити колекцію, у якій буде все, що вам знадобиться у вашій шафі. Якби ви подорожували й зібрали цілу колекцію, чи могла б вона задовольнити всі можливі ваші потреби? Думаю, ми цього досягли». Гербер сказав про колекцію.\r\n\r\nМістить понад 30 предметів, включаючи одяг, взуття та аксесуари, це гардероб «нової класики», що складається з позачасових силуетів і ключових предметів, перероблених, перероблених і переосмислених, щоб відповідати покупцям теперішнього часу. Гербер, яка розуміє, що її стиль узгоджується з Zara, наполягає, що вона хотіла бути інклюзивною, коли розробляла цю колекцію з брендом.\r\n\r\n«Під час розробки я думав не лише про себе. Я думав про свою маму, своїх друзів і всіх, кого я бачу навколо. Мій стиль взято з багатьох різних місць, і я не хотів створювати щось, що нікого виключає». – додав Гербер.\r\n\r\nЧерпаючи натхнення в кодах стилю 1990-х років, колекція випромінює дизайнерську впевненість, якою було проголошено це десятиліття. Хоча приглушена колірна палітра сірого, темно-синього, білого, чорного та темно-коричневого кольорів займає центральне місце, спалах кольору з подвійного деніму знімає капелюх перед Americana – із ковбойськими черевиками любовний лист до країни, де народився та виріс Гербер.\r\n\r\nКолекція також оновлює ідею «гарності» для 21 століття, те, що Гербер прагнув дослідити.\r\n\r\nЦе «нова класика», але підійдіть ближче, і ви побачите, що колекція також є розповіддю про об’єднані крайнощі, про відсутність необхідності вибирати між комфортом і відвертістю. Ви можете мати обидва.\r\n\r\nЧуттєвість тут зустрічається в нових і несподіваних місцях. Чоловіча біла сорочка оверсайз повністю відкривається ззаду, оголюючи тіло від потилиці до низу спини. Чорно-чорний атласний бюстгальтер і м’які, як хмари, шовкові піжеми підкреслюють одне одного. Кремова шовкова сукня в стилі героя має розріз до верхньої частини стегна, низька спина, а відкриті витончені бретелі сидять трохи нижче плечей. Ще одна розплавлена ​​біло-біла шовкова сукня пропонує альтернативу з довгими рукавами та приляганням до стегон із незвичайним вирізом на шиї.\r\n\r\nПара мікрошортів розрізана на поясі, підкреслюючи верхню частину стегна. Нижня частина спини проглядається крізь низько звисаючий пояс вощеної джинсової куртки – оновлений поворот до мінімалістичних кодів епохи. Дух карапуза, яким Гербер так добре відомий, відчувається в утилітарних робочих штанах кольору верблюжого кольору, а також у двобортному костюмі-двійці та чоловічих брюках, які Гербер назвав «ідеальними чорними штанами».', 'Zara announces launch of collaboration with global model Kaia Gerber', 'Zara оголошує про початок співпраці зі світовою моделлю Каєю Гербер'),
(3, 'ZARA ORIGINS', 'Zara Origins — це проект, спрямований на створення сучасного гардеробу. Мета полягає в тому, щоб задумати, створити та пропонувати одяг, який є нещодавно вдосконаленим архетипом свого роду, виготовленим із найкращих матеріалів і виготовленим із дотриманням високих стандартів досвіду та майстерності. Він використовує прогресивний дизайн, щоб поєднати сучасні концепції з видатною цінністю.\r\n\r\nКоли Zara Origins випустила свої перші дві колекції для зимового та літнього сезонів, проект, що постійно розвивається, був визначений цією заявою. Після двох видань, які дозволили експериментувати всередині колекції, підхід до третього видання природним чином змінився, затвердивши Zara Origins як річну пропозицію основних предметів гардеробу, які будуть доповнені обмеженою серією сезонних виробів.\r\n\r\nЩоб доповнити новий підхід, креативне агентство M/M Paris розробило абсолютно нову графічну айдентику. Це включає новий шрифт і сім символів або імаготипів, які присутні в усьому брендингу, а також на частинах колекції. Ця графіка служить візуальною системою, що класифікує нову структуру цього проекту.\r\n\r\nПротягом усього процесу розробки нової колекції вічних предметів гардеробу, яка пропонує стилі, які можна носити протягом усіх місяців, «Чотири сезони» Антоніо Вівальді стали саундтреком і джерелом натхнення для проекту. Якщо композиція Aphex Twins «Avril 14th» була мелодією для першого видання, а «Sun is Shinning» Боба Марлі — опорою для другої композиції, то для третьої колекції електронний музикант Аокі Такамаса створив саундтрек для «Autumn». У майбутньому інші сучасні виконавці переосмислюватимуть кожен сезон за допомогою музики.\r\n\r\nЩоб представити щорічну колекцію та додаткові стилі на осінь, Джеймі Хоксворт сфотографував кампанію, а Девід Сірс написав захоплюючий 11-хвилинний короткометражний фільм, дія якого відбувається в Токіо, в якому розповідається про різні покоління, у головних ролях Кадзуя Танабе, Шун Сугата та підпільний тату-майстер ТАППІ.\r\n\r\nУ цій кампанії Японія пропонує чистий, продуманий і вишукано розроблений фон, щоб підкреслити колекцію, яка була вдосконалена завдяки вивченню попередніх випусків, але все ще зберігає свої мінімальні силуети та візерунки.\r\n\r\nРозумна колірна палітра темно-синього, чорного, сірого, верблюжого та білого кольорів поєднує високоякісні тканини, зокрема шкіру, кашемір, альпаку та бавовну.\r\n\r\nПошуки цієї квінтесенції сучасної гардеробу органічно переросли в сферу товарів для дому. Zara Origins починалася як вправа, щоб знайти ідеальну білу футболку чи найчистіші джинсові штани, а тепер поєднується з не менш вишуканими предметами стилю життя, включаючи склянки, столовий посуд, аромати та халати серед більшої пропозиції.\r\n\r\nZara Origins буде доступний з 22 вересня 2022 року на Zara.com і в окремих магазинах.', '2022-10-25 10:05:35.295000', '2022-10-27 07:43:47.092000', 'photo/2022/10/25/Screenshot_31_vuW41hV.png', 1, 'zara-origins', 1, 'Zara Origins is a project focused upon building a contemporary wardrobe. The aim is to conceive, create and offer garments which are newly-refined archetypes of their kind, fabricated in the finest materials, and manufactured with high standards of expertise and craft. It harnesses progressive design to combine modern concepts with outstanding value.\r\n\r\nWhen Zara Origins launched its first two collections for the winter and summer seasons, the constantly evolving project was defined by this statement. After two editions allowing for experimentation within the collection, the approach for the third edition has evolved naturally solidifying Zara Origins as a yearlong offering of wardrobe essentials that will be supplemented with limited edition seasonal pieces.\r\n\r\nTo complement the new approach, creative agency M/M Paris has designed an entirely new graphic identity. This includes a new typeface and seven symbols or imagotypes which are present across the overall branding as well as seen on pieces of the collection. These graphics serve as a visual system categorizing the new structure of this project.\r\n\r\nThroughout the design process of the new collection of timeless wardrobe pieces that offers styles suitable to be worn across all months, Antonio Vivaldi\'s \"Four Seasons\" became the soundtrack and inspiration for the project. If Aphex Twins’ “Avril 14th” was the tune for the first edition and Bob Marley’s “Sun is Shinning” the pillar for the second offering, for the third collection electronic musician Aoki Takamasa has created the soundtrack for “Autumn”. Going forward, other contemporary artists will be reinterpreting each season through music.\r\n\r\nTo introduce the yearly collection and additional styles for Fall, Jamie Hawkesworth photographed the campaign while David Scearce wrote a captivating 11-minute short film both set in Tokyo which tells a story about different generations starring Kazuya Tanabe, Shun Sugata and underground tattoo artist TAPPEI.\r\n\r\nIn the campaign, Japan provides a clean, thoughtful, and exquisitely designed background to highlight a collection that has been refined through learnings from previous editions yet still retains its minimal silhouettes and patterns.\r\n\r\nA smart color palette of navy, black, grey, camel, and white features across high quality fabrics including leather, cashmere, alpaca, and cotton.\r\n\r\nThe search for this quintessential contemporary wardrobe has organically evolved into the sphere of homeware. Zara Origins began as an exercise to find the ideal white T-shirt or the purest denim pants and is now matched with equally refined lifestyle objects including drinking glasses, tableware, scents, and bathrobes among a wider offering.\r\n\r\nZara Origins will be available from 22 September 2022 on Zara.com and in selected stores.', 'Zara Origins — це проект, спрямований на створення сучасного гардеробу. Мета полягає в тому, щоб задумати, створити та пропонувати одяг, який є нещодавно вдосконаленим архетипом свого роду, виготовленим із найкращих матеріалів і виготовленим із дотриманням високих стандартів досвіду та майстерності. Він використовує прогресивний дизайн, щоб поєднати сучасні концепції з видатною цінністю.\r\n\r\nКоли Zara Origins випустила свої перші дві колекції для зимового та літнього сезонів, проект, що постійно розвивається, був визначений цією заявою. Після двох видань, які дозволили експериментувати всередині колекції, підхід до третього видання природним чином змінився, затвердивши Zara Origins як річну пропозицію основних предметів гардеробу, які будуть доповнені обмеженою серією сезонних виробів.\r\n\r\nЩоб доповнити новий підхід, креативне агентство M/M Paris розробило абсолютно нову графічну айдентику. Це включає новий шрифт і сім символів або імаготипів, які присутні в усьому брендингу, а також на частинах колекції. Ця графіка служить візуальною системою, що класифікує нову структуру цього проекту.\r\n\r\nПротягом усього процесу розробки нової колекції вічних предметів гардеробу, яка пропонує стилі, які можна носити протягом усіх місяців, «Чотири сезони» Антоніо Вівальді стали саундтреком і джерелом натхнення для проекту. Якщо композиція Aphex Twins «Avril 14th» була мелодією для першого видання, а «Sun is Shinning» Боба Марлі — опорою для другої композиції, то для третьої колекції електронний музикант Аокі Такамаса створив саундтрек для «Autumn». У майбутньому інші сучасні виконавці переосмислюватимуть кожен сезон за допомогою музики.\r\n\r\nЩоб представити щорічну колекцію та додаткові стилі на осінь, Джеймі Хоксворт сфотографував кампанію, а Девід Сірс написав захоплюючий 11-хвилинний короткометражний фільм, дія якого відбувається в Токіо, в якому розповідається про різні покоління, у головних ролях Кадзуя Танабе, Шун Сугата та підпільний тату-майстер ТАППІ.\r\n\r\nУ цій кампанії Японія пропонує чистий, продуманий і вишукано розроблений фон, щоб підкреслити колекцію, яка була вдосконалена завдяки вивченню попередніх випусків, але все ще зберігає свої мінімальні силуети та візерунки.\r\n\r\nРозумна колірна палітра темно-синього, чорного, сірого, верблюжого та білого кольорів поєднує високоякісні тканини, зокрема шкіру, кашемір, альпаку та бавовну.\r\n\r\nПошуки цієї квінтесенції сучасної гардеробу органічно переросли в сферу товарів для дому. Zara Origins починалася як вправа, щоб знайти ідеальну білу футболку чи найчистіші джинсові штани, а тепер поєднується з не менш вишуканими предметами стилю життя, включаючи склянки, столовий посуд, аромати та халати серед більшої пропозиції.\r\n\r\nZara Origins буде доступний з 22 вересня 2022 року на Zara.com і в окремих магазинах.', 'ZARA ORIGINS', 'ZARA ORIGINS'),
(4, 'Колекція Man Studio', 'Zara рада представити колекцію чоловічого одягу Zara Studio 2022 року з новою потужною кампанією та фільмом із номінантом на премію Оскар Коді Сміт МакФі в головній ролі. Харизматичний молодий австралійський актор номінований у категорії «Найкращий актор другого плану» за роль у фільмі «Влада собаки» на майбутній церемонії вручення «Оскарів». МакФі та творча команда Zara Studio вирушили до драматичних пустельних районів Йорданії, де під творчим керівництвом відомого модного іміджмейкера Фаб’єна Барона вони зняли фільм, а також кампанію, сфотографовану Девідом Сімсом.\r\n\r\nСміт МакФі був обраний для втілення цінностей і особливостей цієї останньої колекції Zara Studio. Колекції чоловічого та жіночого одягу Zara Studio, що випускаються раз на півроку, є найбільш направлено розробленими та матеріально піднесеними вираженнями моди в ширшому всесвіті Zara. Колекція, створена командою дизайнерів Zara Studio зі стилістом Карлом Темплером, є першим втіленням стилю Zara.\r\n\r\nНавесні 2022 року команда Studio досліджувала чоловічу територію, прикладом якої є скуйовджена елегантність Сміта МакФі на екрані. Оазис беззастережної прохолоди в ширшому просторі одягу, де домінує спортивний одяг, ця колекція Zara Studio передає потужну текучу та справжню богемність. Колекція базується на відтінках чорного вугілля з акцентами коричневого, бордового, сірого та гірчичного.\r\n\r\nВузький темний костюм із шалевим коміром грає на тлі приталених сорочки з стрілками, які носять із безтурботним шарфом. Вузькі штани чорного крою є основою незграбного силуету, доповненого черевиками «Челсі» та сорочкою з комбінованих матеріалів. Чорний трикотажний топ із широким вирізом, напівпрозорий, щоб повітря циркулювало біля тіла, поєднується зі шкіряними штанами, закріпленими ременем із карабінною пряжкою. Прикрашені дорогоцінними каменями срібні каблучки та ланцюжки з шармами додають додаткової яскравості. Паперовий лляний тренч насиченого гірчичного кольору додає повітряного, контрастного об’єму, а люрекс, замша та прозорі плівки збагачують видиму обробку та текстуру. Сльозинки пейслі відображені в золотистому бісері на сорочках і кафтанах і у вишивці на надлегкому атласному бомбері.\r\n\r\nЕлементарна, спокуслива та сильна, нова колекція чоловічого одягу Zara Studio передає душу мандрівника та впевнене та беззаперечно чуттєве втілення сучасної мужності.\r\n\r\n \r\n\r\nФотограф: Девід Сімс\r\n\r\nКіно та художній режисер: Фаб\'єн Барон\r\n\r\nМоделі: Kodi Smit-McPhee\r\n\r\nКерівництво колекції та стиль: Карл Темплер\r\n\r\nМакіяж: Даян Кендал\r\n\r\n Перукар: Гвідо Палау', '2022-10-25 10:06:57.215000', '2022-10-27 07:43:16.883000', 'photo/2022/10/25/1059a71e494e822ffcf493518330.jpg', 1, 'man-studio-collection', 2, 'Zara is pleased to premiere the 2022 Zara Studio menswear collection with a powerful new campaign and film starring the Academy Award nominee Kodi Smit McPhee. The charismatic young Australian actor is nominated in the Best Supporting Actor category for his performance in The Power of the Dog at the forthcoming Oscars ceremony. McPhee and the Zara Studio creative team travelled to the dramatic desert hinterlands of Jordan, where under the creative direction of renowned fashion image-maker Fabien Baron they shot the film, as well as a campaign photographed by David Sims.\r\n\r\nSmit McPhee was cast to embody the values and characteristics of this latest Zara Studio collection. Zara Studio’s biannual collections of menswear and womenswear are the most directionally designed and materially elevated expressions of fashion across the broader Zara universe. Created by the Zara Studio design team with stylist Karl Templer, the collection is Zara’s premiere articulation of style.\r\n\r\nFor Spring 2022 the Studio team explored a masculine territory that is exemplified by the tousled elegance of Smit McPhee’s broodingly mercurial screen presence. An oasis of unabashed cool in a wider clothing landscape dominated by sportswear, this Zara Studio collection transmits a powerfully fluid and debonair bohemianism. The collection is rooted in shades of black charcoal with accents of brown, burgundy, grey and mustard.\r\n\r\nSlim cut shawl collar dark suiting plays against fitted darted shirts worn with insouciantly trailing scarfing. Boot-cut slim pants in black are at the heart of an angular silhouette completed by Chelsea boots and mixed material henley shirting. A wide necked wide gauge black knit top, semi-sheer to allow the air to circulate against the body, is matched with leather pants secured by a carabinier buckle belt. Jewelled silver rings and charm-strung chains add an extra flash of hardware. A papery linen trench in deep mustard adds airy, contrasting volume while lurex, suede and transparencies enrich the vista of visible finish and texture. Paisley teardrops are played out in gold beading on shirting and kaftans and in embroidery on an ultralight satin bomber.\r\n\r\nElemental, seductive and strong, the new Zara Studio Menswear collection navigates the nomadic soul of a confident and unabashedly sensual articulation of modern masculinity.\r\n\r\n \r\n\r\nPhotographer: David Sims\r\n\r\nFilm and Art Direction: Fabien Baron\r\n\r\nModels: Kodi Smit-McPhee\r\n\r\nCollection direction and styling: Karl Templer\r\n\r\nMake up: Diane Kendal\r\n\r\n Hair stylist: Guido Palau', 'Zara рада представити колекцію чоловічого одягу Zara Studio 2022 року з новою потужною кампанією та фільмом із номінантом на премію Оскар Коді Сміт МакФі в головній ролі. Харизматичний молодий австралійський актор номінований у категорії «Найкращий актор другого плану» за роль у фільмі «Влада собаки» на майбутній церемонії вручення «Оскарів». МакФі та творча команда Zara Studio вирушили до драматичних пустельних районів Йорданії, де під творчим керівництвом відомого модного іміджмейкера Фаб’єна Барона вони зняли фільм, а також кампанію, сфотографовану Девідом Сімсом.\r\n\r\nСміт МакФі був обраний для втілення цінностей і особливостей цієї останньої колекції Zara Studio. Колекції чоловічого та жіночого одягу Zara Studio, що випускаються раз на півроку, є найбільш направлено розробленими та матеріально піднесеними вираженнями моди в ширшому всесвіті Zara. Колекція, створена командою дизайнерів Zara Studio зі стилістом Карлом Темплером, є першим втіленням стилю Zara.\r\n\r\nНавесні 2022 року команда Studio досліджувала чоловічу територію, прикладом якої є скуйовджена елегантність Сміта МакФі на екрані. Оазис беззастережної прохолоди в ширшому просторі одягу, де домінує спортивний одяг, ця колекція Zara Studio передає потужну текучу та справжню богемність. Колекція базується на відтінках чорного вугілля з акцентами коричневого, бордового, сірого та гірчичного.\r\n\r\nВузький темний костюм із шалевим коміром грає на тлі приталених сорочки з стрілками, які носять із безтурботним шарфом. Вузькі штани чорного крою є основою незграбного силуету, доповненого черевиками «Челсі» та сорочкою з комбінованих матеріалів. Чорний трикотажний топ із широким вирізом, напівпрозорий, щоб повітря циркулювало біля тіла, поєднується зі шкіряними штанами, закріпленими ременем із карабінною пряжкою. Прикрашені дорогоцінними каменями срібні каблучки та ланцюжки з шармами додають додаткової яскравості. Паперовий лляний тренч насиченого гірчичного кольору додає повітряного, контрастного об’єму, а люрекс, замша та прозорі плівки збагачують видиму обробку та текстуру. Сльозинки пейслі відображені в золотистому бісері на сорочках і кафтанах і у вишивці на надлегкому атласному бомбері.\r\n\r\nЕлементарна, спокуслива та сильна, нова колекція чоловічого одягу Zara Studio передає душу мандрівника та впевнене та беззаперечно чуттєве втілення сучасної мужності.\r\n\r\n \r\n\r\nФотограф: Девід Сімс\r\n\r\nКіно та художній режисер: Фаб\'єн Барон\r\n\r\nМоделі: Kodi Smit-McPhee\r\n\r\nКерівництво колекції та стиль: Карл Темплер\r\n\r\nМакіяж: Даян Кендал\r\n\r\n Перукар: Гвідо Палау', 'Man Studio Collection', 'Колекція Man Studio'),
(5, 'Колекція Rhuigi x Zara / RHU', 'Zara представляє нову колекцію, яка розбиває межі, у співпраці з дизайнером Руїгі Вілласеньором. RHU — абревіатура від Redesigning Human Uniform — виходить за межі традиційних кодів у чоловічому одязі, щоб забезпечити повну свободу самовираження через стиль. Ця смілива творча спроба також дає можливість власнику вийти за рамки загальноприйнятих понять «спортивний одяг», «розкіш» і «вуличний одяг».\r\n\r\nVillaseñor, засновник дизайнерського підприємства Rhude з Лос-Анджелеса, пояснив, що концепція RHU виникла природно від початку співпраці з Zara. Обидва бренди вирішили застосувати новий підхід. «Я завжди відчував сильну прихильність до створення якісних продуктів, які не визначаються ціною», — сказав він. Створення нового бренду RHU та партнерство з Zara, основною місією якої є створення якісних продуктів, що поєднують у собі якість і вартість, забезпечили платформу для реалізації бачення Villaseñor.\r\n\r\nVillaseñor задумав RHU як новий вид бренду спортивного одягу для нового покоління. Замість наголосу на рубежі століть на продуктивності як визначальній цінності спортивного одягу, він повертається до витоків Ліги плюща – основного кодексу одягу Америки – коли спортивний одяг був синонімом дозвілля, що відображає його центральну роль у здоров’ї, суспільства і творення мистецтва. Результатом стала колекція, яка рішуче відмовляється від зв’язування категоріями як основою для образів, у яких денім поєднується з універсальними штанами або сорочками в стилі мото та старими шкільними університетськими куртками з хохлами RHU. Базові легінси підшиті під спортивні шорти та доповнені курткою-сорочкою на ґудзиках із технічного нейлону, тоді як сорочка з абстрактним малюнком на ґудзиках поєднується з широкими бавовняними спортивними штанами з логотипом. Межа між формальністю та неформальністю фактично стирається. Колекція охоплює 57 предметів готового одягу RHU, шість стилів взуття RHU та шість сумок RHU.\r\n\r\n«Спадкоємцем спортивного відпочинку стане стиль одягу, де всі існуючі жанри розбиваються та змішуються, щоб сформувати щось набагато більш еклектично індивідуальне», — сказав Вілласеньор. «Ця колекція RHU — це моє вираження цього — відкритого, демократичного спортивного одягу.\r\n\r\nРедизайн Human Uniform — це розвиток до нового всеосяжного виразу спортивного одягу, натхненного духом і доступного для всіх. І я не можу придумати кращої компанії, з якою можна було б співпрацювати у створенні цього проекту, ніж Zara».', '2022-10-25 10:21:57.788000', '2022-10-27 07:42:14.495000', 'photo/2022/10/25/e1afbde04cadae4f274feb9da880.jpg', 1, 'rhuigi-x-zara-rhu-collection', 1, 'Zara presents a boundary-breaking new collection in collaboration with designer Rhuigi Villaseñor. RHU - the acronym for Redesigning Human Uniform - ventures beyond traditional codes in menswear to enable total freedom of expression through style. This bold creative endeavour also empowers the wearer to transcend conventional notions of ‘sportswear’, ‘luxury’ and ‘streetwear’.\r\n\r\nVillaseñor, the Los Angeles-based founder of design venture Rhude, explained that the concept for RHU came naturally from the beginning of the collaboration with Zara. Both brands decided to adopt a fresh approach. “I’ve always felt a strong affinity for creating well-made products that are not defined by price,” he said. Creating the new brand RHU and partnering with Zara - whose core mission is the creation of well-made products that combine both quality and value - provided a platform from which to realize Villaseñor vision.\r\n\r\nVillaseñor has conceived RHU as a new kind of sportswear brand for a new generation. Instead of the turn-of-the-century emphasis on performance as the defining value of sportswear, he looks back to the origins of Ivy League - America’s core clothing code - when sportswear was instead a synonym for leisure reflecting its central role in health, society and the creation of art. The result is a collection that resolutely declines to be bound by categories as the foundation for looks that play denim against utility pant, or moto inspired shirting against old school RHU-crested varsity jackets. Baselayer leggings are layered under sports shorts and styled with a button up shirt jacket in technical nylon, while abstract graphic button up shirting is paired with wide-leg logo track pants in cotton. The line between formality and informality is effectively erased. The collection spans 57 RHU ready to wear pieces, six RHU shoe styles, and six RHU bags.\r\n\r\n“The successor of athleisure is going to be a style of dressing where all the existing genres are broken down and mixed to shape something much more eclectically individual,” said Villaseñor. “This RHU collection is my expression of that - of open-source, democratic sportswear.\r\n\r\nRedesigning Human Uniform is about evolving towards a new inclusive expression of sportswear that’s inspired by spirit and is accessible to all. And I can’t think of a better company to have partnered with in building this project than Zara.”', 'Zara представляє нову колекцію, яка розбиває межі, у співпраці з дизайнером Руїгі Вілласеньором. RHU — абревіатура від Redesigning Human Uniform — виходить за межі традиційних кодів у чоловічому одязі, щоб забезпечити повну свободу самовираження через стиль. Ця смілива творча спроба також дає можливість власнику вийти за рамки загальноприйнятих понять «спортивний одяг», «розкіш» і «вуличний одяг».\r\n\r\nVillaseñor, засновник дизайнерського підприємства Rhude з Лос-Анджелеса, пояснив, що концепція RHU виникла природно від початку співпраці з Zara. Обидва бренди вирішили застосувати новий підхід. «Я завжди відчував сильну прихильність до створення якісних продуктів, які не визначаються ціною», — сказав він. Створення нового бренду RHU та партнерство з Zara, основною місією якої є створення якісних продуктів, що поєднують у собі якість і вартість, забезпечили платформу для реалізації бачення Villaseñor.\r\n\r\nVillaseñor задумав RHU як новий вид бренду спортивного одягу для нового покоління. Замість наголосу на рубежі століть на продуктивності як визначальній цінності спортивного одягу, він повертається до витоків Ліги плюща – основного кодексу одягу Америки – коли спортивний одяг був синонімом дозвілля, що відображає його центральну роль у здоров’ї, суспільства і творення мистецтва. Результатом стала колекція, яка рішуче відмовляється від зв’язування категоріями як основою для образів, у яких денім поєднується з універсальними штанами або сорочками в стилі мото та старими шкільними університетськими куртками з хохлами RHU. Базові легінси підшиті під спортивні шорти та доповнені курткою-сорочкою на ґудзиках із технічного нейлону, тоді як сорочка з абстрактним малюнком на ґудзиках поєднується з широкими бавовняними спортивними штанами з логотипом. Межа між формальністю та неформальністю фактично стирається. Колекція охоплює 57 предметів готового одягу RHU, шість стилів взуття RHU та шість сумок RHU.\r\n\r\n«Спадкоємцем спортивного відпочинку стане стиль одягу, де всі існуючі жанри розбиваються та змішуються, щоб сформувати щось набагато більш еклектично індивідуальне», — сказав Вілласеньор. «Ця колекція RHU — це моє вираження цього — відкритого, демократичного спортивного одягу.\r\n\r\nРедизайн Human Uniform — це розвиток до нового всеосяжного виразу спортивного одягу, натхненного духом і доступного для всіх. І я не можу придумати кращої компанії, з якою можна було б співпрацювати у створенні цього проекту, ніж Zara».', 'Rhuigi x Zara / RHU Collection', 'Колекція Rhuigi x Zara / RHU'),
(6, 'НАРЦИСО РОДРІГЕС x ZARA', 'Створення одягу завжди було глибоко особистим для американського дизайнера Нарцисо Родрігеза: «Моя сила — це мої тканини, мої майстерні, мої руки», — якось сказав він, — і результатом є самовладання, позачасовий, реалістичний і навіювальний. Ці якості, сама суть сучасної моди, тепер відзначаються Zara в спеціальній співпраці з Родрігезом, перспективою для жінок, які в захваті від його зовнішнього вигляду.\r\n\r\nХронологія видатної кар’єри Родрігеса охоплює понад 30 років і охоплює великий модний рух мінімалізму, ключовим архітектором якого він є. Його найвідомішим дизайном 1996 року стала весільна сукня, яку він пошив для своєї подруги Керолін Бессетт Кеннеді, така надзвичайно проста, що змінила весільний бізнес і продовжує залишатися іконою сучасного гламуру. Проте більшість робіт Родрігеса з часом стають все кращими.\r\n\r\n25 предметів одягу та аксесуарів у новому Narciso Rodriguez x Zara, взяті з його архіву, є тому підтвердженням. Хороший дизайн витримає.\r\n\r\n«Це був дивовижний досвід для мене, — говорить Родрігес про роботу із Zara. «Було чудово переглядати архів і переглядати речі, які нам подобалися. Також чудово бачити їх свіжими очима команди дизайнерів Zara.\r\n\r\nЦе така професійна команда, яка в захваті від кожного твору та дбає про збереження суті оригінальних творів».\r\n\r\nКолекція Narciso Rodriguez x Zara відображає як його гостре почуття архітектури, так і близькість, яку він встановив із тілом. Що робило сукню Rodriguez такою сексуальною не тому, що вона була облягаючою або відкритою, а тому, що тіло під ним завжди залишалося вільним. «У колекції є прекрасна сукня-кроєк і з цікавими швами, — зазначає він. «Це те, про що думають люди, коли думають про мій бренд. Він дуже рідкий. Він тече по тілу».\r\n\r\nВін також вказав на пальто з чорної дволицевої вовни з розрізами з боків і шкіряним поясом. «Пальто надзвичайне, воно таке ретельне». І дизайнер був щасливий, коли повернувся до життя штучний светр з високим горлом. Чорний трикотаж прозорий в деяких частинах і твердий в інших і має вбудований бюстгальтер.\r\n\r\n«Робота з Zara відкриває очі, тому що всі знають, що відбувається у світі та моді», — каже Родрігес. «У них дійсно ентузіасти, енергійні люди, і вони були в захваті від кожного аспекту цієї співпраці. І це було для мене весело — бачити людей, яких не було поруч, коли вперше показували цей одяг, тепер святкують і насолоджуються ним так само, як і ми 20 років тому».\r\n\r\nNarciso Rodriguez x Zara буде доступний з 8 вересня 2022 року на Zara.com і в окремих магазинах.', '2022-10-25 10:22:46.065000', '2022-10-27 07:42:36.901000', 'photo/2022/10/25/b7ef270c489c949d0d6c78fe416c.jpg', 1, 'narciso-rodriguez-x-zara', 3, 'Making clothes has always been deeply personal for the American designer Narciso Rodriguez—“My strength is my fabrics, my ateliers, my hands,” he  once said—and the result is a self-possessed style that is timeless, realistic and suggestive. Those qualities, the very essence of modern fashion, are  now being celebrated by Zara in a special collaboration with Rodriguez, a prospect for women thrilled for his look.\r\n\r\nThe timeline of Rodriguez’s remarkable career spans over 30 and encompasses the great fashion movement of minimalism, of which he is a  key architect. His best-known design, from 1996, was the wedding dress he made for his friend Carolyn Bessette Kennedy, a slip dress so ravishingly  simple it changed the bridal business and continues to be an icon of modern glamour. Yet, much of Rodriguez’s work gets better and better with time.\r\n\r\nThe 25 items of clothing and accessories in the new Narciso Rodriguez x Zara, all drawn from his archive, are proof of that. Good design endures.\r\n\r\n“This has been an amazing experience for me,” says Rodriguez of working with Zara. “It was great to go through the archive and revisit things that we loved. It also great to see them through Zara´s design team fresh eyes.\r\n\r\nThey are such a professional team excited about each piece and making sure the essence of the original ones are maintained.”\r\n\r\nThe Narciso Rodriguez x Zara collection reflects both his sharp sense of architecture and the intimacy he established with the body. What made a  Rodriguez dress so sexy was not that it was tight-fitting or revealing, but that the body underneath always remained free. “There’s a beautiful slip dress in the collection that’s bias-cut and with interesting seaming,” he notes. “It’s what people think of when they think of my brand. It’s very liquid. It flows  over the body.”\r\n\r\nHe also pointed to a wrap coat in black double-face wool with side slits and a leather sash belt. “The coat is extraordinary, it’s that meticulous.” And the  designer was happy to see an engineered turtleneck sweater come back to life. The black knit is sheer in parts and solid in others and has a built-in bra.\r\n\r\n“Working with Zara is eye-opening, because everyone is so aware of what’s going on in the world and in fashion,” Rodriguez says. “They have really enthusiastic, energetic people, and they were excited about every aspect of this collaboration. And that was fun for me—to see people who weren’t around when these clothes were first shown, now celebrating and enjoying them as much as we did 20 years ago.”\r\n\r\nNarciso Rodriguez x Zara will be available from 8 September 2022 on Zara.com and in selected stores.', 'Створення одягу завжди було глибоко особистим для американського дизайнера Нарцисо Родрігеза: «Моя сила — це мої тканини, мої майстерні, мої руки», — якось сказав він, — і результатом є самовладання, позачасовий, реалістичний і навіювальний. Ці якості, сама суть сучасної моди, тепер відзначаються Zara в спеціальній співпраці з Родрігезом, перспективою для жінок, які в захваті від його зовнішнього вигляду.\r\n\r\nХронологія видатної кар’єри Родрігеса охоплює понад 30 років і охоплює великий модний рух мінімалізму, ключовим архітектором якого він є. Його найвідомішим дизайном 1996 року стала весільна сукня, яку він пошив для своєї подруги Керолін Бессетт Кеннеді, така надзвичайно проста, що змінила весільний бізнес і продовжує залишатися іконою сучасного гламуру. Проте більшість робіт Родрігеса з часом стають все кращими.\r\n\r\n25 предметів одягу та аксесуарів у новому Narciso Rodriguez x Zara, взяті з його архіву, є тому підтвердженням. Хороший дизайн витримає.\r\n\r\n«Це був дивовижний досвід для мене, — говорить Родрігес про роботу із Zara. «Було чудово переглядати архів і переглядати речі, які нам подобалися. Також чудово бачити їх свіжими очима команди дизайнерів Zara.\r\n\r\nЦе така професійна команда, яка в захваті від кожного твору та дбає про збереження суті оригінальних творів».\r\n\r\nКолекція Narciso Rodriguez x Zara відображає як його гостре почуття архітектури, так і близькість, яку він встановив із тілом. Що робило сукню Rodriguez такою сексуальною не тому, що вона була облягаючою або відкритою, а тому, що тіло під ним завжди залишалося вільним. «У колекції є прекрасна сукня-кроєк і з цікавими швами, — зазначає він. «Це те, про що думають люди, коли думають про мій бренд. Він дуже рідкий. Він тече по тілу».\r\n\r\nВін також вказав на пальто з чорної дволицевої вовни з розрізами з боків і шкіряним поясом. «Пальто надзвичайне, воно таке ретельне». І дизайнер був щасливий, коли повернувся до життя штучний светр з високим горлом. Чорний трикотаж прозорий в деяких частинах і твердий в інших і має вбудований бюстгальтер.\r\n\r\n«Робота з Zara відкриває очі, тому що всі знають, що відбувається у світі та моді», — каже Родрігес. «У них дійсно ентузіасти, енергійні люди, і вони були в захваті від кожного аспекту цієї співпраці. І це було для мене весело — бачити людей, яких не було поруч, коли вперше показували цей одяг, тепер святкують і насолоджуються ним так само, як і ми 20 років тому».\r\n\r\nNarciso Rodriguez x Zara буде доступний з 8 вересня 2022 року на Zara.com і в окремих магазинах.', 'NARCISO RODRIGUEZ x ZARA', 'НАРЦИСО РОДРІГЕС x ZARA');
INSERT INTO `news_news` (`id`, `title`, `content`, `created_at`, `updated_at`, `photo`, `is_published`, `slug`, `category_id`, `content_en`, `content_uk`, `title_en`, `title_uk`) VALUES
(7, 'КАПСУЛЬНА СПІВПРАЦЯ', 'Незалежний британський бренд Studio Nicholson об’єднав зусилля з Zara, щоб представити переваги своєї торгової марки модульної шафи ширшій аудиторії. Запланований на 12 вересня 2022 року Studio Nicholson + Zara представляє компактну колекцію деконструйованої класичної чоловічої одягу. Використовуючи потужність глобального охоплення Zara, лондонський бренд Studio Nicholson може представити новим споживачам неперевершені переваги своєї позачасової функціональності.\r\n\r\nХороший дизайн має бути доступним для всіх. Це унікальне спільне партнерство обіцяє це завдяки колекції, в якій кожен предмет відповідає архетиповій формі Studio Nicholson простоти, цілеспрямованості та грайливої ​​гнучкості в культових формах бренду. Сильні, потужні силуети були викроєні до досконалості та розроблені для безтурботного пересування та багатошаровості в центрі міста.\r\n\r\nНічого не розбавили. Міжнародні зв’язки Zara дозволили засновнику та креативному директору Studio Nicholson Ніку Вейкману застосувати пуристичний підхід до цієї співпраці. З використанням лише тонких тканин та оригінального дизайну створена колекція є тріумфом галузі.\r\n\r\nГоворячи про своє рішення співпрацювати з одним із найуспішніших роздрібних торговців у світі, Нік Вейкман пояснила: «З моменту запуску студії Nicholson у 2010 році я поставив собі за мету створити модульну шафу, яка принесе комфорт, ясність і доречність у щоденних рішеннях. ми робимо, коли одягаємося. Одяг має покращувати наш настрій, рухатися, коли ми це робимо, і ніколи не виглядати застарілим. Підтримуючи цей дух протягом останніх дванадцяти років, я зрозумів, що працює, а що ні. Функціональність і тканина мають вирішальне значення.\r\n\r\nЯ підходжу до кожної нової колекції з такою ж суворістю, як архітектор проектує будівлю, і починаю з того, що фундамент міцно встановлений. Ця увага до деталей означала, що Studio Nicholson — це те, що може замовити не кожен. Співпраця із Zara означає, що модульні шафи відкриваються для нової захоплюючої демографії споживачів; люди, які, можливо, не мали можливості (ще) відчути бренд. Це дає нам канал для поширення естетики в регіонах і громадах, які, можливо, не бачили або не чули про нас раніше. Упродовж свого розвитку Zara зберігала надзвичайно високі редакторські цінності, і це робить їх ідеальним партнером для співпраці зі Studio Nicholson».\r\n\r\nКапсульна колекція з 12 частин включає взуття, окуляри та невеликі шкіряні вироби, а також ковдру. Палітра зберігає випробувані відтінки Studio Nicholson з несподіванкою графічних геометричних в’язаних елементів і яскравими сучасними кольорами. Верхній одяг із високоякісної шкіри в стилі преппі створює структуровану елегантність у поєднанні з типовими об’ємними штанами.\r\n\r\nЗавдяки кампанії, знятій у Нью-Йорку видатним британським фешн-фотографом Крейгом Макдіном, ця колекція доступна з 12 вересня 2022 року на Zara.com і в окремих магазинах.', '2022-10-25 10:24:04.946000', '2022-10-27 07:42:52.893000', 'photo/2022/10/25/Screenshot_32.png', 1, 'capsule-collaboration', 2, 'Independent British brand Studio Nicholson has combined forces with Zara to bring the merits of their trademark modular wardrobe to a wider audience. Due to launch 12 September 2022, Studio Nicholson + Zara presents a compact collection of deconstructed menswear classics. By harnessing the power of Zara’s global reach, the London-based Studio Nicholson brand can introduce the unrivalled benefits of their timeless functionality to new consumers.\r\n\r\nGood design should be accessible to all. This unique collaborative partnership promises this with a collection in which every item follows the archetypal Studio Nicholson form of simplicity, purpose and playful flexibility in the brand’s iconic shapes. Strong, powerful silhouettes have been cut to perfection and engineered for carefree movement and inner-city layering.\r\n\r\nNothing has been diluted. Zara’s international connections have enabled Studio Nicholson founder and creative director Nick Wakeman, to take a purist approach with this collaboration. Using only fine fabrics and original designs, the resulting collection is an industry triumph.\r\n\r\nSpeaking about her decision to partner with one of the world’s most successful retailers, Nick Wakeman explained, “Since launching Studio Nicholson in 2010, I’ve made it my aim to create a modular wardrobe that brings comfort, clarity and relevance to the daily decisions we make when we get dressed. Clothing should improve our mood, move when we do and never look outdated. Maintaining this ethos for the past twelve years has given me an insight into what works – and what doesn’t. Functionality and fabric are crucial.\r\n\r\nI approach every new collection with the same rigour as an architect designs a building – and begin by making sure the foundations are firmly in place. This attention to detail has meant that Studio Nicholson isn’t something that everyone can a ord. The collaboration with Zara means the modular wardrobe is exposed to an exciting new demographic of consumers; people who may not have had the chance (yet) to experience the brand. It gives us a channel to spread the aesthetic to regions and communities who might not have seen or heard of us before. Throughout their growth, Zara has retained extremely high editorial values and this makes them the ideal partner for a Studio Nicholson collaboration.”\r\n\r\nThe 12-part capsule collection includes footwear, eyewear and small leather goods, with the addition of a blanket. The palette retains the tried and tested Studio Nicholson hues with the surprise of graphic geometric knits and pops of contemporary colour. Modern preppy leather outerwear layers bring structured elegance teamed with the hallmark voluminous pants.\r\n\r\nWith a campaign shot in New York by the prominent British fashion photographer, Craig McDean, this collection is available from 12 September 2022 on Zara.com and in selected stores.', 'Незалежний британський бренд Studio Nicholson об’єднав зусилля з Zara, щоб представити переваги своєї торгової марки модульної шафи ширшій аудиторії. Запланований на 12 вересня 2022 року Studio Nicholson + Zara представляє компактну колекцію деконструйованої класичної чоловічої одягу. Використовуючи потужність глобального охоплення Zara, лондонський бренд Studio Nicholson може представити новим споживачам неперевершені переваги своєї позачасової функціональності.\r\n\r\nХороший дизайн має бути доступним для всіх. Це унікальне спільне партнерство обіцяє це завдяки колекції, в якій кожен предмет відповідає архетиповій формі Studio Nicholson простоти, цілеспрямованості та грайливої ​​гнучкості в культових формах бренду. Сильні, потужні силуети були викроєні до досконалості та розроблені для безтурботного пересування та багатошаровості в центрі міста.\r\n\r\nНічого не розбавили. Міжнародні зв’язки Zara дозволили засновнику та креативному директору Studio Nicholson Ніку Вейкману застосувати пуристичний підхід до цієї співпраці. З використанням лише тонких тканин та оригінального дизайну створена колекція є тріумфом галузі.\r\n\r\nГоворячи про своє рішення співпрацювати з одним із найуспішніших роздрібних торговців у світі, Нік Вейкман пояснила: «З моменту запуску студії Nicholson у 2010 році я поставив собі за мету створити модульну шафу, яка принесе комфорт, ясність і доречність у щоденних рішеннях. ми робимо, коли одягаємося. Одяг має покращувати наш настрій, рухатися, коли ми це робимо, і ніколи не виглядати застарілим. Підтримуючи цей дух протягом останніх дванадцяти років, я зрозумів, що працює, а що ні. Функціональність і тканина мають вирішальне значення.\r\n\r\nЯ підходжу до кожної нової колекції з такою ж суворістю, як архітектор проектує будівлю, і починаю з того, що фундамент міцно встановлений. Ця увага до деталей означала, що Studio Nicholson — це те, що може замовити не кожен. Співпраця із Zara означає, що модульні шафи відкриваються для нової захоплюючої демографії споживачів; люди, які, можливо, не мали можливості (ще) відчути бренд. Це дає нам канал для поширення естетики в регіонах і громадах, які, можливо, не бачили або не чули про нас раніше. Упродовж свого розвитку Zara зберігала надзвичайно високі редакторські цінності, і це робить їх ідеальним партнером для співпраці зі Studio Nicholson».\r\n\r\nКапсульна колекція з 12 частин включає взуття, окуляри та невеликі шкіряні вироби, а також ковдру. Палітра зберігає випробувані відтінки Studio Nicholson з несподіванкою графічних геометричних в’язаних елементів і яскравими сучасними кольорами. Верхній одяг із високоякісної шкіри в стилі преппі створює структуровану елегантність у поєднанні з типовими об’ємними штанами.\r\n\r\nЗавдяки кампанії, знятій у Нью-Йорку видатним британським фешн-фотографом Крейгом Макдіном, ця колекція доступна з 12 вересня 2022 року на Zara.com і в окремих магазинах.', 'CAPSULE COLLABORATION', 'КАПСУЛЬНА СПІВПРАЦЯ');

-- --------------------------------------------------------

--
-- Table structure for table `orders_goodsintheorder`
--
-- Creation: Nov 01, 2022 at 09:44 AM
-- Last update: Jan 20, 2023 at 04:29 PM
--

DROP TABLE IF EXISTS `orders_goodsintheorder`;
CREATE TABLE `orders_goodsintheorder` (
  `id` bigint(20) NOT NULL,
  `total_price` decimal(10,2) NOT NULL,
  `nmb` int(11) NOT NULL,
  `price_per_item` decimal(10,2) NOT NULL,
  `order_id` bigint(20) DEFAULT NULL,
  `product_id` bigint(20) DEFAULT NULL,
  `color_id` bigint(20) DEFAULT NULL,
  `size_id` bigint(20) DEFAULT NULL
) ENGINE=InnoDB DEFAULT CHARSET=utf8;

--
-- Dumping data for table `orders_goodsintheorder`
--

INSERT INTO `orders_goodsintheorder` (`id`, `total_price`, `nmb`, `price_per_item`, `order_id`, `product_id`, `color_id`, `size_id`) VALUES
(76, '539.00', 1, '539.00', 52, 13, 16, 49),
(77, '499.00', 1, '499.00', 52, 23, 35, 97),
(78, '839.00', 1, '839.00', 52, 25, 40, 122),
(79, '1399.00', 1, '1399.00', 53, 24, 37, 101),
(80, '1399.00', 1, '1399.00', 54, 24, 37, 101),
(81, '399.00', 1, '399.00', 54, 18, 23, 67),
(82, '699.00', 1, '699.00', 55, 19, 25, 71),
(83, '199.00', 1, '199.00', 55, 21, 30, 84),
(84, '719.00', 1, '719.00', 56, 20, 28, 80),
(85, '1438.00', 2, '719.00', 57, 20, 28, 80),
(86, '899.00', 1, '899.00', 57, 14, 18, 135),
(87, '539.00', 1, '539.00', 57, 13, 16, 49),
(88, '719.00', 1, '719.00', 58, 20, 28, 80),
(89, '899.00', 1, '899.00', 58, 14, 18, 137),
(90, '539.00', 1, '539.00', 59, 13, 16, 49),
(91, '899.00', 1, '899.00', 59, 14, 19, 58),
(92, '999.00', 1, '999.00', 60, 16, 21, 63),
(93, '1078.00', 2, '539.00', 61, 13, 16, 49),
(94, '1078.00', 2, '539.00', 62, 13, 16, 49),
(95, '1078.00', 2, '539.00', 63, 13, 16, 49),
(96, '699.00', 1, '699.00', 63, 19, 25, 71),
(97, '399.00', 1, '399.00', 63, 18, 23, 67),
(98, '899.00', 1, '899.00', 64, 14, 18, 135),
(99, '839.00', 1, '839.00', 64, 25, 40, 122),
(100, '499.00', 1, '499.00', 64, 23, 35, 97),
(101, '699.00', 1, '699.00', 65, 19, 25, 71),
(102, '499.00', 1, '499.00', 65, 23, 35, 97),
(103, '719.00', 1, '719.00', 65, 20, 28, 80),
(104, '899.00', 1, '899.00', 67, 14, 18, 135),
(105, '839.00', 1, '839.00', 70, 25, 40, 122),
(106, '539.00', 1, '539.00', 71, 13, 16, 49),
(107, '798.00', 2, '399.00', 71, 18, 23, 67),
(108, '1678.00', 2, '839.00', 72, 25, 40, 122),
(109, '539.00', 1, '539.00', 72, 13, 16, 49),
(110, '719.00', 1, '719.00', 72, 20, 28, 80),
(111, '719.00', 1, '719.00', 73, 20, 28, 80),
(112, '539.00', 1, '539.00', 74, 13, 16, 49),
(113, '839.00', 1, '839.00', 75, 25, 40, 122),
(114, '899.00', 1, '899.00', 75, 14, 18, 135),
(115, '539.00', 1, '539.00', 76, 13, 16, 49),
(116, '839.00', 1, '839.00', 76, 25, 40, 122),
(117, '899.00', 1, '899.00', 77, 14, 18, 135),
(118, '899.00', 1, '899.00', 78, 14, 18, 135),
(119, '767.00', 1, '767.00', 78, 25, 40, 122);

-- --------------------------------------------------------

--
-- Table structure for table `orders_order`
--
-- Creation: Nov 01, 2022 at 09:44 AM
-- Last update: Jan 20, 2023 at 04:29 PM
--

DROP TABLE IF EXISTS `orders_order`;
CREATE TABLE `orders_order` (
  `id` bigint(20) NOT NULL,
  `first_name` varchar(200) NOT NULL,
  `last_name` varchar(200) NOT NULL,
  `email` varchar(254) NOT NULL,
  `city` varchar(200) NOT NULL,
  `phone_number` varchar(200) NOT NULL,
  `address` varchar(200) NOT NULL,
  `postcode` varchar(200) NOT NULL,
  `created` datetime(6) NOT NULL,
  `updated` datetime(6) NOT NULL,
  `additional_information` longtext NOT NULL,
  `total_price` decimal(10,2) NOT NULL,
  `delivery_id` bigint(20) DEFAULT NULL,
  `payment_method_id` bigint(20) DEFAULT NULL,
  `status_id` bigint(20) DEFAULT NULL,
  `promo_code_id` bigint(20) DEFAULT NULL,
  `user_id` bigint(20) DEFAULT NULL
) ENGINE=InnoDB DEFAULT CHARSET=utf8;

--
-- Dumping data for table `orders_order`
--

INSERT INTO `orders_order` (`id`, `first_name`, `last_name`, `email`, `city`, `phone_number`, `address`, `postcode`, `created`, `updated`, `additional_information`, `total_price`, `delivery_id`, `payment_method_id`, `status_id`, `promo_code_id`, `user_id`) VALUES
(52, 'Rocky', 'Rocky', 'rocky01396@gmail.com', '', '+380631959083', 'Soborna 126', '16730', '2022-10-20 10:53:10.636000', '2022-11-01 09:49:34.882013', '', '1927.00', 1, 2, 1, NULL, 1),
(53, 'Rocky', 'Rocky', 'rocky01396@gmail.com', '', '+380631959083', 'Soborna 126', '16730', '2022-10-20 11:23:54.588000', '2022-11-01 09:49:35.275065', '', '1449.00', 1, 2, 2, NULL, 1),
(54, 'Rocky', 'Rocky', 'rocky01396@gmail.com', '', '+380631959083', 'Soborna 126', '16730', '2022-10-20 13:43:07.291000', '2022-11-01 09:49:36.061639', '', '1848.00', 1, 3, 3, NULL, 1),
(55, 'Rr', 'Rocky', 'rocky01396@gmail.com', '', '+380631959083', 'Soborna 126', '16730', '2022-10-20 13:44:16.376000', '2022-11-01 09:49:36.850969', '', '998.00', 2, 3, 4, NULL, 1),
(56, 'gg', 'Rocky', 'rocky01396@gmail.com', '', '+380631959083', 'Soborna 126', '16730', '2022-10-20 14:36:28.781000', '2022-11-01 09:49:37.237271', '', '819.00', 2, 2, 1, NULL, 1),
(57, 'Олег', 'Цинковский', 'olegtsynkovskiy@gmail.com', '', '+380631959083', 'Отделение №13 (до 30 кг): с. Софиевская Борщаговка, ул. Соборная 140 А (ТРЦ', '16730', '2022-10-27 08:37:09.600000', '2022-11-01 09:49:38.405527', '', '2876.00', 3, 2, 1, NULL, 1),
(58, 'Олег', 'Цинковский', 'olegtsynkovskiy@gmail.com', '', '+380631959083', 'Отделение №13 (до 30 кг): с. Софиевская Борщаговка, ул. Соборная 140 А (ТРЦ', '', '2022-11-01 13:42:39.294993', '2022-11-01 13:42:39.304273', '', '1668.00', 1, 3, 1, NULL, NULL),
(59, 'Олег', 'Цинковский', 'rocky01396@gmail.com', '', '+380631959083', 'Отделение №13 (до 30 кг): с. Софиевская Борщаговка, ул. Соборная 140 А (ТРЦ', '', '2022-11-01 13:45:12.247138', '2022-11-01 13:46:13.995209', '', '1488.00', 1, 4, 3, NULL, 1),
(60, 'LJH', '', 'rocky01396@gmail.com', '', '050', '', '', '2022-11-18 05:30:25.754162', '2022-11-18 05:30:26.189656', '', '1099.00', 2, 3, 1, NULL, 1),
(61, 'Себаст', '', 'jsdlfj@gmail.com', '', '+2384', '', '', '2022-11-21 20:10:22.504301', '2022-11-21 20:10:22.504301', '', '0.00', NULL, 2, 1, NULL, NULL),
(62, 'Себаст', '', 'jsdlfj@gmail.com', '', '+2384', '', '', '2022-11-21 20:13:25.272256', '2022-11-21 20:13:25.272256', '', '0.00', NULL, 2, 1, NULL, NULL),
(63, 'Себаст', '', 'jsdlfj@gmail.com', '', '+2384', '', '', '2022-11-21 20:16:30.773421', '2022-11-21 20:16:32.318396', '', '2176.00', 3, 2, 1, NULL, 1),
(64, 'Framk', '', 'rocky01396@gmail.com', '', '+38050', '', '', '2022-12-02 11:25:08.110127', '2022-12-02 11:25:10.038098', '', '2237.00', 3, 2, 1, NULL, NULL),
(65, 'Oleg', '', 'gjgjgj@gmail.com', '', '+63536526356', '', '', '2022-12-07 07:24:41.401063', '2022-12-07 07:24:43.057166', '', '1967.00', 1, 4, 1, NULL, 1),
(66, 'Олег', 'Цинковский', 'olegtsynkovskiy@gmail.com', '', '+380631959083', 'Отделение №13 (до 30 кг): с. Софиевская Борщаговка, ул. Соборная 140 А (ТРЦ', '', '2022-12-07 07:27:56.465311', '2022-12-07 07:27:56.465311', '', '0.00', NULL, 3, 1, NULL, NULL),
(67, 'Олег', 'Цинковский', 'olegtsynkovskiy@gmail.com', '', '+380631959083', 'Отделение №13 (до 30 кг): с. Софиевская Борщаговка, ул. Соборная 140 А (ТРЦ', '', '2022-12-07 07:28:12.235721', '2022-12-07 07:28:12.763900', '', '999.00', 2, 3, 1, NULL, NULL),
(68, 'Олег', 'Цинковский', 'olegtsynkovskiy@gmail.com', '', '+380631959083', 'Отделение №13 (до 30 кг): с. Софиевская Борщаговка, ул. Соборная 140 А (ТРЦ', '', '2022-12-07 07:35:14.491196', '2022-12-07 07:35:14.491196', '', '0.00', NULL, 2, 1, NULL, NULL),
(69, 'Олег', 'Цинковский', 'olegtsynkovskiy@gmail.com', '', '+380631959083', 'Отделение №13 (до 30 кг): с. Софиевская Борщаговка, ул. Соборная 140 А (ТРЦ', '', '2022-12-07 07:35:37.205958', '2022-12-07 07:35:37.205958', '', '0.00', NULL, 2, 1, NULL, NULL),
(70, 'Олег', 'Цинковский', 'olegtsynkovskiy@gmail.com', '', '+380631959083', 'Отделение №13 (до 30 кг): с. Софиевская Борщаговка, ул. Соборная 140 А (ТРЦ', '', '2022-12-07 07:35:49.529982', '2022-12-07 07:35:50.198724', '', '939.00', 2, 2, 1, NULL, NULL),
(71, 'Олег', 'Цинковский', 'olegtsynkovskiy@gmail.com', '', '+380631959083', 'Отделение №13 (до 30 кг): с. Софиевская Борщаговка, ул. Соборная 140 А (ТРЦ', '', '2022-12-17 15:08:48.143766', '2022-12-17 15:08:48.157570', '', '1387.00', 1, 4, 1, NULL, 1),
(72, 'qqq', 'qqq', 'q@gamil.com', '', '+38050505050', '', '', '2023-01-17 06:45:59.781784', '2023-01-17 06:59:22.005081', '', '2936.00', 3, 3, 1, NULL, 188),
(73, 'wwww', 'wwww', 'qqqqq@gamil.com', '', '+38050505', '', '', '2023-01-17 07:01:59.682600', '2023-01-17 07:01:59.777014', '', '0.00', NULL, 4, 1, NULL, 188),
(74, 'Ілона', 'Щербина', 'olegtsynkovskiy@gmail.com', '', '0631959083', 'Соборна 126', '08153', '2023-01-17 07:05:50.486487', '2023-01-17 07:05:50.579941', '', '0.00', NULL, 5, 1, NULL, 188),
(75, 'Олег', 'Цинковский', 'hhhhovskiy@gmail.com', '', '0631959083', 'Хмельницького 22', '16730', '2023-01-17 07:12:46.326005', '2023-01-17 07:12:46.422572', '', '0.00', NULL, 5, 1, NULL, 188),
(76, 'Олег', 'Цинковский', 'olegtsynkfggggggovskiy@gmail.com', '', '0631959083', 'Хмельницького 22', '16730', '2023-01-17 07:18:07.009324', '2023-01-17 07:18:08.649150', '', '1428.00', 1, 5, 1, NULL, 188),
(77, 'Олег', 'Цинковский', 'olegtsynkovskiy@gmail.com', '', '0631959083', 'Хмельницького 22', '16730', '2023-01-20 16:11:48.710655', '2023-01-20 16:11:48.841337', '', '999.00', 2, 3, 1, NULL, NULL),
(78, 'gfdgf', '', 'sg@gmail.com', '', '+380505', '', '', '2023-01-20 16:29:20.444349', '2023-01-20 16:29:20.559856', '', '1716.00', 1, 3, 1, NULL, NULL);

-- --------------------------------------------------------

--
-- Table structure for table `orders_paymentmethod`
--
-- Creation: Nov 01, 2022 at 09:44 AM
--

DROP TABLE IF EXISTS `orders_paymentmethod`;
CREATE TABLE `orders_paymentmethod` (
  `id` bigint(20) NOT NULL,
  `title` varchar(24) NOT NULL,
  `title_en` varchar(24) DEFAULT NULL,
  `title_uk` varchar(24) DEFAULT NULL
) ENGINE=InnoDB DEFAULT CHARSET=utf8;

--
-- Dumping data for table `orders_paymentmethod`
--

INSERT INTO `orders_paymentmethod` (`id`, `title`, `title_en`, `title_uk`) VALUES
(2, 'Готівкою при отриманні', 'Сash upon receipt', 'Готівкою при отриманні'),
(3, 'Paypal', 'Paypal', 'Paypal'),
(4, 'Банківський переказ', 'Bank Transfer', 'Банківський переказ'),
(5, 'Прямий переказ', 'Direct Check', 'Прямий переказ');

-- --------------------------------------------------------

--
-- Table structure for table `orders_promocode`
--
-- Creation: Nov 01, 2022 at 09:44 AM
--

DROP TABLE IF EXISTS `orders_promocode`;
CREATE TABLE `orders_promocode` (
  `id` bigint(20) NOT NULL,
  `title` varchar(200) NOT NULL,
  `price` int(11) NOT NULL,
  `is_active` tinyint(1) NOT NULL
) ENGINE=InnoDB DEFAULT CHARSET=utf8;

--
-- Dumping data for table `orders_promocode`
--

INSERT INTO `orders_promocode` (`id`, `title`, `price`, `is_active`) VALUES
(1, 'Test', 200, 1);

-- --------------------------------------------------------

--
-- Table structure for table `orders_status`
--
-- Creation: Nov 01, 2022 at 09:44 AM
--

DROP TABLE IF EXISTS `orders_status`;
CREATE TABLE `orders_status` (
  `id` bigint(20) NOT NULL,
  `title` varchar(24) NOT NULL,
  `title_en` varchar(24) DEFAULT NULL,
  `title_uk` varchar(24) DEFAULT NULL
) ENGINE=InnoDB DEFAULT CHARSET=utf8;

--
-- Dumping data for table `orders_status`
--

INSERT INTO `orders_status` (`id`, `title`, `title_en`, `title_uk`) VALUES
(1, 'Новий', 'New', 'Новий'),
(2, 'Готується до відправки', 'Prepare to ship', 'Готується до відправки'),
(3, 'В дорозі', 'On the road', 'В дорозі'),
(4, 'Доставлено', 'Delivered', 'Доставлено');

-- --------------------------------------------------------

--
-- Table structure for table `shop_attributecolor`
--
-- Creation: Nov 01, 2022 at 09:44 AM
--

DROP TABLE IF EXISTS `shop_attributecolor`;
CREATE TABLE `shop_attributecolor` (
  `id` bigint(20) NOT NULL,
  `available` tinyint(1) NOT NULL,
  `color_id` bigint(20) DEFAULT NULL,
  `product_id` bigint(20) NOT NULL
) ENGINE=InnoDB DEFAULT CHARSET=utf8;

--
-- Dumping data for table `shop_attributecolor`
--

INSERT INTO `shop_attributecolor` (`id`, `available`, `color_id`, `product_id`) VALUES
(13, 0, 12, 12),
(14, 1, 5, 12),
(15, 1, 13, 12),
(16, 1, 14, 13),
(17, 1, 8, 13),
(18, 1, 12, 14),
(19, 1, 8, 14),
(20, 1, 9, 15),
(21, 1, 5, 16),
(22, 1, 12, 17),
(23, 1, 12, 18),
(24, 1, 15, 18),
(25, 1, 5, 19),
(26, 1, 12, 19),
(27, 1, 16, 19),
(28, 1, 16, 20),
(29, 1, 17, 20),
(30, 1, 8, 21),
(31, 1, 5, 21),
(32, 1, 12, 21),
(33, 0, 18, 22),
(34, 0, 19, 22),
(35, 1, 5, 23),
(36, 1, 20, 23),
(37, 1, 12, 24),
(40, 1, 5, 25),
(41, 1, 8, 25),
(42, 1, 8, 26),
(43, 1, 5, 27),
(44, 1, 6, 28),
(45, 1, 9, 29),
(46, 1, 19, 29),
(47, 1, 11, 30),
(48, 1, 6, 31),
(49, 1, 21, 32),
(50, 1, 7, 32),
(51, 1, 9, 33);

-- --------------------------------------------------------

--
-- Table structure for table `shop_attributecolorimage`
--
-- Creation: Nov 01, 2022 at 09:44 AM
--

DROP TABLE IF EXISTS `shop_attributecolorimage`;
CREATE TABLE `shop_attributecolorimage` (
  `id` bigint(20) NOT NULL,
  `images` varchar(100) NOT NULL,
  `product_id` bigint(20) NOT NULL
) ENGINE=InnoDB DEFAULT CHARSET=utf8;

--
-- Dumping data for table `shop_attributecolorimage`
--

INSERT INTO `shop_attributecolorimage` (`id`, `images`, `product_id`) VALUES
(14, 'images/2022/10/12/0591M-08X-001-1_4.jpg', 13),
(15, 'images/2022/10/12/0591M-08X-003-1_4.jpg', 13),
(16, 'images/2022/10/12/0591M-08X-002-1_4.jpg', 13),
(17, 'images/2022/10/12/0591M-99X-001-1_7.jpg', 14),
(18, 'images/2022/10/12/0591M-99X-002-1_7.jpg', 14),
(19, 'images/2022/10/12/0591M-99X-003-1_1.jpg', 14),
(20, 'images/2022/10/12/0591M-MLC-001-1_3.jpg', 15),
(21, 'images/2022/10/12/0591M-MLC-003-1_3.jpg', 15),
(22, 'images/2022/10/12/1451C-69X-001-1-504385_6.jpg', 16),
(23, 'images/2022/10/12/1451C-69X-002-1-504385_6.jpg', 16),
(24, 'images/2022/10/12/1451C-69X-003-1-504385_6.jpg', 16),
(25, 'images/2022/10/12/1451C-77X-001-1-504391_4.jpg', 17),
(26, 'images/2022/10/12/1451C-77X-002-1-504391_4.jpg', 17),
(27, 'images/2022/10/12/1451C-77X-003-1-504391_4.jpg', 17),
(28, 'images/2022/10/12/1451C-08X-001-1-503335_5.jpg', 18),
(29, 'images/2022/10/12/1451C-08X-002-1-503335_5.jpg', 18),
(30, 'images/2022/10/12/1451C-67X-001-1-503297_4.jpg', 19),
(31, 'images/2022/10/12/1451C-67X-002-1-503297_4.jpg', 19),
(32, 'images/2022/10/12/1451C-67X-003-1-503297_4.jpg', 19),
(33, 'images/2022/10/12/2063N-50J-003-1-521651.jpg', 20),
(34, 'images/2022/10/12/2063N-50J-001-1-521651.jpg', 20),
(35, 'images/2022/10/12/2063N-50J-002-1-521651.jpg', 20),
(36, 'images/2022/10/12/2108H-99X-001-1-376507.jpg', 21),
(37, 'images/2022/10/12/2108H-99X-010-1-376507.jpg', 21),
(38, 'images/2022/10/12/2108H-99X-011-1-376507.jpg', 21),
(39, 'images/2022/10/12/7458O-02X-001-1-529063.jpg', 22),
(40, 'images/2022/10/12/7458O-02X-010-1-522497_3.jpg', 22),
(41, 'images/2022/10/12/7458O-02X-003-1-529063.jpg', 22),
(42, 'images/2022/10/12/7458O-02X-011-1-522497_3.jpg', 22),
(43, 'images/2022/10/12/7466H-80M-001-1_11.jpg', 23),
(44, 'images/2022/10/12/7466H-80M-002-1_11.jpg', 23),
(45, 'images/2022/10/12/7466H-80M-003-1_11.jpg', 23),
(46, 'images/2022/10/12/7466H-93X-002-1-381653_1.jpg', 24),
(47, 'images/2022/10/12/7466H-93X-003-1-381653_1.jpg', 24),
(48, 'images/2022/10/12/7466H-93X-001-1-381653_1.jpg', 24),
(49, 'images/2022/10/12/6216B-99X-002-1_15.jpg', 25),
(50, 'images/2022/10/12/6216B-99X-001-1_15.jpg', 25),
(51, 'images/2022/10/12/6216B-36X-001-1_17.jpg', 26),
(52, 'images/2022/10/12/6216B-36X-002-1_17.jpg', 26),
(53, 'images/2022/10/12/6216B-02X-002-1_18.jpg', 27),
(54, 'images/2022/10/12/6216B-02X-001-1_18.jpg', 27),
(55, 'images/2022/10/12/6216B-02X-003-1_18.jpg', 27),
(56, 'images/2022/10/12/1286M-02M-001-1_10.jpg', 28),
(57, 'images/2022/10/12/1286M-02M-002-1_10.jpg', 28),
(58, 'images/2022/10/12/1286M-02M-003-1_10.jpg', 28),
(59, 'images/2022/10/12/1286M-04M-001-1_9.jpg', 29),
(60, 'images/2022/10/12/1286M-04M-002-1_9.jpg', 29),
(61, 'images/2022/10/12/6929M-79X-001-1_12.jpg', 30),
(62, 'images/2022/10/12/6929M-79X-002-1_12.jpg', 30),
(63, 'images/2022/10/12/6929M-99X-001-1_11.jpg', 31),
(64, 'images/2022/10/12/6929M-99X-002-1_11.jpg', 31),
(65, 'images/2022/10/12/6929M-08X-001-1_8.jpg', 32),
(66, 'images/2022/10/12/6929M-08X-002-1_8.jpg', 32),
(67, 'images/2022/10/12/8657B-MLC-002-1_1.jpg', 33),
(68, 'images/2022/10/12/8657B-MLC-001-1_1.jpg', 33),
(69, 'images/2022/10/12/8657B-11X-001-1-474401.jpg', 34),
(70, 'images/2022/10/12/8657B-11X-002-1-474401.jpg', 34),
(71, 'images/2022/10/12/0537O-99X-004-1-499307_7.jpg', 35),
(72, 'images/2022/10/12/0537O-99X-010-1-502239_8.jpg', 35),
(73, 'images/2022/10/12/0537O-65X-001-1-499305_5_1.jpg', 36),
(74, 'images/2022/10/12/0537O-65X-002-1-499305_5_1.jpg', 36),
(75, 'images/2022/10/12/0546O-08X-001-1-506013_6.jpg', 37),
(76, 'images/2022/10/12/0546O-08X-002-1-506013_6.jpg', 37),
(84, 'images/2022/10/12/1169P-99X-003-1-553349_1_jrGF6Hd.jpg', 40),
(85, 'images/2022/10/12/1169P-99X-001-1-553349_1_5vh1gaj.jpg', 40),
(86, 'images/2022/10/12/1169P-99X-002-1-553349_1_poLbkvZ.jpg', 40),
(87, 'images/2022/10/12/1169P-76X-001-1-553347_4_1_d9cnXfX.jpg', 41),
(88, 'images/2022/10/12/1169P-76X-003-1-553347_4_awB8XV6.jpg', 41),
(89, 'images/2022/10/12/1169P-76X-002-1-553347_4_cQ3DIJt.jpg', 41),
(90, 'images/2022/10/13/YS167-77X-003-1-553385_1.jpg', 42),
(91, 'images/2022/10/13/YS167-77X-002-1-553385_1.jpg', 42),
(92, 'images/2022/10/13/YS167-77X-001-1-553385_1.jpg', 42),
(93, 'images/2022/10/13/0692C-99X-003-1-553339_5.jpg', 43),
(94, 'images/2022/10/13/0692C-99X-002-1-553339_5.jpg', 43),
(95, 'images/2022/10/13/0692C-99X-001-1-553339_5.jpg', 43),
(96, 'images/2022/10/13/2021P-01M-004-1-553355_2.jpg', 44),
(97, 'images/2022/10/13/2021P-01M-003-1-553355_2.jpg', 44),
(98, 'images/2022/10/13/2021P-01M-002-1-553355_2.jpg', 44),
(99, 'images/2022/10/13/2021P-01M-001-1-553355_2.jpg', 44),
(100, 'images/2022/10/13/2003C-50X-001-1-454237_2.jpg', 45),
(101, 'images/2022/10/13/2003C-50X-002-1-454237_2.jpg', 45),
(102, 'images/2022/10/13/2003C-MLC-001-1-454239_2.jpg', 46),
(103, 'images/2022/10/13/2003C-MLC-002-1-454239_2.jpg', 46),
(104, 'images/2022/10/13/7418O-03X-004-1-520489_4.jpg', 47),
(105, 'images/2022/10/13/7418O-03X-003-1-520489_4_2.jpg', 47),
(106, 'images/2022/10/13/4087M-01X-002-1-487595_7.jpg', 48),
(107, 'images/2022/10/13/4087M-01X-001-1-487595_7.jpg', 48),
(108, 'images/2022/10/13/1218O-09P-003-1-541397_11.jpg', 49),
(109, 'images/2022/10/13/1218O-09P-001-1-541397_11.jpg', 49),
(110, 'images/2022/10/13/1218O-42P-001-1-541385_13.jpg', 50),
(111, 'images/2022/10/13/3189L-99X-008-1-540777_2.jpg', 50),
(112, 'images/2022/10/13/1218O-42P-004-1-541385_13.jpg', 50),
(113, 'images/2022/10/13/1218O-42P-001-1-540781_13.jpg', 50),
(114, 'images/2022/10/13/1171O-59X-001-1-533735_6.jpg', 51),
(115, 'images/2022/10/13/1171O-59X-002-1-533735_6.jpg', 51),
(116, 'images/2022/10/13/1171O-59X-010-1-537797_6.jpg', 51);

-- --------------------------------------------------------

--
-- Table structure for table `shop_attributesize`
--
-- Creation: Nov 01, 2022 at 09:44 AM
--

DROP TABLE IF EXISTS `shop_attributesize`;
CREATE TABLE `shop_attributesize` (
  `id` bigint(20) NOT NULL,
  `available` tinyint(1) NOT NULL,
  `product_id` bigint(20) NOT NULL,
  `size_id` bigint(20) DEFAULT NULL
) ENGINE=InnoDB DEFAULT CHARSET=utf8;

--
-- Dumping data for table `shop_attributesize`
--

INSERT INTO `shop_attributesize` (`id`, `available`, `product_id`, `size_id`) VALUES
(34, 1, 13, 12),
(35, 1, 13, 13),
(36, 0, 13, 14),
(37, 1, 13, 15),
(38, 1, 13, 16),
(39, 1, 13, 17),
(40, 1, 13, 18),
(41, 1, 14, 12),
(42, 1, 14, 13),
(43, 1, 14, 14),
(44, 1, 14, 15),
(45, 1, 15, 14),
(46, 1, 15, 13),
(47, 1, 15, 15),
(48, 1, 15, 16),
(49, 1, 16, 12),
(50, 1, 16, 13),
(51, 1, 16, 14),
(52, 1, 16, 15),
(53, 1, 17, 12),
(54, 1, 17, 13),
(55, 1, 17, 14),
(56, 1, 17, 15),
(57, 1, 17, 16),
(58, 1, 19, 14),
(59, 1, 19, 15),
(60, 1, 20, 13),
(61, 1, 20, 14),
(62, 1, 20, 15),
(63, 1, 21, 19),
(64, 1, 22, 14),
(65, 1, 22, 15),
(66, 1, 22, 16),
(67, 1, 23, 13),
(68, 1, 23, 14),
(69, 1, 24, 13),
(70, 1, 24, 14),
(71, 1, 25, 13),
(72, 1, 25, 17),
(73, 1, 25, 18),
(74, 1, 26, 14),
(75, 1, 26, 15),
(76, 1, 26, 16),
(77, 1, 26, 17),
(78, 1, 27, 13),
(79, 1, 27, 14),
(80, 1, 28, 13),
(81, 1, 28, 17),
(82, 1, 29, 12),
(83, 1, 29, 18),
(84, 1, 30, 15),
(85, 1, 30, 16),
(86, 1, 31, 16),
(87, 1, 31, 17),
(88, 1, 31, 18),
(89, 1, 32, 16),
(90, 1, 32, 17),
(91, 0, 33, 12),
(92, 0, 33, 15),
(93, 0, 33, 16),
(94, 0, 34, 13),
(95, 0, 34, 16),
(96, 0, 34, 17),
(97, 1, 35, 13),
(98, 1, 35, 14),
(99, 1, 36, 15),
(100, 1, 36, 16),
(101, 1, 37, 14),
(102, 1, 37, 15),
(103, 1, 28, 13),
(104, 1, 28, 17),
(105, 1, 29, 14),
(122, 1, 40, 12),
(123, 1, 40, 13),
(124, 1, 40, 14),
(125, 1, 40, 15),
(126, 1, 40, 16),
(127, 1, 40, 17),
(128, 1, 40, 18),
(129, 1, 41, 12),
(130, 1, 41, 13),
(131, 1, 41, 14),
(132, 1, 41, 16),
(133, 1, 41, 17),
(134, 1, 41, 18),
(135, 1, 18, 12),
(136, 1, 18, 13),
(137, 1, 18, 14),
(138, 1, 19, 12),
(139, 1, 19, 13),
(140, 1, 15, 12),
(141, 1, 29, 12),
(142, 1, 35, 12),
(143, 1, 36, 12),
(144, 1, 36, 13),
(145, 1, 36, 14),
(146, 1, 25, 12),
(147, 1, 27, 12),
(148, 1, 27, 13),
(149, 1, 37, 12),
(150, 1, 37, 13),
(151, 1, 23, 12),
(152, 1, 24, 12),
(153, 1, 24, 13),
(154, 1, 30, 12),
(155, 1, 30, 13),
(156, 1, 31, 12),
(157, 1, 32, 12),
(158, 1, 32, 13),
(159, 1, 22, 12),
(160, 0, 33, 12),
(161, 0, 34, 12),
(162, 1, 42, 12),
(163, 1, 42, 13),
(164, 1, 42, 14),
(165, 1, 43, 12),
(166, 1, 43, 13),
(167, 1, 43, 14),
(168, 1, 44, 12),
(169, 1, 44, 13),
(170, 1, 44, 14),
(171, 1, 44, 15),
(172, 1, 45, 12),
(173, 1, 45, 13),
(174, 1, 45, 14),
(175, 1, 45, 16),
(176, 1, 45, 17),
(177, 1, 46, 12),
(178, 1, 46, 13),
(179, 1, 46, 14),
(180, 1, 46, 15),
(181, 1, 47, 12),
(182, 1, 47, 13),
(183, 1, 47, 14),
(184, 1, 47, 15),
(185, 1, 48, 12),
(186, 1, 48, 13),
(187, 1, 48, 14),
(188, 1, 48, 15),
(189, 1, 48, 18),
(190, 1, 49, 12),
(191, 1, 49, 13),
(192, 1, 49, 14),
(193, 1, 49, 16),
(194, 1, 50, 12),
(195, 1, 50, 13),
(196, 1, 50, 14),
(197, 1, 50, 15),
(198, 1, 50, 18),
(199, 1, 51, 12),
(200, 1, 51, 13),
(201, 1, 51, 14),
(202, 1, 51, 15),
(516, 1, 16, 12);

-- --------------------------------------------------------

--
-- Table structure for table `shop_banner`
--
-- Creation: Nov 01, 2022 at 09:44 AM
--

DROP TABLE IF EXISTS `shop_banner`;
CREATE TABLE `shop_banner` (
  `id` bigint(20) NOT NULL,
  `title` varchar(50) NOT NULL,
  `tag_id` bigint(20) NOT NULL,
  `title_en` varchar(50) DEFAULT NULL,
  `title_uk` varchar(50) DEFAULT NULL
) ENGINE=InnoDB DEFAULT CHARSET=utf8;

--
-- Dumping data for table `shop_banner`
--

INSERT INTO `shop_banner` (`id`, `title`, `tag_id`, `title_en`, `title_uk`) VALUES
(1, '1 Баннер на сторінці \"улюблене\"', 2, '1 Banner on the \"favorite\" page', '1 Баннер на сторінці \"улюблене\"'),
(2, '2 Баннер на сторінці \"улюблене\"', 1, '2 Banner on the \"favorite\" page', '2 Баннер на сторінці \"улюблене\"'),
(3, '3 Баннер на сторінці \"улюблене\"', 5, '3 Banner on the \"favorite\" page', '3 Баннер на сторінці \"улюблене\"'),
(4, '4 Баннер на сторінці \"головна\"', 3, '4 Banner on the \"main\" page', '4 Баннер на сторінці \"головна\"'),
(5, '5 Баннер на сторінці \"головна\"', 4, '5 Banner on the \"main\" page', '5 Баннер на сторінці \"головна\"'),
(6, '6 Баннер на сторінці \"головна\"', 2, '6 Banner on the \"main\" page', '6 Баннер на сторінці \"головна\"'),
(7, '7 Баннер на сторінці \"головна\"', 1, '7 Banner on the \"main\" page', '7 Баннер на сторінці \"головна\"'),
(8, '8 Баннер на сторінці \"головна\"', 5, '8 Banner on the \"main\" page', '8 Баннер на сторінці \"головна\"'),
(9, '9 Баннер на сторінці \"головна\"', 3, '9 Banner on the \"main\" page', '9 Баннер на сторінці \"головна\"'),
(10, '10 Баннер на сторінці \"головна\"', 4, '10 Banner on the \"main\" page', '10 Баннер на сторінці \"головна\"');

-- --------------------------------------------------------

--
-- Table structure for table `shop_category`
--
-- Creation: Nov 01, 2022 at 09:44 AM
--

DROP TABLE IF EXISTS `shop_category`;
CREATE TABLE `shop_category` (
  `id` bigint(20) NOT NULL,
  `title` varchar(50) NOT NULL,
  `slug` varchar(50) NOT NULL,
  `picture` varchar(100) DEFAULT NULL,
  `lft` int(10) UNSIGNED NOT NULL,
  `rght` int(10) UNSIGNED NOT NULL,
  `tree_id` int(10) UNSIGNED NOT NULL,
  `level` int(10) UNSIGNED NOT NULL,
  `parent_id` bigint(20) DEFAULT NULL,
  `title_en` varchar(50) DEFAULT NULL,
  `title_uk` varchar(50) DEFAULT NULL
) ENGINE=InnoDB DEFAULT CHARSET=utf8;

--
-- Dumping data for table `shop_category`
--

INSERT INTO `shop_category` (`id`, `title`, `slug`, `picture`, `lft`, `rght`, `tree_id`, `level`, `parent_id`, `title_en`, `title_uk`) VALUES
(1, 'Одяг', 'odyag', 'photo/2022/09/28/1635P-99X-001-1-512793_1.jpg', 1, 20, 3, 0, NULL, 'Clothing', 'Одяг'),
(2, 'Жіночий одяг', 'zhinochij-odyag', 'photo/2022/09/28/1635P-99X-001-1-512793_1_Iins1zq.jpg', 4, 17, 3, 1, 1, 'Women\'s clothes', 'Жіночий одяг'),
(3, 'Чоловічий одяг', 'cholovichij-odyag', 'photo/2022/09/28/0028O-67P-001-1-510789_6.jpg', 18, 19, 3, 1, 1, 'Men\'s clothing', 'Чоловічий одяг'),
(4, 'Дитячий одяг', 'dityachij-odyag', 'photo/2022/09/28/0117M-05X-001-1_6_TH2gS5r.jpg', 2, 3, 3, 1, 1, 'Children\'s clothing', 'Дитячий одяг'),
(5, 'Сукні', 'sukni', 'photo/2022/09/28/3152P-33X-003-1-520359_1.jpg', 13, 14, 3, 2, 2, 'Dresses', 'Сукні'),
(6, 'Светри', 'svetri', 'photo/2022/09/28/9466E-01X-001-1-507679_2.jpg', 9, 10, 3, 2, 2, 'Sweaters', 'Светри'),
(7, 'Аксесуари', 'aksesuari', 'photo/2022/09/28/2269H-99X-030-1_3.jpg', 1, 2, 1, 0, NULL, 'Accessories', 'Аксесуари'),
(8, 'Білизна', 'bilizna', 'photo/2022/09/30/9345J-99X-005-1.jpg', 1, 6, 2, 0, NULL, 'Whiteness', 'Білизна'),
(9, 'Піжами', 'pizhami', 'photo/2022/09/30/1806R-70X-002-1-555979_1.jpg', 1, 2, 4, 0, NULL, 'Pajamas', 'Піжами'),
(10, 'Футболки, топи', 'futbolki-topi', 'photo/2022/09/30/9898B-08X-002-1_3.jpg', 15, 16, 3, 2, 2, 'T-shirts, tops', 'Футболки, топи'),
(11, 'Піджаки', 'pidzhaki', 'photo/2022/10/13/YS167-77X-001-1-553385_1.jpg', 5, 6, 3, 2, 2, 'Jackets', 'Піджаки'),
(12, 'Рубашки', 'rubashki', 'photo/2022/10/13/0692C-99X-001-1-553339_5.jpg', 7, 8, 3, 2, 2, 'Shirts', 'Рубашки'),
(13, 'Спідниці', 'spidnici', 'photo/2022/10/13/2003C-50X-001-1-454237_2.jpg', 11, 12, 3, 2, 2, 'Skirts', 'Спідниці'),
(14, 'Бюстгальтер', 'byustgalter', 'photo/2022/10/13/3992M-03X-001-1-486141_1.jpg', 2, 3, 2, 1, 8, 'Bra', 'Бюстгальтер'),
(15, 'Піжамні комплекти', 'pizhamni-komplekti', 'photo/2022/10/13/4087M-01X-001-1-487595_7.jpg', 4, 5, 2, 1, 8, 'Pajama sets', 'Піжамні комплекти');

-- --------------------------------------------------------

--
-- Table structure for table `shop_color`
--
-- Creation: Nov 01, 2022 at 09:44 AM
--

DROP TABLE IF EXISTS `shop_color`;
CREATE TABLE `shop_color` (
  `id` bigint(20) NOT NULL,
  `value` varchar(15) DEFAULT NULL,
  `value_en` varchar(15) DEFAULT NULL,
  `value_uk` varchar(15) DEFAULT NULL
) ENGINE=InnoDB DEFAULT CHARSET=utf8;

--
-- Dumping data for table `shop_color`
--

INSERT INTO `shop_color` (`id`, `value`, `value_en`, `value_uk`) VALUES
(5, 'Чорний', 'Black', 'Чорний'),
(6, 'Білий', 'White', 'Білий'),
(7, 'Червоний', 'Red', 'Червоний'),
(8, 'Зелений', 'Green', 'Зелений'),
(9, 'Синій', 'Blue', 'Синій'),
(10, 'Голубий', 'Blue', 'Голубий'),
(11, 'Рожевий', 'Pink', 'Рожевий'),
(12, 'Бежевий', 'Beige', 'Бежевий'),
(13, 'Чорнобілий', 'Black and white', 'Чорнобілий'),
(14, 'Бірюзовий', 'Turquoise', 'Бірюзовий'),
(15, 'Червоне дерево', 'Red tree', 'Червоне дерево'),
(16, 'Нюдовий', 'Naked', 'Нюдовий'),
(17, 'Лавандовий', 'Lavender', 'Лавандовий'),
(18, 'Різнобарвний', 'Variegated', 'Різнобарвний'),
(19, 'Жовтий', 'Yellow', 'Жовтий'),
(20, 'Ментоловий', 'Menthol', 'Ментоловий'),
(21, 'Сірий', 'Gray', 'Сірий');

-- --------------------------------------------------------

--
-- Table structure for table `shop_country`
--
-- Creation: Nov 01, 2022 at 09:44 AM
--

DROP TABLE IF EXISTS `shop_country`;
CREATE TABLE `shop_country` (
  `id` bigint(20) NOT NULL,
  `title` varchar(100) NOT NULL,
  `slug` varchar(50) NOT NULL,
  `title_en` varchar(100) DEFAULT NULL,
  `title_uk` varchar(100) DEFAULT NULL
) ENGINE=InnoDB DEFAULT CHARSET=utf8;

--
-- Dumping data for table `shop_country`
--

INSERT INTO `shop_country` (`id`, `title`, `slug`, `title_en`, `title_uk`) VALUES
(1, 'Україна', 'ukrayina', 'Ukraine', 'Україна');

-- --------------------------------------------------------

--
-- Table structure for table `shop_currency`
--
-- Creation: Nov 01, 2022 at 09:43 AM
--

DROP TABLE IF EXISTS `shop_currency`;
CREATE TABLE `shop_currency` (
  `id` bigint(20) NOT NULL,
  `title` varchar(100) NOT NULL,
  `rate` int(11) NOT NULL
) ENGINE=InnoDB DEFAULT CHARSET=utf8;

--
-- Dumping data for table `shop_currency`
--

INSERT INTO `shop_currency` (`id`, `title`, `rate`) VALUES
(1, 'USD', 1);

-- --------------------------------------------------------

--
-- Table structure for table `shop_defaultvarieties`
--
-- Creation: Jan 13, 2023 at 11:39 AM
--

DROP TABLE IF EXISTS `shop_defaultvarieties`;
CREATE TABLE `shop_defaultvarieties` (
  `id` bigint(20) NOT NULL,
  `color_pk` int(10) UNSIGNED DEFAULT NULL,
  `size_pk` int(10) UNSIGNED DEFAULT NULL,
  `title_photo` varchar(200) DEFAULT NULL,
  `color_id` bigint(20) DEFAULT NULL,
  `product_id` bigint(20) NOT NULL,
  `size_id` bigint(20) DEFAULT NULL
) ENGINE=InnoDB DEFAULT CHARSET=utf8;

--
-- Dumping data for table `shop_defaultvarieties`
--

INSERT INTO `shop_defaultvarieties` (`id`, `color_pk`, `size_pk`, `title_photo`, `color_id`, `product_id`, `size_id`) VALUES
(1, 40, 122, '/media/images/2022/10/12/1169P-99X-003-1-553349_1_jrGF6Hd.jpg', 40, 25, 122),
(2, 18, 135, '/media/images/2022/10/12/1451C-08X-001-1-503335_5.jpg', 18, 14, 135),
(3, 16, 49, '/media/images/2022/10/12/1451C-69X-001-1-504385_6.jpg', 16, 13, 49),
(4, 28, 80, '/media/images/2022/10/12/1286M-02M-001-1_10.jpg', 28, 20, 80),
(5, 25, 71, '/media/images/2022/10/12/6216B-99X-002-1_15.jpg', 25, 19, 71),
(6, 35, 97, '/media/images/2022/10/12/0537O-99X-004-1-499307_7.jpg', 35, 23, 97),
(7, 23, 67, '/media/images/2022/10/12/7466H-80M-001-1_11.jpg', 23, 18, 67),
(10, 37, 101, '/media/images/2022/10/12/0546O-08X-001-1-506013_6.jpg', 37, 24, 101),
(11, 51, 199, '/media/images/2022/10/13/1171O-59X-001-1-533735_6.jpg', 51, 33, 199),
(12, 49, 190, '/media/images/2022/10/13/1218O-09P-003-1-541397_11.jpg', 49, 32, 190),
(13, 45, 172, '/media/images/2022/10/13/2003C-50X-001-1-454237_2.jpg', 45, 29, 172),
(14, 42, 162, '/media/images/2022/10/13/YS167-77X-003-1-553385_1.jpg', 42, 26, 162),
(15, 43, 165, '/media/images/2022/10/13/0692C-99X-003-1-553339_5.jpg', 43, 27, 165),
(16, 44, 168, '/media/images/2022/10/13/2021P-01M-004-1-553355_2.jpg', 44, 28, 168),
(17, 47, 181, '/media/images/2022/10/13/7418O-03X-004-1-520489_4.jpg', 47, 30, 181),
(18, 48, 185, '/media/images/2022/10/13/4087M-01X-002-1-487595_7.jpg', 48, 31, 185),
(19, 21, 63, '/media/images/2022/10/12/2108H-99X-001-1-376507.jpg', 21, 16, 63),
(20, 30, 84, '/media/images/2022/10/12/6929M-79X-001-1_12.jpg', 30, 21, 84),
(21, 20, 60, '/media/images/2022/10/12/2063N-50J-003-1-521651.jpg', 20, 15, 60),
(22, 22, 64, '/media/images/2022/10/12/7458O-02X-001-1-529063.jpg', 22, 17, 64),
(23, 14, 41, '/media/images/2022/10/12/0591M-99X-001-1_7.jpg', 14, 12, 41),
(24, NULL, NULL, '/media/images/2022/10/12/8657B-MLC-002-1_1.jpg', NULL, 22, NULL);

-- --------------------------------------------------------

--
-- Table structure for table `shop_delivery`
--
-- Creation: Nov 01, 2022 at 09:44 AM
--

DROP TABLE IF EXISTS `shop_delivery`;
CREATE TABLE `shop_delivery` (
  `id` bigint(20) NOT NULL,
  `title` varchar(50) NOT NULL,
  `price` int(11) NOT NULL,
  `order_price` int(11) NOT NULL,
  `is_active` tinyint(1) NOT NULL,
  `title_en` varchar(50) DEFAULT NULL,
  `title_uk` varchar(50) DEFAULT NULL
) ENGINE=InnoDB DEFAULT CHARSET=utf8;

--
-- Dumping data for table `shop_delivery`
--

INSERT INTO `shop_delivery` (`id`, `title`, `price`, `order_price`, `is_active`, `title_en`, `title_uk`) VALUES
(1, 'Більше 1000', 50, 1000, 1, 'More than 1000', 'Більше 1000'),
(2, 'Більше 0', 100, 0, 1, 'More than 0', 'Більше 0'),
(3, 'Більше 2000', 0, 2000, 1, 'More than 2000', 'Більше 2000');

-- --------------------------------------------------------

--
-- Table structure for table `shop_manufacturer`
--
-- Creation: Nov 01, 2022 at 09:44 AM
--

DROP TABLE IF EXISTS `shop_manufacturer`;
CREATE TABLE `shop_manufacturer` (
  `id` bigint(20) NOT NULL,
  `title` varchar(100) NOT NULL,
  `slug` varchar(50) NOT NULL,
  `picture` varchar(100) DEFAULT NULL
) ENGINE=InnoDB DEFAULT CHARSET=utf8;

--
-- Dumping data for table `shop_manufacturer`
--

INSERT INTO `shop_manufacturer` (`id`, `title`, `slug`, `picture`) VALUES
(1, 'Reserved', 'reserved', 'photo/2022/10/12/15.png'),
(2, 'ZARA', 'zara', 'photo/2022/10/12/22.png'),
(3, 'H&M', 'hm', 'photo/2022/10/12/21.png'),
(4, 'House', 'house', 'photo/2022/10/12/14.png'),
(5, 'Sinsay', 'sinsay', 'photo/2022/10/12/18.png'),
(6, 'PULL&BEAR', 'pullbear', 'photo/2022/10/12/17.png'),
(7, 'Massimo Dutti', 'massimo-dutti', 'photo/2022/10/12/16.png'),
(8, 'Mango', 'mango', 'photo/2022/10/12/13.png'),
(9, 'Stradivarius', 'stradivarius', 'photo/2022/10/12/19.png');

-- --------------------------------------------------------

--
-- Table structure for table `shop_product`
--
-- Creation: Nov 16, 2022 at 08:20 AM
-- Last update: Jan 20, 2023 at 04:29 PM
--

DROP TABLE IF EXISTS `shop_product`;
CREATE TABLE `shop_product` (
  `id` bigint(20) NOT NULL,
  `title` varchar(200) NOT NULL,
  `slug` varchar(50) NOT NULL,
  `available` tinyint(1) NOT NULL,
  `price` decimal(10,0) NOT NULL,
  `discount` decimal(10,0) NOT NULL,
  `price_now` decimal(10,0) NOT NULL,
  `description` longtext NOT NULL,
  `param` longtext NOT NULL,
  `vendor_code` varchar(50) NOT NULL,
  `global_id` varchar(50) NOT NULL,
  `count_sale` int(11) NOT NULL,
  `created_at` datetime(6) NOT NULL,
  `category_id` bigint(20) DEFAULT NULL,
  `country_id` bigint(20) DEFAULT NULL,
  `currency_id` bigint(20) DEFAULT NULL,
  `manufacturer_id` bigint(20) DEFAULT NULL,
  `description_en` longtext,
  `description_uk` longtext,
  `param_en` longtext,
  `param_uk` longtext,
  `title_en` varchar(200) DEFAULT NULL,
  `title_uk` varchar(200) DEFAULT NULL,
  `count_reviews` int(11) NOT NULL,
  `rating` decimal(10,0) NOT NULL
) ENGINE=InnoDB DEFAULT CHARSET=utf8;

--
-- Dumping data for table `shop_product`
--

INSERT INTO `shop_product` (`id`, `title`, `slug`, `available`, `price`, `discount`, `price_now`, `description`, `param`, `vendor_code`, `global_id`, `count_sale`, `created_at`, `category_id`, `country_id`, `currency_id`, `manufacturer_id`, `description_en`, `description_uk`, `param_en`, `param_uk`, `title_en`, `title_uk`, `count_reviews`, `rating`) VALUES
(12, 'Бавовняна сукня', 'bavovnyana-suknya', 1, '599', '30', '419', 'Сукня вільного крою, виготовлена з трикотажу з високим вмістом бавовни.', 'кругла горловина\r\nкороткі рукави\r\nопущена лінія плечей\r\nдовжина міні\r\n\r\n\r\nЗріст моделі: 177 cm\r\n\r\nНа моделі розмір S/36', '0591M-08X', '', 2, '2022-10-12 03:46:26.081000', 5, 1, 1, 1, 'Dress with a free cut, made of knitwear with a high cotton content.', 'Сукня вільного крою, виготовлена з трикотажу з високим вмістом бавовни.', '\"round neck\nshort sleeves\ndropped shoulder line\nlength min\n\n\nModel\'s height: 177 cm\n\nModel size S/36\"', 'кругла горловина\r\nкороткі рукави\r\nопущена лінія плечей\r\nдовжина міні\r\n\r\n\r\nЗріст моделі: 177 cm\r\n\r\nНа моделі розмір S/36', 'Cotton dress', 'Бавовняна сукня', 0, '5'),
(13, 'Віскозне плаття', 'viskozne-plattya', 1, '899', '40', '539', 'Сукня-сорочка з тканини з високим вмістом віскози.', 'класичний комір\r\nдовгі рукави з манжетами на ґудзиках\r\nзастібка на ґудзики\r\nрозрізи з боків', '1451C-69X', '', 20, '2022-10-12 04:13:18.287000', 2, 1, 1, 1, 'Shirt dress made of fabric with a high viscose content.', 'Сукня-сорочка з тканини з високим вмістом віскози.', '\"classic collar\r\nlong sleeves with button cuffs\r\nbutton fastening\r\nside slits\"', 'класичний комір\r\nдовгі рукави з манжетами на ґудзиках\r\nзастібка на ґудзики\r\nрозрізи з боків', 'Viscose dress', 'Віскозне плаття', 1, '5'),
(14, 'Viscose stylish dress', 'viskozne-stilne-plattya', 1, '899', '0', '899', 'Shirt dress made of fabric with a high viscose content.', '\"classic collar\nlong sleeves with button cuffs\nbutton fastening\ncuts from the sides\n\n\nModel height: 176 cm\n\nModel size S/36\"', '', '', 26, '2022-10-12 04:40:59.307000', 5, 1, 1, 2, 'Shirt dress made of fabric with a high viscose content.', 'Сукня-сорочка з тканини з високим вмістом віскози.', '\"classic collar\nlong sleeves with button cuffs\nbutton fastening\ncuts from the sides\n\n\nModel height: 176 cm\n\nModel size S/36\"', 'класичний комір\r\nдовгі рукави з манжетами на ґудзиках\r\nзастібка на ґудзики\r\nрозрізи з боків\r\n\r\n\r\nЗріст моделі: 176 cm\r\n\r\nНа моделі розмір S/36', 'Viscose stylish dress', 'Віскозне стильне плаття', 2, '5'),
(15, 'Джинсова дитяча сукня', 'dzhinsova-dityacha-suknya', 1, '699', '0', '699', 'Останнім часом розвиток нашої компанії став більш збалансованим. Використання більш екологічної сировини з сертифікованих джерел і застосування природозберігаючих технологій у процесі виробництва одягу дозволяє нам поступово знижувати вплив продукції на навколишнє середовище.', 'вузький комір\r\nвідрізна талія зі збіркою\r\nдекоративна стрічка', '', '', 5, '2022-10-12 04:42:49.630000', 4, 1, 1, 1, 'Recently, the development of our company has become more balanced. The use of more ecological raw materials from certified sources and the use of environmentally friendly technologies in the process of clothing production allow us to gradually reduce the impact of products on the environment.', 'Останнім часом розвиток нашої компанії став більш збалансованим. Використання більш екологічної сировини з сертифікованих джерел і застосування природозберігаючих технологій у процесі виробництва одягу дозволяє нам поступово знижувати вплив продукції на навколишнє середовище.', '\"narrow collar\ncut-out waist with assembly\ndecorative ribbon\"', 'вузький комір\r\nвідрізна талія зі збіркою\r\nдекоративна стрічка', 'Denim children\'s dress', 'Джинсова дитяча сукня', 0, '5'),
(16, 'Handbag made of artificial crocodile skin', 'sumochka-zi-shtuchnoyi-krokodilyachoyi-shkiri', 1, '999', '0', '999', 'zip closure\nextra pocket inside', 'Bag dimensions: 31 x 30 x 18 cm', '', '', 6, '2022-10-12 04:46:13.579000', 7, 1, 1, 2, 'zip closure\nextra pocket inside', 'застібка на блискавку\r\nдодаткова кишеня всередині', 'Bag dimensions: 31 x 30 x 18 cm', 'Розміри сумки: 31 x 30 x 18 cm', 'Handbag made of artificial crocodile skin', 'Сумочка зі штучної крокодилячої шкіри', 1, '3'),
(17, 'Бандажні бюстгальтери, 2 шт.', 'bandazhni-byustgalteri-2-sht', 1, '399', '0', '399', 'без застібки', 'склад головної тканини: 95% БАВОВНА, 5% ЕЛАСТАН', '', '', 5, '2022-10-12 04:50:11.129000', 8, 1, 1, 1, 'without a clasp', 'без застібки', 'composition of the main fabric: 95% COTTON, 5% ELASTAN', 'склад головної тканини: 95% БАВОВНА, 5% ЕЛАСТАН', 'Bandage bras, 2 pcs.', 'Бандажні бюстгальтери, 2 шт.', 0, '5'),
(18, 'Трикотажна водолазка', 'trikotazhna-vodolazka', 1, '399', '0', '399', 'Водолазка обтислого крою з м’якого трикотажу з високим вмістом віскози.', 'комір-гольф\r\n\r\n\r\nЗріст моделі: 178 cm\r\n\r\nНа моделі розмір S/36', '', '', 10, '2022-10-12 04:54:48.032000', 6, 1, 1, 9, 'Slim fit turtleneck made of soft knitwear with a high viscose content.', 'Водолазка обтислого крою з м’якого трикотажу з високим вмістом віскози.', '\"collar-golf\n\n\nModel\'s height: 178 cm\n\nModel size S/36\"', 'комір-гольф\r\n\r\n\r\nЗріст моделі: 178 cm\r\n\r\nНа моделі розмір S/36', 'Knitted turtleneck', 'Трикотажна водолазка', 2, '4'),
(19, 'Rib knit turtleneck', 'vodolazka-z-trikotazhu-v-rubchik', 1, '699', '0', '699', '\"collar-golf\nlong sleeves\n\n\nModel\'s height: 177 cm\n\nModel size S/36\"', 'main fabric composition: 70% VISCOSE, 30% POLYAMIDE', '', '', 11, '2022-10-12 04:58:13.086000', 6, 1, 1, 4, '\"collar-golf\nlong sleeves\n\n\nModel\'s height: 177 cm\n\nModel size S/36\"', 'комір-гольф\r\nдовгі рукави\r\n\r\n\r\nЗріст моделі: 177 cm\r\n\r\nНа моделі розмір S/36', 'main fabric composition: 70% VISCOSE, 30% POLYAMIDE', 'склад головної тканини: 70% ВІСКОЗА, 30% ПОЛІАМІД', 'Rib knit turtleneck', 'Водолазка з трикотажу в рубчик', 1, '4'),
(20, 'Кофта з ворсистого трикотажу', 'kofta-z-vorsistogo-trikotazhu', 1, '899', '20', '719', 'V-подібний викот\r\nзастібка на ґудзики\r\nширокі довгі рукави\r\n\r\n\r\nЗріст моделі: 180 cm\r\n\r\nНа моделі розмір S/36', 'склад головної тканини: 60% ПОЛІАМІД, 40% АКРИЛ', '', '', 16, '2022-10-12 04:59:52.442000', 6, 1, 1, 8, '\"V-shaped roll-out\nbutton fastening\nwide long sleeves\n\n\nModel height: 180 cm\n\nModel size S/36\"', 'V-подібний викот\r\nзастібка на ґудзики\r\nширокі довгі рукави\r\n\r\n\r\nЗріст моделі: 180 cm\r\n\r\nНа моделі розмір S/36', 'main fabric composition: 60% POLYAMIDE, 40% ACRYLIC', 'склад головної тканини: 60% ПОЛІАМІД, 40% АКРИЛ', 'A sweater made of pile knitwear', 'Кофта з ворсистого трикотажу', 3, '4'),
(21, 'Топ slim fit', 'top-slim-fit', 1, '199', '0', '199', 'квадратне декольте\r\nдекоративні ґудзики\r\nширокі бретельки\r\n\r\n\r\nЗріст моделі: 176 cm\r\n\r\nНа моделі розмір S/36', '95% БАВОВНА, 5% ЕЛАСТАН', '', '', 6, '2022-10-12 05:02:33.363000', 10, 1, 1, 6, '\"square neckline\ndecorative buttons\nwide straps\n\n\nModel height: 176 cm\n\nModel size S/36\"', 'квадратне декольте\r\nдекоративні ґудзики\r\nширокі бретельки\r\n\r\n\r\nЗріст моделі: 176 cm\r\n\r\nНа моделі розмір S/36', '95% COTTON, 5% ELASTANE', '95% БАВОВНА, 5% ЕЛАСТАН', 'Top slim fit', 'Топ slim fit', 0, '5'),
(22, 'Кроп топ із бавовни', 'krop-top-iz-bavovni', 0, '499', '0', '499', 'горловина халтер\r\nвізерунок у смужку\r\n\r\n\r\nЗріст моделі: 179 cm\r\n\r\nНа моделі розмір 36', 'горловина халтер\r\nвізерунок у смужку', '', '', 4, '2022-10-12 05:05:14.876000', 10, 1, 1, 7, '\"neck halter\nstriped pattern\n\n\nModel height: 179 cm\n\nModel size 36\"', 'горловина халтер\r\nвізерунок у смужку\r\n\r\n\r\nЗріст моделі: 179 cm\r\n\r\nНа моделі розмір 36', '\"neck halter\nstriped pattern\"', 'горловина халтер\r\nвізерунок у смужку', 'Cotton crop top', 'Кроп топ із бавовни', 0, '5'),
(23, 'Cotton vest', 'bavovnyanij-zhilet', 1, '499', '0', '499', '\"V-shaped roll-out\nthe bottom and cuffs are decorated with elastic\n\n\nheight of the model: 184 cm\n\nModel size M\"', 'main fabric composition: 100% COTTON', '', '', 11, '2022-10-12 05:07:24.269000', 3, 1, 1, 3, '\"V-shaped roll-out\nthe bottom and cuffs are decorated with elastic\n\n\nheight of the model: 184 cm\n\nModel size M\"', 'V-подібний викот\r\nниз та манжети оформлені гумкою\r\n\r\n\r\nзріст моделі: 184 cm\r\n\r\nНа моделі розмір M', 'main fabric composition: 100% COTTON', 'склад головної тканини: 100% БАВОВНА', 'Cotton vest', 'Бавовняний жилет', 1, '3'),
(24, 'Carrot pants with a high cotton content', 'shtani-carrot-z-visokim-vmistom-bavovni', 1, '1399', '0', '1399', '\"two diagonal pockets on the sides\ntwo slit pockets at the back\nlong pants\n\n\nmodel height: 186 cm\"', 'main fabric composition: 98% COTTON, 2% ELASTAN', '', '', 8, '2022-10-12 05:08:30.862000', 3, 1, 1, 9, '\"two diagonal pockets on the sides\ntwo slit pockets at the back\nlong pants\n\n\nmodel height: 186 cm\"', 'дві діагональні кишені з боків\r\nдві прорізні кишені ззаду\r\nдовгі штанини\r\n\r\n\r\nзріст моделі: 186 cm', 'main fabric composition: 98% COTTON, 2% ELASTAN', 'склад головної тканини: 98% БАВОВНА, 2% ЕЛАСТАН', 'Carrot pants with a high cotton content', 'Штани carrot з високим вмістом бавовни', 1, '5'),
(25, 'Smooth mini dress', 'gladka-suknya-min', 1, '1199', '36', '767', '\"Free-cut dress made of smooth fabric.\n\nshort voluminous sleeves\nsquare cut in front and back\ncut waist\"', 'Height of the model: 176 cm\n\nModel size S/36', '', '', 43, '2022-10-12 12:20:51.438000', 5, 1, 1, 1, '\"Free-cut dress made of smooth fabric.\n\nshort voluminous sleeves\nsquare cut in front and back\ncut waist\"', 'Сукня вільного крою із гладкої тканини.\r\n\r\nкороткі об’ємні рукави\r\nквадратний виріз спереду і ззаду\r\nвідрізна талія', 'Height of the model: 176 cm\n\nModel size S/36', 'Зріст моделі: 176 cm\r\n\r\nНа моделі розмір S/36', 'Smooth mini dress', 'Гладка сукня міні', 0, '5'),
(26, 'БЛЕЙЗЕР ЖІНОЧИЙ', 'blejzer-zhinochij', 1, '1999', '35', '1299', 'кругла горловина\r\nдовгі рукави з оформленими гумкою манжетами', 'Зріст моделі: 176 cm\r\n\r\nНа моделі розмір S/36', 'YS167-77X', '', 3, '2022-10-13 13:03:43.149000', 11, 1, 1, 2, '\"round neck\nlong sleeves with elasticated cuffs\"', 'кругла горловина\r\nдовгі рукави з оформленими гумкою манжетами', '\"Height of the model: 176 cm\n\nModel size S/36\"', 'Зріст моделі: 176 cm\r\n\r\nНа моделі розмір S/36', 'WOMEN\'S BLAZER', 'БЛЕЙЗЕР ЖІНОЧИЙ', 0, '5'),
(27, 'Жіноча рубашка', 'zhinocha-rubashka', 1, '1399', '35', '909', 'класичний комір\r\nдовгі рукави з манжетами на ґудзиках\r\nзастібка на ґудзики\r\nдві кишені з боків', 'Зріст моделі: 176 cm\r\n\r\nНа моделі розмір S/36', '', '', 3, '2022-10-13 13:05:23.755000', 12, 1, 1, 1, '\"classic collar\nlong sleeves with button cuffs\nbutton fastening\ntwo side pockets', 'класичний комір\r\nдовгі рукави з манжетами на ґудзиках\r\nзастібка на ґудзики\r\nдві кишені з боків', 'Model height: 176 cm\n\nThe model has size S/36', 'Зріст моделі: 176 cm\r\n\r\nНа моделі розмір S/36', 'Women\'s shirt', 'Жіноча рубашка', 0, '5'),
(28, 'Women\'s sweater', 'sviter-zhinochij', 1, '999', '25', '749', 'turtleneck\ndropped shoulder line\nlong sleeves', 'Model height: 176 cm\n\nThe model has size S/36', '', '', 3, '2022-10-13 13:07:05.687000', 6, 1, 1, 2, 'turtleneck\ndropped shoulder line\nlong sleeves', 'водолазка\r\nопущена лінія плечей\r\nдовгі рукави', 'Model height: 176 cm\n\nThe model has size S/36', 'Зріст моделі: 176 cm\r\n\r\nНа моделі розмір S/36', 'Women\'s sweater', 'Світер жіночий', 1, '2'),
(29, 'Мідіспідниця', 'midispidnicya', 1, '459', '20', '367', 'потайна застібка-блискавка на спині\r\nефектні збірки спереду\r\nспереду високий розріз', 'Зріст моделі: 180 cm\r\n\r\nНа моделі розмір 36', '', '', 4, '2022-10-13 13:09:04.782000', 13, 1, 1, 1, 'concealed zipper on the back\nspectacular assemblies in front\nhigh front cut\"', 'потайна застібка-блискавка на спині\r\nефектні збірки спереду\r\nспереду високий розріз', 'Model height: 180 cm\n\nSize 36 on the model', 'Зріст моделі: 180 cm\r\n\r\nНа моделі розмір 36', 'Midi skirt', 'Мідіспідниця', 1, '5'),
(30, 'Мереживний бюстгальтер', 'merezhivnij-byustgalter', 1, '499', '35', '324', 'вузькі регульовані бретельки\r\nзастібається на гачки', 'склад головної тканини: 75% ПОЛІЕСТЕР, 25% ПОЛІАМІД\r\nСклад_підкладочка тканина 1: 85% ПОЛІАМІД, 15% ЕЛАСТАН', '', '', 2, '2022-10-13 13:11:30.588000', 14, 1, 1, 1, '\"narrow adjustable straps\nfastens with hooks\"', 'вузькі регульовані бретельки\r\nзастібається на гачки', 'main fabric composition: 75% POLYESTER, 25% POLYAMIDE\nComposition_lining fabric 1: 85% POLYAMIDE, 15% ELASTAN', 'склад головної тканини: 75% ПОЛІЕСТЕР, 25% ПОЛІАМІД\r\nСклад_підкладочка тканина 1: 85% ПОЛІАМІД, 15% ЕЛАСТАН', 'Lace bra', 'Мереживний бюстгальтер', 1, '4'),
(31, 'Піжамний комплект із двох предметів', 'pizhamnij-komplekt-iz-dvoh-predmetiv', 1, '499', '30', '349', 'вузькі бретельки\r\nквадратний виріз спереду і ззаду\r\nеластичний пояс із гумкою\r\nоборка по низу спідниці', 'склад головної тканини: 100% БАВОВНА\r\nСклад_підкладочка тканина 1: 100% БАВОВНА', '', '', 2, '2022-10-13 13:18:32.764000', 15, 1, 1, 8, 'narrow straps\nsquare cut in front and back\nelastic belt with elastic band\nfrill on the bottom of the skirt\"', 'вузькі бретельки\r\nквадратний виріз спереду і ззаду\r\nеластичний пояс із гумкою\r\nоборка по низу спідниці', 'main fabric composition: 100% COTTON\nComposition_lining fabric 1: 100% COTTON', 'склад головної тканини: 100% БАВОВНА\r\nСклад_підкладочка тканина 1: 100% БАВОВНА', 'Two-piece pajama set', 'Піжамний комплект із двох предметів', 0, '5'),
(32, 'Джемпер із високим вмістом вовни UNISEX', 'dzhemper-iz-visokim-vmistom-vovni-unisex', 1, '1999', '50', '1000', 'кругла горловина\r\n\r\n\r\nзріст моделі: 188 cm\r\n\r\nНа моделі розмір M/38', 'склад головної тканини: 70% ВОВНА ОВЕЧА/ЯГНЯЧА, 30% ПОЛІАМІД', '', '', 5, '2022-10-13 13:20:31.831000', 3, 1, 1, 7, '\"round neck\n\n\nheight of the model: 188 cm\n\nModel size M/38\"', 'кругла горловина\r\n\r\n\r\nзріст моделі: 188 cm\r\n\r\nНа моделі розмір M/38', 'main fabric composition: 70% SHEEP/LAMB WOOL, 30% POLYAMIDE', 'склад головної тканини: 70% ВОВНА ОВЕЧА/ЯГНЯЧА, 30% ПОЛІАМІД', 'UNISEX high wool jumper', 'Джемпер із високим вмістом вовни UNISEX', 1, '3'),
(33, 'Джемпер із написом', 'dzhemper-iz-napisom', 1, '799', '25', '599', 'кругла горловина\r\nопущена лінія плечей', 'склад головної тканини: 60% БАВОВНА, 40% АКРИЛ', '', '', 6, '2022-10-13 13:22:02.927000', 3, 1, 1, 5, '\"round neck\ndropped shoulder line\"', 'кругла горловина\r\nопущена лінія плечей', 'main fabric composition: 60% COTTON, 40% ACRYLIC', 'склад головної тканини: 60% БАВОВНА, 40% АКРИЛ', 'Jumper with an inscription', 'Джемпер із написом', 0, '5');

-- --------------------------------------------------------

--
-- Table structure for table `shop_product_tags`
--
-- Creation: Nov 01, 2022 at 09:44 AM
--

DROP TABLE IF EXISTS `shop_product_tags`;
CREATE TABLE `shop_product_tags` (
  `id` bigint(20) NOT NULL,
  `product_id` bigint(20) NOT NULL,
  `tag_id` bigint(20) NOT NULL
) ENGINE=InnoDB DEFAULT CHARSET=utf8;

--
-- Dumping data for table `shop_product_tags`
--

INSERT INTO `shop_product_tags` (`id`, `product_id`, `tag_id`) VALUES
(1, 13, 1),
(2, 13, 2),
(3, 13, 5),
(4, 14, 1),
(5, 14, 2),
(6, 14, 3),
(7, 14, 4),
(8, 14, 5),
(9, 16, 3),
(10, 16, 5),
(11, 17, 1),
(12, 17, 2),
(13, 17, 3),
(14, 17, 5),
(15, 19, 1),
(16, 19, 2),
(17, 19, 5),
(18, 20, 1),
(19, 20, 2),
(20, 20, 4),
(21, 20, 5),
(22, 21, 2),
(23, 21, 4),
(24, 22, 4),
(25, 22, 5),
(26, 23, 1),
(27, 23, 2),
(28, 23, 3),
(29, 23, 4),
(30, 23, 5),
(31, 24, 2),
(32, 24, 3),
(33, 24, 5),
(34, 25, 1),
(35, 25, 2),
(36, 25, 4),
(37, 25, 5),
(38, 26, 6),
(39, 27, 6),
(40, 28, 6),
(41, 29, 6),
(42, 30, 6),
(43, 31, 6),
(44, 32, 6),
(45, 33, 6);

-- --------------------------------------------------------

--
-- Table structure for table `shop_reviews`
--
-- Creation: Nov 01, 2022 at 09:44 AM
--

DROP TABLE IF EXISTS `shop_reviews`;
CREATE TABLE `shop_reviews` (
  `id` bigint(20) NOT NULL,
  `text` longtext NOT NULL,
  `rating` int(11) NOT NULL,
  `product_id` bigint(20) NOT NULL,
  `user_id` bigint(20) NOT NULL,
  `created` datetime(6) NOT NULL,
  `updated` datetime(6) NOT NULL
) ENGINE=InnoDB DEFAULT CHARSET=utf8;

--
-- Dumping data for table `shop_reviews`
--

INSERT INTO `shop_reviews` (`id`, `text`, `rating`, `product_id`, `user_id`, `created`, `updated`) VALUES
(1, 'Гарний товар!', 4, 20, 1, '2022-10-24 14:25:04.284000', '2022-10-25 04:07:37.122000'),
(2, 'Дуже чудовий товар!!!', 3, 20, 11, '2022-10-24 17:22:31.589000', '2022-10-25 04:09:57.730000'),
(3, 'Good', 5, 13, 1, '2022-10-25 04:33:18.066000', '2022-10-25 04:33:18.066000'),
(4, 'Ok', 3, 32, 1, '2022-10-25 04:33:29.278000', '2022-10-25 04:33:29.278000'),
(5, 'kksldf dsfsfsd', 2, 28, 1, '2022-11-16 12:08:52.908067', '2022-11-16 12:08:52.908067'),
(6, 'VEry Good!', 4, 14, 1, '2022-11-22 08:53:32.862405', '2022-11-22 08:53:32.862405'),
(7, 'Oh good', 4, 19, 1, '2022-12-04 14:12:48.812781', '2022-12-04 14:12:48.812818'),
(8, 'Normal good', 3, 16, 1, '2022-12-11 14:36:59.541378', '2022-12-11 14:36:59.541378'),
(9, 'Nice', 3, 18, 1, '2022-12-12 10:49:02.754813', '2022-12-20 13:57:17.013602'),
(10, 'ddd', 4, 30, 188, '2023-01-08 17:00:21.854666', '2023-01-08 17:00:21.854666'),
(11, '5', 5, 24, 188, '2023-01-16 08:01:28.714994', '2023-01-16 13:02:19.470350'),
(12, '33', 3, 29, 188, '2023-01-16 08:35:32.388169', '2023-01-16 08:39:26.746622'),
(13, '3', 3, 23, 188, '2023-01-16 08:45:06.251096', '2023-01-16 13:24:53.128927'),
(14, '5', 5, 20, 188, '2023-01-16 09:11:57.781996', '2023-01-16 09:11:57.781996'),
(15, '5', 5, 18, 188, '2023-01-16 09:24:48.537438', '2023-01-16 09:32:58.639875'),
(16, '5', 5, 14, 188, '2023-01-16 13:56:42.001365', '2023-01-16 13:56:42.001487');

-- --------------------------------------------------------

--
-- Table structure for table `shop_size`
--
-- Creation: Nov 01, 2022 at 09:43 AM
--

DROP TABLE IF EXISTS `shop_size`;
CREATE TABLE `shop_size` (
  `id` bigint(20) NOT NULL,
  `value` varchar(15) DEFAULT NULL
) ENGINE=InnoDB DEFAULT CHARSET=utf8;

--
-- Dumping data for table `shop_size`
--

INSERT INTO `shop_size` (`id`, `value`) VALUES
(1, 'Не вибраний роз'),
(12, 'XS'),
(13, 'S'),
(14, 'M'),
(15, 'L'),
(16, 'XL'),
(17, 'XXL'),
(18, 'XXXL'),
(19, 'no size');

-- --------------------------------------------------------

--
-- Table structure for table `shop_tag`
--
-- Creation: Nov 01, 2022 at 09:44 AM
--

DROP TABLE IF EXISTS `shop_tag`;
CREATE TABLE `shop_tag` (
  `id` bigint(20) NOT NULL,
  `title` varchar(50) NOT NULL,
  `title_two` varchar(50) NOT NULL,
  `slug` varchar(50) NOT NULL,
  `description` longtext NOT NULL,
  `is_active` tinyint(1) NOT NULL,
  `picture` varchar(100) DEFAULT NULL,
  `description_en` longtext,
  `description_uk` longtext,
  `title_en` varchar(50) DEFAULT NULL,
  `title_two_en` varchar(50) DEFAULT NULL,
  `title_two_uk` varchar(50) DEFAULT NULL,
  `title_uk` varchar(50) DEFAULT NULL
) ENGINE=InnoDB DEFAULT CHARSET=utf8;

--
-- Dumping data for table `shop_tag`
--

INSERT INTO `shop_tag` (`id`, `title`, `title_two`, `slug`, `description`, `is_active`, `picture`, `description_en`, `description_uk`, `title_en`, `title_two_en`, `title_two_uk`, `title_uk`) VALUES
(1, 'МІЖСЕЗОННИЙ РОЗПРОДАЖ', 'ДО -50%', 'mizhsezonnij-rozprodazh', 'ДО -50%', 1, 'photo/2022/10/06/600x450px-kafle-menu-newin-lds-260922.jpg', 'UP TO -50%', 'ДО -50%', 'MID-SEASON SALE', 'UP TO -50%', 'ДО -50%', 'МІЖСЕЗОННИЙ РОЗПРОДАЖ'),
(2, 'АКЦІЯ ОСІНЬ 2022', 'до - 20%', 'autumn-2022-compaign', 'до - 20%', 1, 'photo/2022/10/06/baner-full-kampania-AW-lds-podstrona-1900x950px-130922.jpg', 'UP TO -20%', 'до - 20%', 'AUTUMN 2022 COMPAIGN', 'UP TO -20%', 'до - 20%', 'АКЦІЯ ОСІНЬ 2022'),
(3, 'Помічено: Новинка AW22!', 'Дозвольте Парижу надихнути вас на стильні образи.', 'pomicheno-novinka-aw22', 'Дозвольте Парижу надихнути вас на стильні образи.', 1, 'photo/2022/10/06/hmgoepprod.jpg', 'Let Paris inspire you with stylish looks.', 'Дозвольте Парижу надихнути вас на стильні образи.', 'Spotted: New for AW22!', 'Let Paris inspire you with stylish looks.', 'Дозвольте Парижу надихнути вас на стильні образи.', 'Помічено: Новинка AW22!'),
(4, 'Танцпол відкрито', 'До - 25%', 'tancpol-vidkrito', 'До - 25%', 1, 'photo/2022/10/06/hmgoepprod_1.jpg', 'UP TO -25%', 'До - 25%', 'The dance floor is open', 'UP TO -25%', 'До - 25%', 'Танцпол відкрито'),
(5, 'Нові осінні надходження', 'Створіть ретро-естетику 70-х', 'novi-osinni-nadhodzhennya', 'Створіть ретро-естетику 70-х із клітинками та розслабленими силуетами.', 1, 'photo/2022/10/06/hmgoepprod_2.jpg', 'Create a retro 70s aesthetic with checks and relaxed silhouettes.', 'Створіть ретро-естетику 70-х із клітинками та розслабленими силуетами.', 'New autumn arrivals', 'Create a retro 70s aesthetic with checks and relax', 'Створіть ретро-естетику 70-х', 'Нові осінні надходження'),
(6, 'Максимальні знижки', 'ДО -50%', 'maksimalni-znizhki', 'ДО -50%', 1, 'photo/2022/10/13/house_newsletter-30-09.jpg', 'UP TO -50%', 'ДО -50%', 'Maximum discounts', 'UP TO -50%', 'ДО -50%', 'Максимальні знижки');

-- --------------------------------------------------------

--
-- Table structure for table `users_emailfornews`
--
-- Creation: Nov 01, 2022 at 09:44 AM
-- Last update: Jan 20, 2023 at 04:12 PM
--

DROP TABLE IF EXISTS `users_emailfornews`;
CREATE TABLE `users_emailfornews` (
  `id` bigint(20) NOT NULL,
  `email` varchar(254) NOT NULL,
  `is_active` tinyint(1) NOT NULL
) ENGINE=InnoDB DEFAULT CHARSET=utf8;

--
-- Dumping data for table `users_emailfornews`
--

INSERT INTO `users_emailfornews` (`id`, `email`, `is_active`) VALUES
(1, 'dp131196tov@gmail.com', 1),
(2, 'rocky@gmail.com', 1),
(3, 'rojfghgcky01396@gmail.com', 1),
(4, 'cvxxzc@gmail.com', 1),
(5, 'gfdgfd@gmail.com', 1),
(6, 'rocky01396@gmail.com', 1),
(7, 'ilonasherbyna@gmail.com', 1),
(8, 'vxcm@gmail.com', 1),
(9, 'olegtsynkovskiy@gmail.com', 1),
(10, 'msdgn@gmail.com', 1),
(11, 'fafadfas@gmail.com', 1),
(12, 'rock@gmail.com', 1),
(13, 'dfsfdf@gmail.com', 1),
(14, 'rockyadsdas@gmail.com', 1),
(15, 'rockyteweyrw@gmail.com', 1),
(16, 'rockyaa@gmail.com', 1),
(17, 'rockyyerrue@gmail.com', 1),
(18, 'rockydd@gmail.com', 1),
(19, 'rocasdky@gmail.com', 1),
(20, 'rocgdfg@gmail.com', 1),
(21, 'rockylksdfs@gmail.com', 1),
(22, 'rockyjlksfd@gmail.com', 1),
(23, 'rockykljs@gmail.com', 1),
(24, 'ilonasherbyndda@gmail.com', 1),
(25, 'rockyvsljkadsjd@gmail.vom', 1),
(26, 'rocky@gmail.co', 1),
(27, '123213@gmail.com', 1),
(28, 'rocky12@gmail.com', 1),
(29, 'rockygs@gmail.com', 1),
(30, 'hdf@gmail.com', 1),
(31, 'sdfsdf@gmail.com', 1),
(32, 'afas@gmail.com', 1),
(33, 'afajs@gmail.com', 1),
(34, 'rockydasd@gmail.com', 1),
(35, 'rockygssd@gmail.com', 1),
(36, 'Frank@gmail.com', 1),
(37, 'GOG@gmail.com', 1),
(38, 'Faraafa@gmail.com', 1),
(39, 'rockyerwrewrwerwer@gmail.com', 1),
(40, 'Rocky01396r@gmail.com', 1),
(41, 'q@gmail.com', 1);

-- --------------------------------------------------------

--
-- Table structure for table `users_user`
--
-- Creation: Nov 01, 2022 at 09:44 AM
-- Last update: Jan 20, 2023 at 04:29 PM
--

DROP TABLE IF EXISTS `users_user`;
CREATE TABLE `users_user` (
  `id` bigint(20) NOT NULL,
  `password` varchar(128) NOT NULL,
  `last_login` datetime(6) DEFAULT NULL,
  `is_superuser` tinyint(1) NOT NULL,
  `first_name` varchar(150) NOT NULL,
  `last_name` varchar(150) NOT NULL,
  `is_staff` tinyint(1) NOT NULL,
  `is_active` tinyint(1) NOT NULL,
  `date_joined` datetime(6) NOT NULL,
  `email` varchar(254) NOT NULL,
  `additional_information` varchar(300) DEFAULT NULL,
  `address` varchar(200) DEFAULT NULL,
  `city` varchar(200) DEFAULT NULL,
  `phone_number` varchar(200) DEFAULT NULL,
  `postcode` varchar(200) DEFAULT NULL,
  `birthday` date DEFAULT NULL
) ENGINE=InnoDB DEFAULT CHARSET=utf8;

--
-- Dumping data for table `users_user`
--

INSERT INTO `users_user` (`id`, `password`, `last_login`, `is_superuser`, `first_name`, `last_name`, `is_staff`, `is_active`, `date_joined`, `email`, `additional_information`, `address`, `city`, `phone_number`, `postcode`, `birthday`) VALUES
(1, 'pbkdf2_sha256$390000$i7Q6t4Eu0xFpmGV00Esqet$2XVp/QbjFJSfubJKNLtaA6kl7UOI38ICEFKrTR4qKhE=', '2022-12-20 13:56:33.726517', 1, 'Олег', 'Цинковський', 1, 1, '2022-10-16 13:43:32.000000', 'rocky01396@gmail.com', '', 'Соборна 126', 'Lviv', '+380631959083', '16730', '1010-10-10'),
(2, 'pbkdf2_sha256$390000$LkLggCYY3HTA6IlAbAloy9$coAa3raiE5Q1OFyojhpcHf5ewjcjDgag2TJLGEkKrsc=', NULL, 0, 'Serg', '', 0, 1, '2022-10-17 05:59:02.000000', 'dp131196tov@gmail.com', NULL, NULL, NULL, NULL, NULL, '2022-10-04'),
(3, 'pbkdf2_sha256$390000$o6Zh4hYGwUICBlx0I9JaRp$GKN0CJXxVlyqpUopkxcQjKEUWTP2dCrpRXvey8CCu+0=', '2022-10-17 06:40:48.145000', 0, '', '', 0, 1, '2022-10-17 06:40:47.880000', 'roll@gmail.com', NULL, NULL, NULL, NULL, NULL, NULL),
(4, 'pbkdf2_sha256$390000$oMTCrsxbEHDjTt9MsgeHY1$oN31TKqtm1wn9PdUXCiMKXH/62J44AUss3pJUZKSG0s=', '2022-10-20 10:07:07.693000', 0, '', '', 0, 1, '2022-10-20 10:07:07.419000', 'olegtsynkovskiy@gmail.com', NULL, NULL, NULL, NULL, NULL, NULL),
(5, 'pbkdf2_sha256$390000$F1o987RZ9O80ub0u4fY9bK$ffpVEe+iH3vwyH+FJc+PEuIrOXMJ8Lx1Rx7AhZygsuY=', '2022-10-21 06:04:24.299000', 0, 'Frank', 'Dar', 0, 1, '2022-10-21 06:04:24.051000', 'dp131196tov1@gmail.com', '', '', '', '', '16730', NULL),
(6, 'pbkdf2_sha256$390000$MyihwzYzJ66OHEP8vr3LUs$pjV/WsGva9PUWBRyb9SykWo3nBkUa38cdif+sFe/aT4=', '2022-10-21 06:33:25.006000', 0, '', '', 0, 1, '2022-10-21 06:33:24.730000', 'rocky01397@gmail.com', NULL, NULL, NULL, NULL, NULL, NULL),
(7, 'pbkdf2_sha256$390000$A0UK5zr77TJbzdrxu7LKPn$DRlT/p60j76hVt26sde2YdcWl+riZnyDGPXMbYueoKI=', NULL, 0, '', '', 0, 1, '2022-10-21 06:36:24.792000', 'rocky013968@gmail.com', NULL, NULL, NULL, NULL, NULL, NULL),
(8, 'pbkdf2_sha256$390000$BsW41Swjogyd9J87gsbUEh$hMaOaGSR89HliXdoBT00a3JvTFxTKeB7rsJTYRhSNcE=', '2022-10-21 06:37:35.111000', 0, '', '', 0, 1, '2022-10-21 06:37:34.854000', 'rocky013969@gmail.com', NULL, NULL, NULL, NULL, NULL, NULL),
(9, 'pbkdf2_sha256$390000$YsmEdXH72lewMhGzEZ2HOk$jFjgzEP+1/aXfQPIqwtjsD5L6I2Kkh2jKVdV9m8nrkE=', '2022-10-21 08:08:09.952000', 0, '', '', 0, 1, '2022-10-21 08:08:09.680000', 'rocky01394545@gmail.com', NULL, NULL, NULL, NULL, NULL, NULL),
(10, 'pbkdf2_sha256$390000$8xyx0677uJT8SasGy2Drx7$iSCgyY6FVU4epRDnYMwhpSXBvFGWYH1MwXxvgzwAD/o=', '2022-10-21 08:14:01.838000', 0, '', '', 0, 1, '2022-10-21 08:14:01.571000', 'rojfghgcky01396@gmail.com', NULL, NULL, NULL, NULL, NULL, NULL),
(11, 'pbkdf2_sha256$390000$VfzCd9C0TDkJZhAfdTKkWu$at0tTLCF3dZ/V3UIq80TuLp/bGG9/AEoNahsHrDXHGY=', '2022-10-24 17:22:05.537000', 0, '', '', 0, 1, '2022-10-24 17:22:05.253000', 'rock@gmail.com', NULL, NULL, NULL, NULL, NULL, NULL),
(12, 'pbkdf2_sha256$390000$lXrYtcoawXvGt6GkVzjpgY$7L4ha0/eK8ydpabxTNekTsKUBIyY54LcycY6vqNgBwg=', '2022-10-25 04:59:08.868000', 0, '', '', 0, 1, '2022-10-25 04:59:08.583000', 'dfsfdf@gmail.com', NULL, NULL, NULL, NULL, NULL, NULL),
(186, 'pbkdf2_sha256$390000$SfhWWeD63qMTw4Bam3neIY$p8t2PrSo+6DbKN6bEAlfCwynLL6NKOvrM8vNK+G4TNU=', '2022-12-01 09:09:30.944266', 0, 'Frank', '', 0, 1, '2022-12-01 09:09:30.696083', 'Frank@gmail.com', NULL, NULL, NULL, NULL, NULL, NULL),
(187, 'pbkdf2_sha256$390000$W7twkdFnQ6JExPDTDaMZVA$BbLPT6h2ueuRGXcSVkfiKi9szDwYbjvNcSqexIn/J+Y=', '2022-12-01 09:11:17.045424', 0, '', '', 0, 1, '2022-12-01 09:11:16.802627', 'GOG@gmail.com', NULL, NULL, NULL, NULL, NULL, NULL),
(188, 'pbkdf2_sha256$390000$u8dLqywpNQti9SLkGAdAUY$0bcn/J5PV5tkuBgQyhfnR3Hfrom38wQR2Y+Zhctxzys=', '2023-01-20 16:29:54.616842', 1, '', '', 1, 1, '2023-01-06 06:24:56.584307', 'q@gmail.com', NULL, NULL, NULL, NULL, NULL, NULL);

-- --------------------------------------------------------

--
-- Table structure for table `users_user_groups`
--
-- Creation: Nov 01, 2022 at 09:43 AM
--

DROP TABLE IF EXISTS `users_user_groups`;
CREATE TABLE `users_user_groups` (
  `id` bigint(20) NOT NULL,
  `user_id` bigint(20) NOT NULL,
  `group_id` int(11) NOT NULL
) ENGINE=InnoDB DEFAULT CHARSET=utf8;

-- --------------------------------------------------------

--
-- Table structure for table `users_user_user_permissions`
--
-- Creation: Nov 01, 2022 at 09:43 AM
--

DROP TABLE IF EXISTS `users_user_user_permissions`;
CREATE TABLE `users_user_user_permissions` (
  `id` bigint(20) NOT NULL,
  `user_id` bigint(20) NOT NULL,
  `permission_id` int(11) NOT NULL
) ENGINE=InnoDB DEFAULT CHARSET=utf8;

--
-- Indexes for dumped tables
--

--
-- Indexes for table `auth_group`
--
ALTER TABLE `auth_group`
  ADD PRIMARY KEY (`id`),
  ADD UNIQUE KEY `name` (`name`);

--
-- Indexes for table `auth_group_permissions`
--
ALTER TABLE `auth_group_permissions`
  ADD PRIMARY KEY (`id`),
  ADD UNIQUE KEY `auth_group_permissions_group_id_permission_id_0cd325b0_uniq` (`group_id`,`permission_id`),
  ADD KEY `auth_group_permissio_permission_id_84c5c92e_fk_auth_perm` (`permission_id`);

--
-- Indexes for table `auth_permission`
--
ALTER TABLE `auth_permission`
  ADD PRIMARY KEY (`id`),
  ADD UNIQUE KEY `auth_permission_content_type_id_codename_01ab375a_uniq` (`content_type_id`,`codename`);

--
-- Indexes for table `basket_productinbasket`
--
ALTER TABLE `basket_productinbasket`
  ADD PRIMARY KEY (`id`),
  ADD KEY `basket_productinbask_color_id_080a1ec2_fk_shop_attr` (`color_id`),
  ADD KEY `basket_productinbasket_product_id_7e3055bd_fk_shop_product_id` (`product_id`),
  ADD KEY `basket_productinbasket_size_id_e1c8c27d_fk_shop_attributesize_id` (`size_id`);

--
-- Indexes for table `captcha_captchastore`
--
ALTER TABLE `captcha_captchastore`
  ADD PRIMARY KEY (`id`),
  ADD UNIQUE KEY `hashkey` (`hashkey`);

--
-- Indexes for table `django_admin_log`
--
ALTER TABLE `django_admin_log`
  ADD PRIMARY KEY (`id`),
  ADD KEY `django_admin_log_content_type_id_c4bce8eb_fk_django_co` (`content_type_id`),
  ADD KEY `django_admin_log_user_id_c564eba6_fk_users_user_id` (`user_id`);

--
-- Indexes for table `django_content_type`
--
ALTER TABLE `django_content_type`
  ADD PRIMARY KEY (`id`),
  ADD UNIQUE KEY `django_content_type_app_label_model_76bd3d3b_uniq` (`app_label`,`model`);

--
-- Indexes for table `django_migrations`
--
ALTER TABLE `django_migrations`
  ADD PRIMARY KEY (`id`);

--
-- Indexes for table `django_session`
--
ALTER TABLE `django_session`
  ADD PRIMARY KEY (`session_key`),
  ADD KEY `django_session_expire_date_a5c62663` (`expire_date`);

--
-- Indexes for table `favorite_favorite`
--
ALTER TABLE `favorite_favorite`
  ADD PRIMARY KEY (`id`),
  ADD KEY `favorite_favorite_color_id_778597fd_fk_shop_attributecolor_id` (`color_id`),
  ADD KEY `favorite_favorite_product_id_ca0cd89c_fk_shop_product_id` (`product_id`),
  ADD KEY `favorite_favorite_size_id_149bc31c_fk_shop_attributesize_id` (`size_id`);

--
-- Indexes for table `news_category`
--
ALTER TABLE `news_category`
  ADD PRIMARY KEY (`id`),
  ADD UNIQUE KEY `slug` (`slug`),
  ADD KEY `news_category_title_175a164c` (`title`),
  ADD KEY `news_category_title_en_cce35430` (`title_en`),
  ADD KEY `news_category_title_uk_77148beb` (`title_uk`);

--
-- Indexes for table `news_news`
--
ALTER TABLE `news_news`
  ADD PRIMARY KEY (`id`),
  ADD UNIQUE KEY `slug` (`slug`),
  ADD KEY `news_news_category_id_f060a768_fk_news_category_id` (`category_id`);

--
-- Indexes for table `orders_goodsintheorder`
--
ALTER TABLE `orders_goodsintheorder`
  ADD PRIMARY KEY (`id`),
  ADD KEY `orders_goodsintheorder_order_id_dd4cd74a_fk_orders_order_id` (`order_id`),
  ADD KEY `orders_goodsintheorder_product_id_379895fd_fk_shop_product_id` (`product_id`),
  ADD KEY `orders_goodsintheord_color_id_c11bd1f1_fk_shop_attr` (`color_id`),
  ADD KEY `orders_goodsintheorder_size_id_af0dafe3_fk_shop_attributesize_id` (`size_id`);

--
-- Indexes for table `orders_order`
--
ALTER TABLE `orders_order`
  ADD PRIMARY KEY (`id`),
  ADD KEY `orders_order_delivery_id_8f6e0d69_fk_shop_delivery_id` (`delivery_id`),
  ADD KEY `orders_order_payment_method_id_532d9073_fk_orders_pa` (`payment_method_id`),
  ADD KEY `orders_order_status_id_d80abc38_fk_orders_status_id` (`status_id`),
  ADD KEY `orders_order_promo_code_id_a397bd1c` (`promo_code_id`),
  ADD KEY `orders_order_user_id_e9b59eb1_fk_users_user_id` (`user_id`);

--
-- Indexes for table `orders_paymentmethod`
--
ALTER TABLE `orders_paymentmethod`
  ADD PRIMARY KEY (`id`);

--
-- Indexes for table `orders_promocode`
--
ALTER TABLE `orders_promocode`
  ADD PRIMARY KEY (`id`);

--
-- Indexes for table `orders_status`
--
ALTER TABLE `orders_status`
  ADD PRIMARY KEY (`id`);

--
-- Indexes for table `shop_attributecolor`
--
ALTER TABLE `shop_attributecolor`
  ADD PRIMARY KEY (`id`),
  ADD KEY `shop_attributecolor_color_id_208206dd_fk_shop_color_id` (`color_id`),
  ADD KEY `shop_attributecolor_product_id_520bb704_fk_shop_product_id` (`product_id`);

--
-- Indexes for table `shop_attributecolorimage`
--
ALTER TABLE `shop_attributecolorimage`
  ADD PRIMARY KEY (`id`),
  ADD KEY `shop_attributecolori_product_id_af8c605b_fk_shop_attr` (`product_id`);

--
-- Indexes for table `shop_attributesize`
--
ALTER TABLE `shop_attributesize`
  ADD PRIMARY KEY (`id`),
  ADD KEY `shop_attributesize_product_id_a144fece_fk_shop_attributecolor_id` (`product_id`),
  ADD KEY `shop_attributesize_size_id_49d8be52_fk_shop_size_id` (`size_id`);

--
-- Indexes for table `shop_banner`
--
ALTER TABLE `shop_banner`
  ADD PRIMARY KEY (`id`),
  ADD UNIQUE KEY `title` (`title`),
  ADD UNIQUE KEY `title_en` (`title_en`),
  ADD UNIQUE KEY `title_uk` (`title_uk`),
  ADD KEY `shop_banner_tag_id_807f6943_fk_shop_tag_id` (`tag_id`);

--
-- Indexes for table `shop_category`
--
ALTER TABLE `shop_category`
  ADD PRIMARY KEY (`id`),
  ADD UNIQUE KEY `title` (`title`),
  ADD UNIQUE KEY `slug` (`slug`),
  ADD UNIQUE KEY `title_en` (`title_en`),
  ADD UNIQUE KEY `title_uk` (`title_uk`),
  ADD KEY `shop_category_tree_id_c48d9e64` (`tree_id`),
  ADD KEY `shop_category_parent_id_901626c9` (`parent_id`);

--
-- Indexes for table `shop_color`
--
ALTER TABLE `shop_color`
  ADD PRIMARY KEY (`id`);

--
-- Indexes for table `shop_country`
--
ALTER TABLE `shop_country`
  ADD PRIMARY KEY (`id`),
  ADD UNIQUE KEY `title` (`title`),
  ADD UNIQUE KEY `slug` (`slug`),
  ADD UNIQUE KEY `title_en` (`title_en`),
  ADD UNIQUE KEY `title_uk` (`title_uk`);

--
-- Indexes for table `shop_currency`
--
ALTER TABLE `shop_currency`
  ADD PRIMARY KEY (`id`),
  ADD UNIQUE KEY `title` (`title`);

--
-- Indexes for table `shop_defaultvarieties`
--
ALTER TABLE `shop_defaultvarieties`
  ADD PRIMARY KEY (`id`),
  ADD UNIQUE KEY `product_id` (`product_id`),
  ADD KEY `shop_defaultvarietie_color_id_92b52018_fk_shop_attr` (`color_id`),
  ADD KEY `shop_defaultvarieties_size_id_c32d63ac_fk_shop_attributesize_id` (`size_id`);

--
-- Indexes for table `shop_delivery`
--
ALTER TABLE `shop_delivery`
  ADD PRIMARY KEY (`id`);

--
-- Indexes for table `shop_manufacturer`
--
ALTER TABLE `shop_manufacturer`
  ADD PRIMARY KEY (`id`),
  ADD UNIQUE KEY `title` (`title`),
  ADD UNIQUE KEY `slug` (`slug`);

--
-- Indexes for table `shop_product`
--
ALTER TABLE `shop_product`
  ADD PRIMARY KEY (`id`),
  ADD UNIQUE KEY `slug` (`slug`),
  ADD KEY `shop_product_country_id_c32e0bca_fk_shop_country_id` (`country_id`),
  ADD KEY `shop_product_currency_id_32052b86_fk_shop_currency_id` (`currency_id`),
  ADD KEY `shop_product_manufacturer_id_aa6d23e4_fk_shop_manufacturer_id` (`manufacturer_id`),
  ADD KEY `shop_product_category_id_14d7eea8` (`category_id`);

--
-- Indexes for table `shop_product_tags`
--
ALTER TABLE `shop_product_tags`
  ADD PRIMARY KEY (`id`),
  ADD UNIQUE KEY `shop_product_tags_product_id_tag_id_a244154e_uniq` (`product_id`,`tag_id`),
  ADD KEY `shop_product_tags_tag_id_dd30c4fb_fk_shop_tag_id` (`tag_id`);

--
-- Indexes for table `shop_reviews`
--
ALTER TABLE `shop_reviews`
  ADD PRIMARY KEY (`id`),
  ADD UNIQUE KEY `shop_reviews_user_id_product_id_223753d9_uniq` (`user_id`,`product_id`),
  ADD KEY `shop_reviews_product_id_07f54715_fk_shop_product_id` (`product_id`);

--
-- Indexes for table `shop_size`
--
ALTER TABLE `shop_size`
  ADD PRIMARY KEY (`id`);

--
-- Indexes for table `shop_tag`
--
ALTER TABLE `shop_tag`
  ADD PRIMARY KEY (`id`),
  ADD UNIQUE KEY `title` (`title`),
  ADD UNIQUE KEY `title_en` (`title_en`),
  ADD UNIQUE KEY `title_uk` (`title_uk`),
  ADD KEY `shop_tag_slug_b8e185a1` (`slug`);

--
-- Indexes for table `users_emailfornews`
--
ALTER TABLE `users_emailfornews`
  ADD PRIMARY KEY (`id`),
  ADD UNIQUE KEY `users_emailfornews_email_2ef25429_uniq` (`email`);

--
-- Indexes for table `users_user`
--
ALTER TABLE `users_user`
  ADD PRIMARY KEY (`id`),
  ADD UNIQUE KEY `email` (`email`);

--
-- Indexes for table `users_user_groups`
--
ALTER TABLE `users_user_groups`
  ADD PRIMARY KEY (`id`),
  ADD UNIQUE KEY `users_user_groups_user_id_group_id_b88eab82_uniq` (`user_id`,`group_id`),
  ADD KEY `users_user_groups_group_id_9afc8d0e_fk_auth_group_id` (`group_id`);

--
-- Indexes for table `users_user_user_permissions`
--
ALTER TABLE `users_user_user_permissions`
  ADD PRIMARY KEY (`id`),
  ADD UNIQUE KEY `users_user_user_permissions_user_id_permission_id_43338c45_uniq` (`user_id`,`permission_id`),
  ADD KEY `users_user_user_perm_permission_id_0b93982e_fk_auth_perm` (`permission_id`);

--
-- AUTO_INCREMENT for dumped tables
--

--
-- AUTO_INCREMENT for table `auth_group`
--
ALTER TABLE `auth_group`
  MODIFY `id` int(11) NOT NULL AUTO_INCREMENT;

--
-- AUTO_INCREMENT for table `auth_group_permissions`
--
ALTER TABLE `auth_group_permissions`
  MODIFY `id` bigint(20) NOT NULL AUTO_INCREMENT;

--
-- AUTO_INCREMENT for table `auth_permission`
--
ALTER TABLE `auth_permission`
  MODIFY `id` int(11) NOT NULL AUTO_INCREMENT, AUTO_INCREMENT=133;

--
-- AUTO_INCREMENT for table `basket_productinbasket`
--
ALTER TABLE `basket_productinbasket`
  MODIFY `id` bigint(20) NOT NULL AUTO_INCREMENT, AUTO_INCREMENT=136;

--
-- AUTO_INCREMENT for table `captcha_captchastore`
--
ALTER TABLE `captcha_captchastore`
  MODIFY `id` int(11) NOT NULL AUTO_INCREMENT, AUTO_INCREMENT=7;

--
-- AUTO_INCREMENT for table `django_admin_log`
--
ALTER TABLE `django_admin_log`
  MODIFY `id` int(11) NOT NULL AUTO_INCREMENT, AUTO_INCREMENT=295;

--
-- AUTO_INCREMENT for table `django_content_type`
--
ALTER TABLE `django_content_type`
  MODIFY `id` int(11) NOT NULL AUTO_INCREMENT, AUTO_INCREMENT=34;

--
-- AUTO_INCREMENT for table `django_migrations`
--
ALTER TABLE `django_migrations`
  MODIFY `id` bigint(20) NOT NULL AUTO_INCREMENT, AUTO_INCREMENT=66;

--
-- AUTO_INCREMENT for table `favorite_favorite`
--
ALTER TABLE `favorite_favorite`
  MODIFY `id` bigint(20) NOT NULL AUTO_INCREMENT, AUTO_INCREMENT=60;

--
-- AUTO_INCREMENT for table `news_category`
--
ALTER TABLE `news_category`
  MODIFY `id` bigint(20) NOT NULL AUTO_INCREMENT, AUTO_INCREMENT=4;

--
-- AUTO_INCREMENT for table `news_news`
--
ALTER TABLE `news_news`
  MODIFY `id` bigint(20) NOT NULL AUTO_INCREMENT, AUTO_INCREMENT=8;

--
-- AUTO_INCREMENT for table `orders_goodsintheorder`
--
ALTER TABLE `orders_goodsintheorder`
  MODIFY `id` bigint(20) NOT NULL AUTO_INCREMENT, AUTO_INCREMENT=120;

--
-- AUTO_INCREMENT for table `orders_order`
--
ALTER TABLE `orders_order`
  MODIFY `id` bigint(20) NOT NULL AUTO_INCREMENT, AUTO_INCREMENT=79;

--
-- AUTO_INCREMENT for table `orders_paymentmethod`
--
ALTER TABLE `orders_paymentmethod`
  MODIFY `id` bigint(20) NOT NULL AUTO_INCREMENT, AUTO_INCREMENT=6;

--
-- AUTO_INCREMENT for table `orders_promocode`
--
ALTER TABLE `orders_promocode`
  MODIFY `id` bigint(20) NOT NULL AUTO_INCREMENT, AUTO_INCREMENT=2;

--
-- AUTO_INCREMENT for table `orders_status`
--
ALTER TABLE `orders_status`
  MODIFY `id` bigint(20) NOT NULL AUTO_INCREMENT, AUTO_INCREMENT=5;

--
-- AUTO_INCREMENT for table `shop_attributecolor`
--
ALTER TABLE `shop_attributecolor`
  MODIFY `id` bigint(20) NOT NULL AUTO_INCREMENT, AUTO_INCREMENT=52;

--
-- AUTO_INCREMENT for table `shop_attributecolorimage`
--
ALTER TABLE `shop_attributecolorimage`
  MODIFY `id` bigint(20) NOT NULL AUTO_INCREMENT, AUTO_INCREMENT=117;

--
-- AUTO_INCREMENT for table `shop_attributesize`
--
ALTER TABLE `shop_attributesize`
  MODIFY `id` bigint(20) NOT NULL AUTO_INCREMENT, AUTO_INCREMENT=517;

--
-- AUTO_INCREMENT for table `shop_banner`
--
ALTER TABLE `shop_banner`
  MODIFY `id` bigint(20) NOT NULL AUTO_INCREMENT, AUTO_INCREMENT=11;

--
-- AUTO_INCREMENT for table `shop_category`
--
ALTER TABLE `shop_category`
  MODIFY `id` bigint(20) NOT NULL AUTO_INCREMENT, AUTO_INCREMENT=16;

--
-- AUTO_INCREMENT for table `shop_color`
--
ALTER TABLE `shop_color`
  MODIFY `id` bigint(20) NOT NULL AUTO_INCREMENT, AUTO_INCREMENT=22;

--
-- AUTO_INCREMENT for table `shop_country`
--
ALTER TABLE `shop_country`
  MODIFY `id` bigint(20) NOT NULL AUTO_INCREMENT, AUTO_INCREMENT=2;

--
-- AUTO_INCREMENT for table `shop_currency`
--
ALTER TABLE `shop_currency`
  MODIFY `id` bigint(20) NOT NULL AUTO_INCREMENT, AUTO_INCREMENT=2;

--
-- AUTO_INCREMENT for table `shop_defaultvarieties`
--
ALTER TABLE `shop_defaultvarieties`
  MODIFY `id` bigint(20) NOT NULL AUTO_INCREMENT, AUTO_INCREMENT=25;

--
-- AUTO_INCREMENT for table `shop_delivery`
--
ALTER TABLE `shop_delivery`
  MODIFY `id` bigint(20) NOT NULL AUTO_INCREMENT, AUTO_INCREMENT=4;

--
-- AUTO_INCREMENT for table `shop_manufacturer`
--
ALTER TABLE `shop_manufacturer`
  MODIFY `id` bigint(20) NOT NULL AUTO_INCREMENT, AUTO_INCREMENT=10;

--
-- AUTO_INCREMENT for table `shop_product`
--
ALTER TABLE `shop_product`
  MODIFY `id` bigint(20) NOT NULL AUTO_INCREMENT, AUTO_INCREMENT=34;

--
-- AUTO_INCREMENT for table `shop_product_tags`
--
ALTER TABLE `shop_product_tags`
  MODIFY `id` bigint(20) NOT NULL AUTO_INCREMENT, AUTO_INCREMENT=46;

--
-- AUTO_INCREMENT for table `shop_reviews`
--
ALTER TABLE `shop_reviews`
  MODIFY `id` bigint(20) NOT NULL AUTO_INCREMENT, AUTO_INCREMENT=17;

--
-- AUTO_INCREMENT for table `shop_size`
--
ALTER TABLE `shop_size`
  MODIFY `id` bigint(20) NOT NULL AUTO_INCREMENT, AUTO_INCREMENT=20;

--
-- AUTO_INCREMENT for table `shop_tag`
--
ALTER TABLE `shop_tag`
  MODIFY `id` bigint(20) NOT NULL AUTO_INCREMENT, AUTO_INCREMENT=7;

--
-- AUTO_INCREMENT for table `users_emailfornews`
--
ALTER TABLE `users_emailfornews`
  MODIFY `id` bigint(20) NOT NULL AUTO_INCREMENT, AUTO_INCREMENT=42;

--
-- AUTO_INCREMENT for table `users_user`
--
ALTER TABLE `users_user`
  MODIFY `id` bigint(20) NOT NULL AUTO_INCREMENT, AUTO_INCREMENT=189;

--
-- AUTO_INCREMENT for table `users_user_groups`
--
ALTER TABLE `users_user_groups`
  MODIFY `id` bigint(20) NOT NULL AUTO_INCREMENT;

--
-- AUTO_INCREMENT for table `users_user_user_permissions`
--
ALTER TABLE `users_user_user_permissions`
  MODIFY `id` bigint(20) NOT NULL AUTO_INCREMENT;

--
-- Constraints for dumped tables
--

--
-- Constraints for table `auth_group_permissions`
--
ALTER TABLE `auth_group_permissions`
  ADD CONSTRAINT `auth_group_permissio_permission_id_84c5c92e_fk_auth_perm` FOREIGN KEY (`permission_id`) REFERENCES `auth_permission` (`id`),
  ADD CONSTRAINT `auth_group_permissions_group_id_b120cbf9_fk_auth_group_id` FOREIGN KEY (`group_id`) REFERENCES `auth_group` (`id`);

--
-- Constraints for table `auth_permission`
--
ALTER TABLE `auth_permission`
  ADD CONSTRAINT `auth_permission_content_type_id_2f476e4b_fk_django_co` FOREIGN KEY (`content_type_id`) REFERENCES `django_content_type` (`id`);

--
-- Constraints for table `basket_productinbasket`
--
ALTER TABLE `basket_productinbasket`
  ADD CONSTRAINT `basket_productinbask_color_id_080a1ec2_fk_shop_attr` FOREIGN KEY (`color_id`) REFERENCES `shop_attributecolor` (`id`),
  ADD CONSTRAINT `basket_productinbasket_product_id_7e3055bd_fk_shop_product_id` FOREIGN KEY (`product_id`) REFERENCES `shop_product` (`id`),
  ADD CONSTRAINT `basket_productinbasket_size_id_e1c8c27d_fk_shop_attributesize_id` FOREIGN KEY (`size_id`) REFERENCES `shop_attributesize` (`id`);

--
-- Constraints for table `django_admin_log`
--
ALTER TABLE `django_admin_log`
  ADD CONSTRAINT `django_admin_log_content_type_id_c4bce8eb_fk_django_co` FOREIGN KEY (`content_type_id`) REFERENCES `django_content_type` (`id`),
  ADD CONSTRAINT `django_admin_log_user_id_c564eba6_fk_users_user_id` FOREIGN KEY (`user_id`) REFERENCES `users_user` (`id`);

--
-- Constraints for table `favorite_favorite`
--
ALTER TABLE `favorite_favorite`
  ADD CONSTRAINT `favorite_favorite_color_id_778597fd_fk_shop_attributecolor_id` FOREIGN KEY (`color_id`) REFERENCES `shop_attributecolor` (`id`),
  ADD CONSTRAINT `favorite_favorite_product_id_ca0cd89c_fk_shop_product_id` FOREIGN KEY (`product_id`) REFERENCES `shop_product` (`id`),
  ADD CONSTRAINT `favorite_favorite_size_id_149bc31c_fk_shop_attributesize_id` FOREIGN KEY (`size_id`) REFERENCES `shop_attributesize` (`id`);

--
-- Constraints for table `news_news`
--
ALTER TABLE `news_news`
  ADD CONSTRAINT `news_news_category_id_f060a768_fk_news_category_id` FOREIGN KEY (`category_id`) REFERENCES `news_category` (`id`);

--
-- Constraints for table `orders_goodsintheorder`
--
ALTER TABLE `orders_goodsintheorder`
  ADD CONSTRAINT `orders_goodsintheord_color_id_c11bd1f1_fk_shop_attr` FOREIGN KEY (`color_id`) REFERENCES `shop_attributecolor` (`id`),
  ADD CONSTRAINT `orders_goodsintheorder_order_id_dd4cd74a_fk_orders_order_id` FOREIGN KEY (`order_id`) REFERENCES `orders_order` (`id`),
  ADD CONSTRAINT `orders_goodsintheorder_product_id_379895fd_fk_shop_product_id` FOREIGN KEY (`product_id`) REFERENCES `shop_product` (`id`),
  ADD CONSTRAINT `orders_goodsintheorder_size_id_af0dafe3_fk_shop_attributesize_id` FOREIGN KEY (`size_id`) REFERENCES `shop_attributesize` (`id`);

--
-- Constraints for table `orders_order`
--
ALTER TABLE `orders_order`
  ADD CONSTRAINT `orders_order_delivery_id_8f6e0d69_fk_shop_delivery_id` FOREIGN KEY (`delivery_id`) REFERENCES `shop_delivery` (`id`),
  ADD CONSTRAINT `orders_order_payment_method_id_532d9073_fk_orders_pa` FOREIGN KEY (`payment_method_id`) REFERENCES `orders_paymentmethod` (`id`),
  ADD CONSTRAINT `orders_order_promo_code_id_a397bd1c_fk_orders_promocode_id` FOREIGN KEY (`promo_code_id`) REFERENCES `orders_promocode` (`id`),
  ADD CONSTRAINT `orders_order_status_id_d80abc38_fk_orders_status_id` FOREIGN KEY (`status_id`) REFERENCES `orders_status` (`id`),
  ADD CONSTRAINT `orders_order_user_id_e9b59eb1_fk_users_user_id` FOREIGN KEY (`user_id`) REFERENCES `users_user` (`id`);

--
-- Constraints for table `shop_attributecolor`
--
ALTER TABLE `shop_attributecolor`
  ADD CONSTRAINT `shop_attributecolor_color_id_208206dd_fk_shop_color_id` FOREIGN KEY (`color_id`) REFERENCES `shop_color` (`id`),
  ADD CONSTRAINT `shop_attributecolor_product_id_520bb704_fk_shop_product_id` FOREIGN KEY (`product_id`) REFERENCES `shop_product` (`id`);

--
-- Constraints for table `shop_attributecolorimage`
--
ALTER TABLE `shop_attributecolorimage`
  ADD CONSTRAINT `shop_attributecolori_product_id_af8c605b_fk_shop_attr` FOREIGN KEY (`product_id`) REFERENCES `shop_attributecolor` (`id`);

--
-- Constraints for table `shop_attributesize`
--
ALTER TABLE `shop_attributesize`
  ADD CONSTRAINT `shop_attributesize_product_id_a144fece_fk_shop_attributecolor_id` FOREIGN KEY (`product_id`) REFERENCES `shop_attributecolor` (`id`),
  ADD CONSTRAINT `shop_attributesize_size_id_49d8be52_fk_shop_size_id` FOREIGN KEY (`size_id`) REFERENCES `shop_size` (`id`);

--
-- Constraints for table `shop_banner`
--
ALTER TABLE `shop_banner`
  ADD CONSTRAINT `shop_banner_tag_id_807f6943_fk_shop_tag_id` FOREIGN KEY (`tag_id`) REFERENCES `shop_tag` (`id`);

--
-- Constraints for table `shop_category`
--
ALTER TABLE `shop_category`
  ADD CONSTRAINT `shop_category_parent_id_901626c9_fk_shop_category_id` FOREIGN KEY (`parent_id`) REFERENCES `shop_category` (`id`);

--
-- Constraints for table `shop_defaultvarieties`
--
ALTER TABLE `shop_defaultvarieties`
  ADD CONSTRAINT `shop_defaultvarietie_color_id_92b52018_fk_shop_attr` FOREIGN KEY (`color_id`) REFERENCES `shop_attributecolor` (`id`),
  ADD CONSTRAINT `shop_defaultvarieties_product_id_45c09ae4_fk_shop_product_id` FOREIGN KEY (`product_id`) REFERENCES `shop_product` (`id`),
  ADD CONSTRAINT `shop_defaultvarieties_size_id_c32d63ac_fk_shop_attributesize_id` FOREIGN KEY (`size_id`) REFERENCES `shop_attributesize` (`id`);

--
-- Constraints for table `shop_product`
--
ALTER TABLE `shop_product`
  ADD CONSTRAINT `shop_product_category_id_14d7eea8_fk_shop_category_id` FOREIGN KEY (`category_id`) REFERENCES `shop_category` (`id`),
  ADD CONSTRAINT `shop_product_country_id_c32e0bca_fk_shop_country_id` FOREIGN KEY (`country_id`) REFERENCES `shop_country` (`id`),
  ADD CONSTRAINT `shop_product_currency_id_32052b86_fk_shop_currency_id` FOREIGN KEY (`currency_id`) REFERENCES `shop_currency` (`id`),
  ADD CONSTRAINT `shop_product_manufacturer_id_aa6d23e4_fk_shop_manufacturer_id` FOREIGN KEY (`manufacturer_id`) REFERENCES `shop_manufacturer` (`id`);

--
-- Constraints for table `shop_product_tags`
--
ALTER TABLE `shop_product_tags`
  ADD CONSTRAINT `shop_product_tags_product_id_9a158885_fk_shop_product_id` FOREIGN KEY (`product_id`) REFERENCES `shop_product` (`id`),
  ADD CONSTRAINT `shop_product_tags_tag_id_dd30c4fb_fk_shop_tag_id` FOREIGN KEY (`tag_id`) REFERENCES `shop_tag` (`id`);

--
-- Constraints for table `shop_reviews`
--
ALTER TABLE `shop_reviews`
  ADD CONSTRAINT `shop_reviews_product_id_07f54715_fk_shop_product_id` FOREIGN KEY (`product_id`) REFERENCES `shop_product` (`id`),
  ADD CONSTRAINT `shop_reviews_user_id_bf9a7459_fk_users_user_id` FOREIGN KEY (`user_id`) REFERENCES `users_user` (`id`);

--
-- Constraints for table `users_user_groups`
--
ALTER TABLE `users_user_groups`
  ADD CONSTRAINT `users_user_groups_group_id_9afc8d0e_fk_auth_group_id` FOREIGN KEY (`group_id`) REFERENCES `auth_group` (`id`),
  ADD CONSTRAINT `users_user_groups_user_id_5f6f5a90_fk_users_user_id` FOREIGN KEY (`user_id`) REFERENCES `users_user` (`id`);

--
-- Constraints for table `users_user_user_permissions`
--
ALTER TABLE `users_user_user_permissions`
  ADD CONSTRAINT `users_user_user_perm_permission_id_0b93982e_fk_auth_perm` FOREIGN KEY (`permission_id`) REFERENCES `auth_permission` (`id`),
  ADD CONSTRAINT `users_user_user_permissions_user_id_20aca447_fk_users_user_id` FOREIGN KEY (`user_id`) REFERENCES `users_user` (`id`);
COMMIT;

/*!40101 SET CHARACTER_SET_CLIENT=@OLD_CHARACTER_SET_CLIENT */;
/*!40101 SET CHARACTER_SET_RESULTS=@OLD_CHARACTER_SET_RESULTS */;
/*!40101 SET COLLATION_CONNECTION=@OLD_COLLATION_CONNECTION */;
